tarih,BOT_VEKILI,DONUS,DONUS_TREND,BUYUK_MOMENTUM,HAFTALIK_MOM,TREND_SEPET,TREND_DIP,BTC_TUT,SEPET_TUT
2023-01-02,0.04413464195576929,0.026355306895746965,0.0,0.04377290566658483,0.028747954680764014,0.054012128049640395,0.05145798807996227,0.003377315058600505,0.02924987480084204
2023-01-03,0.02491616463977954,-0.003589299376797108,0.0,0.06996856283856286,0.027196188680897664,0.0042791061732291875,-0.002869594560533237,0.0001385484322735664,0.017197064449494686
2023-01-04,0.021146128461731202,0.055479543459718894,0.0,0.00011027344991910012,0.02404619809800524,0.015706259830245806,0.05491990223919243,0.01050543382440261,0.023369844626899297
2023-01-05,-0.019934896202491625,-0.012437227546307937,-0.011800228323418703,-0.011339252777853078,-0.016174392719859286,-0.008278117650280999,-0.01972697408224326,-0.0010984928511914571,-0.01226446797834512
2023-01-06,0.017776975362780983,0.03331316953250606,0.03331316953250606,0.013729511843553052,0.02982675473444201,0.01945783584366733,0.05123603243145909,0.007058047689350921,0.017453048169050602
2023-01-07,0.01881604023328836,-0.0034133901565118587,-0.0034133901565118587,-0.00417060831031457,-0.006146888656527403,-0.005040225170763592,-0.007956890512861324,-0.00041768309769840695,-0.00231231035470347
2023-01-08,0.06647650078258766,0.08751567948916374,0.08751567948916374,0.032901140996761814,0.05506909274320863,0.04206856521542461,0.04835265970643991,0.010874921873017529,0.037557424193702726
2023-01-09,0.04306131568725164,0.03635622993738913,0.03635622993738913,0.05847760200535815,0.06767547495979387,0.06619698788719668,0.003338945812591577,0.0029443309514396443,0.06384560661513065
2023-01-10,0.035280892353281024,0.02121668568595535,0.02121668568595535,0.021249853409510615,0.013356691750328342,0.01987800366696367,0.0126598084860258,0.015275120995956515,0.019739774655375814
2023-01-11,0.00940543171409425,0.033724344001747605,0.033724344001747605,-0.017339133175663636,0.007295625172828684,0.01661696791965529,0.04029274060531615,0.02881771676071887,0.016170294435074714
2023-01-12,0.013427786565429516,0.057573164535108884,0.057573164535108884,0.013121773830517346,0.053857229689617744,0.042620331398314115,0.0867390932787428,0.05034536644957499,0.0422620117106168
2023-01-13,0.09769769649340207,0.03940303274020731,0.03940303274020731,0.06004293201532014,0.08914007682494168,0.0470273550473163,0.03537972666560443,0.05748457813655716,0.047106934604954624
2023-01-14,0.07196365012533576,0.046394348888589336,0.046394348888589336,0.13078386922393326,0.09882002347092499,0.07294462649080094,0.03613632026768302,0.0514254634092004,0.07437434181193783
2023-01-15,-0.0269267336321908,-0.005856428706534969,-0.005856428706534969,-0.010497215315219187,-0.004269471104158559,-0.006453712172978336,-0.011625865766862017,-0.003980926674976515,-0.006627184937000001
2023-01-16,-0.010739225451169718,-0.01418195972217833,-0.01418195972217833,0.00823368753403253,-0.01294511761144064,0.001921731168046562,-0.0005290501197991043,0.0150516254222266,0.0034878153141861736
2023-01-17,-0.02351788542844794,-0.010623201823051615,-0.010623201823051615,-0.03495028852937684,0.0040035803871090025,-0.010791012342272805,-0.010545619898754265,-0.0023997375582056613,-0.010918083795148161
2023-01-18,-0.06465251023759819,-0.058924125532861325,-0.058924125532861325,-0.007676342982049439,-0.05492384949816795,-0.029193667847777046,-0.04728061585357405,-0.02163918199406567,-0.029135591001232124
2023-01-19,0.020202006934809738,0.03718228357814802,0.03718228357814802,0.026528500948752955,0.04014456411419448,0.02815177235060277,0.042049976763637115,0.019060358931726196,0.02821210218201417
2023-01-20,0.13209103442848108,0.08740810664639134,0.08740810664639134,0.17207701254601648,0.13573928829004878,0.10825787714070126,0.10566838900396117,0.07572375886205074,0.10648511629449336
2023-01-21,-0.0014064207310838202,-0.02753977212805138,-0.02753977212805138,0.014478175296115193,-0.006298491727173526,-0.010118046920950958,-0.03159923345625772,0.0051325240292035,-0.0064778542322671525
2023-01-22,0.0185231669456316,0.016765587572173724,0.016765587572173724,0.048705018241416057,0.057278515515939855,0.021926126813701388,0.003557163274979719,-0.003321255906125198,0.023173899508034723
2023-01-23,0.0041241594032786185,0.036211593224671115,0.036211593224671115,0.026247953183618153,0.012461249526775622,0.018485622946621868,0.052644830367353804,0.009184917306239049,0.0025962947032934997
2023-01-24,-0.052717427193360145,-0.06303912128436251,-0.06303912128436251,-0.0573797793875949,-0.0671393308706896,-0.044939169140686575,-0.06388290137397548,-0.012373644259909389,-0.04502777110191548
2023-01-25,0.08317867224452542,0.0677316069846412,0.0677316069846412,0.173769212741136,0.11274572178276965,0.07985023314632042,0.0833283990106189,0.01891274158978362,0.08052584900691735
2023-01-26,0.01009709062908649,-0.010942128484823694,-0.010942128484823694,-0.009169504307634337,-0.01678009199182522,-0.009626391530597567,-0.01259091818907325,-0.002224107083232396,-0.009638225535270861
2023-01-27,0.026295391317730715,0.03960016355693417,0.03960016355693417,0.005565052143002404,0.018656240266591656,0.012591615357013934,0.03353806183639315,0.0028036063130034705,0.010635865127601585
2023-01-28,-0.010427101241545632,-0.017383895874469788,-0.017383895874469788,0.023282286432003956,-0.015041727068682778,0.004743839115555815,-0.020039798650015324,-0.0022345342148967218,0.00475747854571395
2023-01-29,0.025559278780351226,0.04524019250510471,0.04524019250510471,0.03740909885634561,0.03280472123215594,0.0384626309667427,0.04278883808783698,0.03126058742279336,0.03812546979648302
2023-01-30,-0.06396553928963829,-0.047039810258622944,-0.047039810258622944,-0.057088176046253415,-0.08251121750793947,-0.04993459376199172,-0.02644756086613233,-0.03858724723383988,-0.05077306426646027
2023-01-31,0.030789863694731693,0.01933741892472122,0.01933741892472122,0.04236450544139052,0.01596885328791406,0.01761287229191951,0.004520882799928599,0.01309813525276926,0.019150130469568698
2023-02-01,0.05428187967480895,0.04671887549620528,0.04671887549620528,0.01992466006389829,0.08708886490188977,0.033620684551460014,0.05244255418797003,0.026271419879585478,0.033256569895076596
2023-02-02,-0.03169012732610151,-0.00418521160649981,-0.00418521160649981,-0.04273113114842656,-0.025806953590620237,-0.01647374646213885,-0.003568160627079428,-0.010269392474337113,-0.016620343918710374
2023-02-03,0.05016804526455657,0.04951773859925019,0.04951773859925019,0.05798697936882291,0.03413486510780589,0.02555378374194162,0.05760927177064195,-0.002428376929737852,0.01638499628647091
2023-02-04,-0.0005298896788172793,-0.009845959911902753,-0.009845959911902753,0.03681634628066427,-0.011413632150154653,0.008647644944958802,-0.011270004456062032,-0.004483631288969336,0.011715789827095233
2023-02-05,0.01763042337292102,-0.009726774192725933,-0.009726774192725933,-0.031226065120508843,-0.04174222028153858,-0.02855048173772171,-0.045144438569238284,-0.016887413811729313,-0.028644210019856522
2023-02-06,-0.023386343156497,-0.00043479731490492354,-0.00043479731490492354,-0.013889546267650411,-0.008869649588083763,-0.020012443346135587,-0.02981301192943699,-0.007429933663019583,-0.01948561829442906
2023-02-07,0.0655014041331349,0.12147477429204807,-0.0015,0.0266574625885746,0.16139889819256267,0.03024818388097342,0.1508492228441868,0.020996796488262248,0.03991420075401287
2023-02-08,-0.07342964749684235,-0.025392950098098485,-0.023892950098098487,-0.052107901352627356,-0.06775747353473886,-0.04054652212280402,-0.016858646885822743,-0.011938662143520351,-0.03580161990578191
2023-02-09,-0.09864594168173815,-0.14062493590519692,-0.0015,-0.06350206579764624,-0.14391740341211212,-0.09636887203415746,-0.14447944506616828,-0.05080564386186481,-0.0942342103513349
2023-02-10,-0.011374260791021282,0.0070893013329803465,0.0,-0.010760480463733832,0.01652466999266714,-0.0015,0.021974678289775142,-0.007852690932197315,0.002439413289497585
2023-02-11,0.020123089293511937,0.03470158733235714,0.0,0.013432045965258786,0.035780441509861316,0.0016080031080030767,0.06439236000618248,0.01097608853378862,0.017137087566531775
2023-02-12,-0.003595437083704943,-0.027544941037558026,0.0,-0.02565006730802081,-0.012819575595628125,-0.006196746707978207,-0.027191363134937373,-0.0036139425638820333,-0.016386472231090566
2023-02-13,-0.027130593082934126,-0.03180010594244827,0.0,-0.03292519779824954,-0.029443714547652513,-0.028059236165237866,-0.04624808785914995,-0.0004393225343538587,-0.017633510725634974
2023-02-14,0.040994121557697084,0.06368201328036524,0.0,0.035392377254670405,0.06220944648652626,-0.0015,0.12035660157264262,0.01955867487646934,0.04033001592746547
2023-02-15,0.10961051196537679,0.06827766552938767,0.0,0.10964747156930477,0.10197443271955492,0.07693137254901955,0.07336252256657338,0.09568582476270104,0.08997927838124054
2023-02-16,-0.054580527220028804,-0.06287977419954348,-0.0625616676404726,-0.060798277781762305,-0.038581127825160294,-0.05619100481190417,-0.07461829394464965,-0.033149496074872276,-0.0559828322015708
2023-02-17,0.10008517676081362,0.07683689275310004,0.07683689275310004,0.03373494938135842,0.08270968307330462,0.04606899853655366,0.1227518459553909,0.04474285772600406,0.0365648170528973
2023-02-18,-0.009659665735075582,0.0011694959330660263,0.0011694959330660263,-0.004708502137728071,0.019598935422166494,0.001019411925834436,0.003861308822532353,0.002522591602675872,0.0005521782628993136
2023-02-19,-0.04178975046306884,-0.0028908454986418274,-0.0028908454986418274,-0.021774273220676592,-0.020967376249184922,-0.020906881192791663,0.011743180155853187,-0.014622878010064233,-0.012233814013589056
2023-02-20,0.01929441906429215,0.016507938384297784,0.016507938384297784,0.025976902639949888,0.0060547125203492,0.019082754694437428,-0.00010202568224766152,0.02350220997570851,0.0213369116900728
2023-02-21,-0.03527500553107001,-0.04716717016696355,-0.04716717016696355,-0.028919766584176054,-0.05613866157654541,-0.031620855189446795,-0.04836748407033593,-0.01570070283630276,-0.032068270310579315
2023-02-22,0.012040154424971042,-0.017986137744234902,-0.017986137744234902,-0.0008249987771097303,-0.021246149432958508,-0.004650009455343846,-0.028902891537273375,-0.011039924489288477,0.011192811184795795
2023-02-23,0.02162316118687432,-0.008073379318148482,-0.008073379318148482,0.01757579248969758,-0.010559835018210506,0.00900606533727229,-0.012179725740502252,-0.01000777017485166,0.00032787865637078296
2023-02-24,-0.04621006919324247,-0.06271747689698165,-0.06271747689698165,-0.0020877080852523084,-0.06746625335347427,-0.01447175932769184,-0.047981602923052966,-0.031533153440656325,-0.02307790485266449
2023-02-25,-0.029365258082472798,-0.025943629781698233,-0.0015,-0.03577256750564931,-0.01980368558701741,-0.03800448342075377,-0.016724986329336403,-0.0012171510470647684,-0.019781892178684674
2023-02-26,0.0298023688683462,0.05312004966906319,0.0,0.032406925998282876,0.05854352906098708,0.07809298995653757,0.059941219716044984,0.017177475388725716,0.0359014778951672
2023-02-27,-0.018452957282706198,-0.015814463998754455,-0.014603912211078538,-0.00687807874968978,-0.013177579229303044,-0.006223566004368195,-0.017070650681065606,-0.002664419429544207,-0.008772069334559022
2023-02-28,-0.03354211799785676,-0.039776750589286175,-0.039776750589286175,-0.03602891215418576,-0.03357631675658652,-0.045570411306592805,-0.05314507495578003,-0.014920766947512987,-0.031735208560893756
2023-03-01,0.02444643723985095,0.043605516715184,-0.0015000000000000005,0.010358615860070216,0.02195821050321856,0.013660293369686013,-0.00027196440858906663,0.021061665219775483,0.030510459150239963
2023-03-02,-0.03698163546350481,-0.02351122771380612,-0.02258488788542893,-0.028969530416684,-0.024928094464759673,-0.01015634929095621,-0.030460445180848696,-0.00692582029601807,-0.016462666830209274
2023-03-03,-0.04622331344081593,-0.08001282622715523,-0.0015,-0.05120523901940954,-0.05549741258320218,-0.060618760617350095,-0.09357620419972636,-0.04734561471993559,-0.04718330604391261
2023-03-04,-0.02735049149639434,-0.04303778870278672,0.0,-0.013210078054997814,-0.03504370234490459,-0.0015,-0.08432309249936727,-0.0003475835117475734,-0.02809156338803563
2023-03-05,-0.0006809558183029736,0.01582843785187237,0.0,-0.002245273660894441,-0.000619628797775028,0.0,0.026173079388910857,0.00374419877412957,0.001551187908809083
2023-03-06,-0.0009408144990744596,-0.001657982225587948,0.0,0.005172239330904014,-0.006380900028666167,0.0,-0.0004012841091494135,-0.0009023532516817534,0.00273113011341063
2023-03-07,-0.01726894652308327,-0.019741935217299098,0.0,-0.01255801793259803,-0.010023936736579496,0.0,-0.09607921852000534,-0.009461847389558242,-0.008404571890953429
2023-03-08,-0.031350795094523785,-0.08879832239464433,0.0,-0.0031301684883158197,-0.03932196160959823,0.0,-0.0015,-0.022187624448372745,-0.03692922522970917
2023-03-09,-0.05449201045351282,-0.0505761982629146,0.0,-0.0542246416518315,-0.05488517559275701,-0.04855579840575991,-0.04855579840575991,-0.06188402538718396,-0.041083691247717526
2023-03-10,-0.002769056570831838,0.014083222724450615,0.0,-0.019042225874246605,0.003267406281818564,-0.0015,-0.0015,-0.010388356475865668,-0.0007284698872677237
2023-03-11,-0.01572014446346861,-0.052647861250382184,0.0,-0.029084610528139557,-0.012159087289124208,0.0,0.0,0.015137943167206735,-0.019360971387048984
2023-03-12,0.09726683530681335,0.15224300053998374,0.0,0.06921795778281495,0.07826369190363294,0.0,0.0,0.07535199183798391,0.09332869175348842
2023-03-13,0.07719894728980108,0.032822604633801114,0.0,0.10406615572427513,0.04675575923518703,0.0,0.07863244802407893,0.09621127502658289,0.053234629972023224
2023-03-14,0.03166038669878425,0.04658452232700283,0.04720437412778148,0.038413128539403485,0.0478518503583722,0.034285086652773716,0.06972807916831611,0.023096210086640312,0.031229549938288147
2023-03-15,-0.09614844331595374,-0.06268590808752732,-0.06268590808752732,-0.12835627734599975,-0.06744224587885025,-0.08639596137756406,-0.05940077827447394,-0.01559560623435119,-0.07874579852926757
2023-03-16,0.017981448493770008,0.032863422785861685,0.032863422785861685,0.0367288329216896,0.02226433210588505,0.030819054237249097,0.02467322966619572,0.02936383034267953,0.03173412379021129
2023-03-17,0.09634766970231375,0.08274727330198313,0.08274727330198313,0.04779117079439528,0.10973450723940147,0.07202783313542338,0.08427022124433052,0.09585867790348179,0.07379547792837216
2023-03-18,-0.03173349685122845,-0.03413643011548009,-0.03413643011548009,-0.0420233120951385,-0.03825535534609294,-0.0359144771722353,-0.03218155946462479,-0.017800244057976755,-0.0335422269700939
2023-03-19,0.012325372351958453,0.010511851876587394,0.010511851876587394,0.025856898457098078,0.015783228853856017,0.024887584533287717,-0.00043697533059936086,0.039594179910500626,0.026592779358897537
2023-03-20,-0.03842167791510287,-0.05345951462483089,-0.05345951462483089,-0.04445125913475656,-0.039829266947693176,-0.03970719703685186,-0.03973265830555726,-0.009146719660871439,-0.04133105807845163
2023-03-21,0.04261642664615481,0.04271521544126369,0.04271521544126369,0.01060150575586986,0.01283764811597874,0.02511946181018922,0.04148555225275572,0.014015220256441863,0.05749429781543992
2023-03-22,-0.02320487492952473,-0.03595049339989824,-0.03595049339989824,-0.06328252115026492,-0.04264941058389921,-0.024198545299916083,-0.03442723330240469,-0.030403334297558482,-0.03460049770393849
2023-03-23,0.024538489597678577,0.04277129215325173,0.04277129215325173,0.03797630541579581,0.03937614024617284,0.034767877505725034,0.05114276050691604,0.038326709104299805,0.02668974450686442
2023-03-24,-0.04481554031269173,-0.07745671526042175,-0.07745671526042175,-0.03642333196259047,-0.06608302570723311,-0.04654703049058679,-0.10073476868974347,-0.029720014659621374,-0.053497461075981544
2023-03-25,-0.018014678768977766,-0.03784557856541426,-0.03784557856541426,-0.008995569595422912,-0.023151113704912702,-0.0074299910683217445,-0.04186660150491046,0.0003088750210802349,-0.01402128831642114
2023-03-26,0.014920190279154288,0.041844508407971874,0.041844508407971874,0.01530401704746324,0.031330304977446106,0.01646068183744961,0.036481803826708216,0.018392051837111456,0.025986581002735952
2023-03-27,-0.06091658861632185,-0.021393532840712968,-0.021393532840712968,-0.06789250042355843,-0.055478768219850524,-0.023094840954538027,-0.00410583734448685,-0.030146542215134797,-0.03198488978785934
2023-03-28,0.034817328044863434,0.036587149185344295,0.036587149185344295,0.027607797041388497,0.023768125274038047,0.02404491065857736,0.01274535965727521,0.005019740157663266,0.026810881644398224
2023-03-29,0.03817819334504936,0.049987655451438684,0.049987655451438684,0.03230193486762678,0.03171023600035103,0.03079595653664847,0.0340962972978619,0.03989315166279228,0.02691656435871615
2023-03-30,-0.04159938298250942,-0.011900701887338678,-0.011900701887338678,-0.02580842791429612,-0.00711272033575765,-0.017016738327453873,-0.014747372432213598,-0.011290504645732002,-0.01284696295336124
2023-03-31,0.020508506605941806,0.02746457391112383,0.02746457391112383,0.0009753168841577535,0.03054874465219256,0.016303913409828168,0.03752849348752612,0.015585191231934026,0.015042717502710157
2023-04-01,-0.009318820591865538,0.003143002351071785,0.003143002351071785,0.02118915611516207,0.0031490249339782587,0.006184906086615668,0.011346076201994472,-0.00044369718141634706,0.0027484235695817236
2023-04-02,-0.030416233584155704,-0.01872941434456798,-0.01872941434456798,-0.02405759191607935,-0.02333139189153749,-0.011042613457008738,-0.005672358616461531,-0.0098711090289052,-0.00686203120610351
2023-04-03,-0.006239041829200962,0.02360574891190292,0.02360574891190292,-0.038011705213920055,0.024527885971319614,0.03349514807321814,0.005368337015259741,-0.013200046713263913,0.007505289911304206
2023-04-04,0.005818240456810243,0.01208769933046622,0.01208769933046622,0.007597488856583254,0.018604329890848623,0.00916674587845419,0.014434023412129552,0.013146402877697971,0.012524442212019848
2023-04-05,0.011692298112254343,-0.0056118871065344855,-0.0056118871065344855,0.012940518626060717,0.011816778744675148,0.0002430851002548512,-0.006787844804455151,0.00016119028015504355,0.005354452812950043
2023-04-06,-0.01431500544330627,-0.024762568565153405,-0.024762568565153405,-0.011664261189318847,-0.020065399007762788,-0.025126247302849257,-0.02606776026648846,-0.004834574073633635,-0.01713368208409176
2023-04-07,-0.014396240298890327,-0.016057365291556255,-0.016057365291556255,0.0008463437739676784,-0.014470115689313588,-0.006255657634068054,-0.02051696078458151,-0.004547721288072681,-0.003392776452908153
2023-04-08,-0.011726642389370934,-0.015727237581696564,-0.0015,-0.012807647830412695,-0.009299475001444804,-0.00971944168753412,-0.0185406817624031,0.0011484849494720617,-0.008815722269846105
2023-04-09,0.011727340998054805,0.008547135988037852,0.009166113688112933,0.007614131415115283,0.012570288339284348,0.009536849914328915,0.008080602443977894,0.013793927922807203,0.008841370084140746
2023-04-10,0.04778116486105209,0.039950493736599806,0.039950493736599806,0.03238425679309927,0.0564965272834026,0.02729330027178116,0.05145357383124442,0.046377317135860574,0.034995568277915466
2023-04-11,-0.010580592182198107,-0.0036416742622311623,-0.0036416742622311623,-0.003660486455506354,-0.018983388856561166,0.009196391368997586,-0.003933426335829246,0.01899900598366777,0.011561595095570544
2023-04-12,-0.008499634217852556,-0.003280195666976909,-0.003280195666976909,-0.004331287002523977,-0.005201458731963084,-0.005258534089689492,3.0622541812327757e-06,-0.010342571394702404,-0.0046462652288488055
2023-04-13,0.017145840865441377,0.02948903342231075,0.02948903342231075,0.04007554351323243,0.03094384103448432,0.02834873326560883,0.01602569522083657,0.01625297317625396,0.039355759708091305
2023-04-14,0.04509869415984347,0.009411788594131274,0.009411788594131274,0.03197574978882611,0.07836992796443056,0.02059478956853996,0.01403769024408466,0.003064808400913499,0.027569576726933782
2023-04-15,0.0033478654813221655,0.006291347722041904,0.006291347722041904,0.006241926656392741,0.008643531191785715,0.00099004570518353,0.014032204920221638,-0.005640213831849872,0.0016836381958623527
2023-04-16,0.018835311510184916,0.02803134340712655,0.02803134340712655,0.014327869171976778,0.026533380150791583,0.017384902694774045,0.030213197741801086,0.0003155626868909245,0.01608357279067152
2023-04-17,-0.01922962698233942,-0.015707207323890776,-0.015707207323890776,-0.023278821736990918,-0.02455207861084954,-0.021817803085880775,-0.00789377465168541,-0.028852997807267244,-0.021635199646440402
2023-04-18,0.013878324156364256,0.016007329390874066,0.016007329390874066,0.03251185143387684,0.012431335248893066,0.022473783720524977,0.018369836524045925,0.03227085582293321,0.02435408167907097
2023-04-19,-0.0890734211444699,-0.0919009544011771,-0.0919009544011771,-0.08207744468885295,-0.09031551166969767,-0.08016743823172265,-0.09605520591813366,-0.05210366948529643,-0.07990570286039686
2023-04-20,-0.03213344475917974,-0.030664031882889516,-0.0015,-0.025343131443999058,-0.03358721321622029,-0.023831709671928877,-0.032647770086205855,-0.019218949130294316,-0.021522587874943485
2023-04-21,-0.04630234820043649,-0.0587103869819294,0.0,-0.03301618259668996,-0.06298555354364298,-0.050865578591831946,-0.0696289024892099,-0.03472674388756414,-0.046937890282269946
2023-04-22,0.024337023580838037,0.03112954496757323,0.0,0.024659802370842497,0.0244980399916093,-0.0015,0.02809537398244108,0.020321067064179577,0.02547510626228582
2023-04-23,-0.02512113866481516,-0.019300587056060508,0.0,-0.014489154350654341,-0.031291304701859826,-0.006015352197471456,-0.03942730100100508,-0.0081335593354388,-0.010989412860267587
2023-04-24,-0.0031849345787956155,-0.003819176152609109,0.0,0.0008891952083307148,-0.00365570673166024,0.001511944360447437,-0.0007120087912959572,-0.002887577653258644,-0.0022394461349062103
2023-04-25,0.035520041889092364,0.028162526372354394,0.0,0.02125974932847929,0.01925252035660277,0.021739130434782483,0.021739130434782483,0.02871077059190652,0.021138878229136442
2023-04-26,-0.020102096492835998,-0.022574439728687095,0.0,-0.005440437200190383,-0.0158684175902638,-0.023049645390070816,-0.003969321017830946,0.004045823455811615,-0.014550955318693874
2023-04-27,0.03407887625643684,0.024826905990177325,0.0,0.04097970809611906,0.01778028457257877,0.03247862472272639,0.03645372943667041,0.03721517535101704,0.022318174163793676
2023-04-28,-0.0060853040043412614,-0.010265929474559697,-0.009653312322845551,-0.006525558863089223,0.0010348502756385059,-0.02562162434570278,-0.0011298953911435857,-0.005465044513970008,0.004479436307851621
2023-04-29,0.011491972489887751,0.003147324877709404,0.003147324877709404,-0.00010884116254838809,0.003071999334034609,-0.017577032271663774,-0.012233396873014652,-0.002771930662499922,0.008205560108303724
2023-04-30,-0.025010556257698546,-0.013049862431455945,-0.013049862431455945,-0.03383112493190561,-0.004843490069704802,-0.01965819363186664,-0.015978755281908275,9.442208382015593e-05,-0.015084120784339239
2023-05-01,-0.046061360185294414,-0.02844174977834018,-0.02844174977834018,-0.02913970782429479,-0.027028238222015402,-0.03523832145436565,-0.05860318839067141,-0.039850225137779915,-0.02419326401384352
2023-05-02,0.004684570880710516,0.017884038310819056,-0.0015,-0.002455638675163295,0.005440458809504502,-0.0015,-0.0014999999999999998,0.02143346256590184,0.005962486699251807
2023-05-03,0.014664896681776066,0.011213316411183364,0.0,0.009958200757474077,0.014880952449886478,0.0,0.049923324150597026,0.012427685381093623,0.008629803964167074
2023-05-04,-0.027512101003660003,-0.02817887715467585,-0.027565767116199427,-0.010215221184108496,-0.01149970277415554,-0.007976915995777599,-0.016871342839670456,-0.006476915995777599,-0.019696105636094873
2023-05-05,0.023505055462983895,0.005747816460078338,0.005747816460078338,0.006204251425430131,0.031270032652517786,0.023144680520532646,0.03745487621193404,0.023144680520532646,0.027274199138283065
2023-05-06,-0.045695789366213393,-0.05859447824667158,-0.05859447824667158,-0.0573878672916052,-0.046692323579366084,-0.038935372974550145,-0.05197904783859144,-0.02228084760830229,-0.04241721333983173
2023-05-07,-0.008522425681830129,-0.009195632857634865,-0.009195632857634865,-0.015455857649156503,-0.008552038781875998,-0.016477888734583484,-0.02275772984935444,-0.01449310528906489,-0.006449735772800421
2023-05-08,-0.060698763922548166,-0.0566377576990768,-0.0015,-0.08709869922887976,-0.053539418475603714,-0.0015,-0.03259047155106646,-0.02677830890499855,-0.04832054779714742
2023-05-09,-0.007068358294337083,-0.004913502796607931,0.0,-0.0054816112866769365,-0.008564719841752319,0.0,-0.0226872482978695,-0.0014644659199046783,-0.002490486949113309
2023-05-10,-0.01974592806236605,0.01618321168972694,0.0,0.0114015323991602,-0.012673709836006209,0.0,-0.20082994541057064,-0.0010684708090662465,0.013444991076105984
2023-05-11,-0.055677568285635214,-0.05517949249370281,0.0,-0.07478661773130205,-0.039559650448621884,0.0,-0.0015,-0.02283183115177323,-0.03616342980559078
2023-05-12,0.00816855786601699,0.04913834921441316,0.0,-0.001741825209877717,0.01420913758598474,0.0,0.0,-0.0064374817843849685,0.017727100056606552
2023-05-13,-0.012428434702564281,-0.006556379367189415,0.0,-0.015619976478539296,-0.008502373835136006,0.0,-0.025621233859397463,-0.0007363311303112408,-0.006548704765654394
2023-05-14,0.006955135326449538,0.007934461955140667,0.0,0.007868332803274963,0.005140839496682538,0.0,-0.0015,0.005316097534741049,0.011677811375017961
2023-05-15,0.003213149612430488,0.009476856895101356,0.0,0.01211792161224834,0.0030270640576967466,0.0,0.0,0.009084012628159499,0.012100208689203584
2023-05-16,0.003181067693599972,0.007269181077461889,0.0,-0.0035206492486030425,0.010234031645627077,0.034177293129243724,0.03755505391964303,-0.0047234864410535815,0.00208712615332908
2023-05-17,0.026683623858649926,0.024188141810482143,0.0,0.02638380795015157,0.023480865780187318,0.043227025225025084,0.055303796972448103,0.013752023389943968,0.023955335172729547
2023-05-18,-0.03259188651687124,-0.014960723781257169,0.0,-0.018029063617485387,-0.03251616318382164,-0.007385671422929839,-0.03022003521678429,-0.021321546938747327,-0.014172738937260254
2023-05-19,-0.0002887439809278057,0.009573711822660775,0.0,0.019654733316043612,0.0010868452575712759,0.016122780621019465,0.013372911700082563,0.0021990001968585915,0.00818439586266945
2023-05-20,-0.0008880646132755901,-0.00012242544928406244,0.0,0.011705110847496007,-0.003918639638520479,0.011709482063418819,0.005793605800437696,0.008265173030320483,0.005246077492748228
2023-05-21,-0.023835268712385074,-0.036225063583351744,0.0,-0.028403218614231403,-0.025477338962220722,-0.030878205195564695,-0.03247013410206099,-0.013085542514084558,-0.023495763727651792
2023-05-22,0.001398247231340822,-0.003997132229546636,0.0,-0.0023195384232017977,-0.001639928735431254,-0.0035863931514537217,-0.009238938793669266,0.0037943335858154903,0.0025439257309922917
2023-05-23,0.008100998227232415,0.019745622280486434,0.0,0.0015556548834579935,0.008799732488659765,0.008344061335649753,0.007694499440096071,0.013793298663241194,0.017945962124720275
2023-05-24,-0.039428901085093844,-0.03546330776913018,0.0,-0.0494795402129979,-0.03946971417270416,-0.037318304654785556,-0.03071531814990729,-0.03271905806144915,-0.03650335336879622
2023-05-25,-0.006051457304373031,-0.009026871859820138,0.0,-0.009267968597354197,-0.0026367478413537675,-0.00047637067818057533,-0.010639538453909811,0.005498877473934849,-0.0012964209520532988
2023-05-26,0.007509545668419696,0.012756828305430595,0.0,0.0023097443325912005,0.013824488966527344,0.01753197482753549,0.008043185338966677,0.008768294981564617,0.014424956614159008
2023-05-27,0.004411494003902753,0.010971923304522922,0.0,0.0070210061225232856,0.0074176792787829186,0.007696437550236248,0.01046269795687578,0.005554948116372804,0.01536510452619897
2023-05-28,0.03269710588222604,0.042353370910268376,0.0,0.019030764455186033,0.03401186541110949,0.032855373534572165,0.031576884248996455,0.04508519501740316,0.034054676563986516
2023-05-29,-0.005194916358218825,-0.009540208664391332,-0.008915649242987078,-0.016302168131381002,0.0017644415496279528,-0.006346322025681571,-0.011612610655407384,-0.011708533760912077,-0.00552137771425225
2023-05-30,0.013729818577143596,-0.005765123652832897,-0.005765123652832897,0.010141360581522745,0.02423864128960523,0.008127909492077163,0.016242425857147847,-0.0015142556351941394,0.008105435149639894
2023-05-31,-0.02430004641764485,-0.02957000779881786,-0.02957000779881786,-0.01801202537199131,-0.028801712507452653,-0.01890120575996794,-0.031072220424846482,-0.017478262753480966,-0.01760916082939057
2023-06-01,-0.021313805228444595,-0.0030036004515643523,-0.0030036004515643523,-0.018490120117594506,-0.006928051450359833,-0.0077738894324577605,-0.0029168458179580034,-0.014421718206491185,-0.003950288049892914
2023-06-02,0.037872706034454785,0.02787214984395806,-0.0015,0.026957995708893602,0.052857202779549625,0.03260360943266543,0.02781412324744377,0.01583492834831035,0.03253119923153905
2023-06-03,-0.007014655534739676,-0.004354096623888047,-0.004332780330494189,-0.003895431951397334,-0.010037048692119008,-0.0072684983450648066,-0.007815490270077493,-0.006363932357385971,-0.005571225308898276
2023-06-04,-0.007199124078682188,-0.0007482969095895056,-0.0015,-0.010024062891179221,-9.876133739995509e-05,0.004786304431478587,-0.0024735020999582737,0.001698977658018963,0.005746466590765779
2023-06-05,-0.07223178988370786,-0.07990677657953475,-0.0792845096511954,-0.08619692871544571,-0.08150874096802319,-0.06818593029358605,-0.07704464583232787,-0.05115247125137512,-0.07180964001531656
2023-06-06,0.04909784597462711,0.03577672779819481,-0.0015,0.044860746118666306,0.034185609679996766,0.03863929988587313,0.05567657915156783,0.05837485716062529,0.0336334902065987
2023-06-07,-0.04169906104695248,-0.06741455467698482,-0.06709167906700422,-0.04478949538069095,-0.053925556834267446,-0.04668125684583577,-0.05252172205852419,-0.0327116189155523,-0.051310721104071824
2023-06-08,-0.0004902064067988327,-0.0003357939941977903,-0.0015,0.0015534818228410247,-0.002954865846368894,0.007839678776223961,-0.02408144234373012,0.006046848554291717,0.005485095019754254
2023-06-09,-0.017232111061147613,-0.017947958725636735,0.0,-0.021033664686848343,-0.019513365202228614,0.027501909854851236,0.005415708230314159,-0.000784946833060296,-0.013059504345036764
2023-06-10,-0.10438436074043181,-0.13559875877190058,0.0,-0.10386257957860379,-0.1197066025235316,-0.05817843866171002,-0.11021978803437556,-0.024042773930321393,-0.09405470425043788
2023-06-11,-0.0027094916722178444,0.0010877796341134637,0.0,0.008597712958508199,0.009494893606994282,0.027827116637063387,0.02588557841482022,0.003263779056785765,0.004498396731997421
2023-06-12,-0.0003664542469852916,-0.0038630797308415524,0.0,0.0007107443008841387,-0.0009389691952823302,0.008256528417818654,0.008256528417818654,-0.0007853256729365432,-0.0040974360366914375
2023-06-13,0.007204445352439366,0.015207214215404264,0.0,0.000918170738189636,-0.0016474780288287406,-0.011235955056179803,-0.011235955056179803,0.0011217829323004747,0.007030498231269296
2023-06-14,-0.03201988375114278,-0.04516413050112551,0.0,-0.047780822178873056,-0.038136296502536415,-0.07530816640986127,-0.07530816640986127,-0.03106509731339835,-0.04526233608858139
2023-06-15,0.00487056182889317,0.027770494741310558,0.0,0.00848009390994505,0.015930076525076185,-0.0015,-0.0015,0.018699410233757652,0.010850822567308878
2023-06-16,0.015410441549755927,0.01557247252427436,0.0,0.021423866447444834,0.01630434400069268,0.0,0.0,0.029162266993092212,0.01794069259032023
2023-06-17,0.004315571453369013,0.014265266674256635,0.0,0.009270256655115052,0.014907037518632725,0.0,0.0,0.006528373505409135,0.010913284570037735
2023-06-18,-0.01143762416025201,-0.008932073346468079,0.0,-0.006494172850252627,-0.007248969369490839,0.0,0.0,-0.006675719981792838,-0.005746337170773264
2023-06-19,0.0064623705619417555,0.017292220120169392,0.0,0.008266754602142287,0.014899371627575455,0.0,0.0,0.019148844892382,0.01411564482226402
2023-06-20,0.04890880259166987,0.023439008098530827,0.024053726940489385,0.08401854474241091,0.05991294898514453,0.053023205069223256,0.15706111374310644,0.05452320506922326,0.04598857852315544
2023-06-21,0.054779222489188324,0.03550064417119063,0.03550064417119063,0.0624749057310366,0.04594483337677112,0.058927782555447755,0.05864187017247212,0.0595556236949355,0.046153224033376586
2023-06-22,-0.018611760124458566,-0.016812456260715623,-0.016812456260715623,-0.016676928311929386,-0.01819621292281602,-0.018272038162549537,-0.0015812980215202475,-0.003633073269255882,-0.017672263195674068
2023-06-23,0.04081925119103353,0.02720337157267071,0.02720337157267071,0.04000782331508208,0.026552957872727417,0.037239329136802814,0.023702720686600204,0.026889146766998273,0.028316772401026015
2023-06-24,0.008611993204873759,-0.028487110779908068,-0.028487110779908068,-0.03778336181256018,-0.01897610842982525,-0.025507472056231453,-0.031497121421152116,-0.005248545872232224,-0.02690445553300781
2023-06-25,-0.014368915268412144,0.018616230107326905,0.018616230107326905,-0.004079591589866222,0.010605129703984157,0.01014441678628066,0.01374507610237431,-0.002121698420076701,0.00899586418534938
2023-06-26,-0.03836979183105935,-0.013559954136080403,-0.013559954136080403,-0.02018022347286955,-0.008671235354495425,-0.019958323181333115,-0.000699893599421032,-0.0063904465335593574,-0.019706019761519998
2023-06-27,0.011180850378744136,0.01248574957310128,0.01248574957310128,0.0257104085764317,0.01807976438824817,0.02124667235767467,0.006248402332237625,0.014023065291087988,0.019353202181950614
2023-06-28,-0.05435299549527999,-0.05740732989049733,-0.05740732989049733,-0.06189347929691106,-0.05776568711057442,-0.051529723348330614,-0.06473407252345362,-0.020038485047132126,-0.0476203717775993
2023-06-29,0.03917946708025432,0.014049246917517015,0.014049246917517015,0.00908403266135701,0.015576209153004113,0.011750055234990044,0.013257581284320407,0.012298266373334643,0.026061767679147432
2023-06-30,0.06585482003095239,0.03824760462681268,0.03824760462681268,0.02602762214877889,0.03748029436825578,0.08226821061874923,0.03697122757944068,0.0008109090753829484,0.06095646098483346
2023-07-01,-0.020487014874829058,0.026747160952694707,0.026747160952694707,-0.00648594896125661,0.03573794720948029,0.005273824257694811,0.0327234171709458,0.003737857705434555,0.005102671887407406
2023-07-02,-0.0073435619158791245,0.024714219013963725,0.024714219013963725,-0.008227207079030867,-0.006405732102428381,0.011219439051834586,0.023843003585795188,0.00101778924275564,0.01170226280907782
2023-07-03,0.009043887703649313,0.0057655076632148,0.0057655076632148,-0.02167875579703152,0.015771309524612243,0.0001543323522755209,-0.0033251591354089595,0.017610133967925767,0.001032090531189828
2023-07-04,-0.04134451673103135,-0.030467356321942356,-0.030467356321942356,-0.036591889393639554,-0.036024946588416686,-0.018301788122315577,-0.044642521099533296,-0.012507622880839175,-0.018605811651815917
2023-07-05,-0.0256970634416412,-0.032214174430567816,-0.032214174430567816,-0.020908615826527435,-0.025187407828162554,-0.018685204824767866,-0.03570470614011764,-0.008506002143239377,-0.020108215614491907
2023-07-06,-0.029369907541882654,-0.04040494022394618,-0.04040494022394618,-0.009157418416104842,-0.036567648586065205,-0.03454223765472344,-0.038674074780435934,-0.019976521735424746,-0.03126340422106997
2023-07-07,0.017897057574102194,0.02852193618235453,0.02852193618235453,0.04012290438483748,0.02706149898570347,0.03355073848454227,0.04130949761396183,0.015028049437656454,0.02958754654992259
2023-07-08,0.007455478145142294,-0.003113800111669635,-0.003113800111669635,-0.000719413213038846,-0.003372405912296896,-0.005024115978200701,-0.005541158072773708,-0.001979587868721766,-0.0005540103649280498
2023-07-09,-0.010364387321116417,-0.007865151540452298,-0.007865151540452298,-0.013065962626742974,-0.011386790560464979,-0.015143947934710543,-0.012475586504393071,-0.004091844608965056,-0.00803376171012488
2023-07-10,-0.005072473858608638,0.0025989677568651983,-0.0015,0.0013804361932742543,-0.0025216302823359094,0.015343159436639022,-0.0007948425893623348,0.008317443455409412,0.007616312980619246
2023-07-11,0.0027361731060570964,0.014506805590533555,0.0,-0.0024828659282375033,0.0016722272844588524,0.010216782171010602,0.0321450289507939,0.006922694224599457,0.004821433068075009
2023-07-12,-0.00044739016806292055,-0.011542552538437147,-0.010625638320258299,-0.011832712676910327,-0.009353329687123695,-0.0023124373378639925,-0.005915871516490814,-0.007906054777431892,-0.0036536072224290016
2023-07-13,0.05143102272016811,0.11664724118265228,-0.0015,0.03845019977591509,0.16149744327704918,0.0675110583433035,0.1272362506186833,0.03535977616853181,0.14120412464613463
2023-07-14,-0.042803567853850984,-0.03077363998066926,-0.02955528289898323,-0.0498673332019683,-0.03234007627062078,-0.03995397042315926,-0.027014109687143396,-0.036313716787853334,-0.04153159352986578
2023-07-15,-0.0015656820191779035,0.011507518531416152,-0.0015,0.04034633758082158,0.010032600058021503,0.01870482096283014,-0.005733294228770822,-0.0007419501379155591,0.009674180542569202
2023-07-16,-0.02394100419817099,-0.031293252812449594,0.0,-0.011792631324793468,-0.0093196892238415,-0.01124020313144672,-0.03273757291486732,-0.0018993368003190625,-0.00896555480911882
2023-07-17,-0.005624049248572015,0.010870195911061094,0.0,-0.0038172964446232154,-0.001706605421600389,-0.0008097211903029982,0.01482392754203021,-0.0031089584245033164,-0.004106542338217273
2023-07-18,-0.037284875961490216,-0.014917476039169958,0.0,-0.035332775008674745,-0.025563784617106167,-0.01302818651011212,-0.030198639022908823,-0.009253102395646695,-0.01270934125844399
2023-07-19,0.02832299837721987,-0.001404412049020328,0.0,0.017109975235399255,0.034247381233341985,0.02935904716073369,0.0013655271893338336,0.0016772089474810237,0.01294273350609308
2023-07-20,-0.007477790133684857,0.012588342648178008,0.0,-0.02142270059673538,0.03003816655514307,-0.0156302516379306,0.011774011411029474,-0.003651383637347849,-0.006123721385678448
2023-07-21,-0.014229388916526597,-0.007517634055665249,0.0,0.01771476154554167,-0.015817933594006524,-0.002477975845521071,-0.014238434361039828,0.003413422818792089,0.0036244585621683792
2023-07-22,-0.026274775824766436,-0.018998345330911198,0.0,-0.0293204325535052,-0.02041100960240456,-0.02900489219761497,-0.02925450568940226,-0.0036024683529910506,-0.023592961363894105
2023-07-23,0.004504580886642399,0.011578643549794437,0.0,0.009057137985329073,0.008784045695597428,0.013521638014333079,0.012360390736915874,0.009725112438746075,0.015147024529114761
2023-07-24,-0.031041205351520017,-0.053083906119822055,0.0,-0.022979048227799316,-0.0590385525574877,-0.030945179999215172,-0.061848910728878374,-0.03015747704325422,-0.03764699048922261
2023-07-25,0.007860227801353595,-0.0125667491140078,0.0,0.032072416271248974,-0.00306374216737516,0.05492818964878028,-0.013215764850666292,0.001796308673075897,0.005496125131512035
2023-07-26,0.012499529885140541,0.02238678984660427,0.0,-0.011034451204522757,0.015072076967590033,-0.0189342736953454,0.030832605460742204,0.0042098730332400525,0.013670329372140876
2023-07-27,0.002214275545254229,-0.003927238410276751,0.0,-0.0057893590369680874,0.009125329090916266,-0.004319844805372877,-0.00582948817399219,-0.004401068957575638,-0.0007690488680158652
2023-07-28,-0.006478506287413785,0.00810520874738888,0.0,-0.010574956582724003,-0.0035584447567045367,-0.006496185079054041,0.0112263304543293,0.003126328159059444,-0.002616111365177422
2023-07-29,0.0035015213329451576,0.010294140239440322,0.0,0.010302826015568941,0.013813002629380866,0.017960207966949797,0.015593563150460728,0.0013222287947045608,0.011826790767299929
2023-07-30,-0.015516574933771713,-0.00801125789859829,0.0,-0.024390631824125524,0.0032007457702029046,-0.015079482965355353,-0.022253395010824347,-0.0024464362976061027,-0.010248533690052946
2023-07-31,-0.010808378024115228,-0.018227945444825543,0.0,-0.02086445097344232,-0.011451892344200004,-0.018205647901044737,-0.01836133369639536,-0.0016679706937139382,-0.011967280252768156
2023-08-01,0.009182937340199782,0.012520167026812622,0.0,0.001762101698531751,0.007155340780521571,0.001486053272775819,0.016382842627162775,0.01620607377126304,0.00925754679807757
2023-08-02,-0.05005225743830905,-0.03560115484204919,0.0,-0.03996426614702823,-0.0492350088976394,-0.050892164171318324,-0.04058262896327381,-0.01750421379661149,-0.037598728085343834
2023-08-03,-0.005930705520631326,-0.02509660047551606,0.0,-0.003859757913586946,-0.011769381093244071,-0.010624480157636352,0.009812708333030816,0.00026142662186434684,-0.01621533608964421
2023-08-04,0.0072065858560592996,-0.010266626518978585,0.0,-0.007330788490914692,-0.0007738655699446651,-0.01875262543757283,0.008988758412483084,-0.002728333979592712,-0.00028357376604590907
2023-08-05,0.017292572468622133,0.005127008652981415,0.0,-0.012530612088349598,0.02067279828472853,0.0024921726145002445,0.03893493125580769,-0.0014377967430778682,0.0010806684777246813
2023-08-06,-0.016216108185111565,-0.001403601290042216,0.0,-0.011545627963311891,-0.011998354030067526,-0.004973117603061811,-0.01951841920859825,0.0005603304608226001,-0.0030742127298492867
2023-08-07,-0.012225683480579562,-0.003876360373079215,0.0,0.013510031199287103,0.0028875833755423923,0.0249557088489488,0.0022219162062449725,0.004216110740975276,0.003788793297770646
2023-08-08,-0.004943419315005248,0.026533184374631615,0.0,-0.01651155872137644,0.00966875924634425,-0.026456464995352764,0.0040344129632269585,0.019148911405474367,0.011612523842140858
2023-08-09,0.007566832899537859,0.002780839906999974,0.0039864722847728585,0.0045201517722369714,-0.008105272763018976,-0.0220546663753865,-0.017997089990768544,-0.006329437072100319,-0.005059338511250981
2023-08-10,-0.0056336719239514065,-0.01371176976415864,-0.01371176976415864,-0.00012007458535550622,-0.003385844609893644,-0.01035583245719358,-0.017546180131342216,-0.0042674613844437825,-0.005242356594067802
2023-08-11,0.0008954309390507788,-0.007781208202760867,-0.007781208202760867,0.00028372802715370747,0.0038090986724178114,-0.002736864398602698,-0.010839351958692492,-0.0010089710837443144,-0.0017160785681501053
2023-08-12,0.0005396261615630453,-0.001415868138053315,-0.001415868138053315,-0.005657320259236559,0.0032683596902316607,0.007726038412037324,0.009118531193505914,0.0001406917616817438,0.00024231285824673947
2023-08-13,-0.004443675347681982,-0.009200203402402306,-0.009200203402402306,-0.03314586787177675,-0.007837231526056494,-0.024681073452851778,-0.013771543300174582,-0.004292533818187172,-0.01147046765617584
2023-08-14,0.011403307545394823,0.008161938213157232,-0.0015,0.003358754450110915,-0.0009861079739689079,0.015835507542570553,0.007857802398503744,0.004336974266853755,0.0067162217720433326
2023-08-15,-0.04077916630032572,-0.046372447274381216,-0.0454646154263897,-0.03312195361873443,-0.05420888303252733,-0.029065237761517038,-0.04481899841530497,-0.007846507059070196,-0.028408631241724505
2023-08-16,-0.05245603292078744,-0.050646446678230525,-0.0015000000000000005,-0.03513891430649625,-0.06336627139524001,-0.07450492920966663,-0.07812365418250358,-0.016078424657534285,-0.042348147010349314
2023-08-17,-0.07398823771648262,-0.10018190255646982,0.0,-0.06870951526204357,-0.09649844549855613,-0.0015,-0.08187176883478395,-0.07334015302895769,-0.08252389706888569
2023-08-18,0.03193961926894135,0.02157549356094412,0.0,0.00833372431407083,0.01729578031378195,0.0,0.02604166666666674,-0.0213875683092436,0.009691871329361659
2023-08-19,0.028151378015380032,0.010894057692728006,0.0,0.002842355946218142,0.04102621238373139,0.0,0.04208485093454911,0.001765947647194288,0.00951885729609149
2023-08-20,-0.007041108835067209,0.00045902047997787416,0.0,0.007656422332648629,-0.009415639989969093,0.0,-0.03239278314114824,0.003447508257659715,0.00478299804343894
2023-08-21,-0.012001560556563928,-0.03296704696258827,0.0,-0.005164778026572889,-0.02466243606953796,0.0,-0.0015448763665607981,-0.0024081719771562593,-0.012017552881977929
2023-08-22,-0.018440766164235733,-0.008048927317985888,0.0,-0.0032296295974642737,-0.015550399889969924,0.0,-0.03752039151712894,-0.0027144416563451568,-0.006557762726873192
2023-08-23,0.026930654015039922,0.02933496522706818,0.0,0.017381259432020846,0.028216037502989903,-0.010383248730964465,-0.011883248730964465,0.014458090267116974,0.023063654809754343
2023-08-24,-0.038689223484052314,-0.024953648415868286,0.0,-0.02601731147025624,-0.01701985437597564,0.015364916773367598,-0.03658897185271541,-0.009558985984038038,-0.011006952876939856
2023-08-25,-0.012599669494068731,-0.029829104623587142,0.0,-0.030241968541327022,-0.011694888127320323,-0.07440100882723844,-0.01946516768106693,-0.0045851707693453925,-0.014158208000651807
2023-08-26,-0.013814581406279457,0.00711396236782273,0.0,-0.006540451406158587,-0.006619603260598673,-0.0015,-0.05230505739636949,-0.0016362234703670708,-0.0029332453101164908
2023-08-27,0.002704948528310459,0.015212388623041948,0.0,-0.005415473484803606,-0.0019333076151451653,0.0,0.0012750548062877578,0.003243986613558514,0.0039053678723725343
2023-08-28,-0.017480778863237956,-0.006463015828652094,0.0,-0.008032869027514024,-0.0022446303541190623,0.0,-0.03002195732442203,0.0006984200688304742,-0.0011622327538963633
2023-08-29,0.02819862894871912,0.052951747981676504,0.0,0.03557275932391113,0.03291493956242993,0.0,0.04199632111865585,0.061115620214395205,0.04238981111454931
2023-08-30,-0.028468297218194938,-0.033329193076254066,-0.03268831503310233,-0.027703180868618185,-0.016187713443211914,-0.015723859792302636,-0.0013539278417843627,-0.015021824670934159,-0.019700924318167043
2023-08-31,-0.04293123772471912,-0.04270578277549416,-0.04270578277549416,-0.044319485351928346,-0.037215039145373316,-0.05178873980404077,-0.034969586526270864,-0.04978793032524931,-0.03991113006872407
2023-09-01,-0.005388003765772274,-0.023532552844549994,-0.0015,-0.021758226599258634,-0.01719025634063121,-0.0015,-0.01923592172238176,-0.005232302189833948,-0.0185153687900976
2023-09-02,0.010514896031615201,-0.0007715784390464576,0.0,-0.002636132682231504,0.010142245481419856,0.0,0.04586025472373195,0.002497960670488908,0.0036027289661598057
2023-09-03,-0.0004795461539166446,-0.010483260501543789,0.0,-0.00445182755280741,-6.273618435091418e-05,0.0,-0.01719212976036694,0.003931268895313478,0.001466420411738385
2023-09-04,-0.021459998489540003,-0.008270626675972744,0.0,-0.002094746458214574,0.0012445826974519076,0.0,0.030605593502188326,-0.005590421085501895,-0.0031601308462363776
2023-09-05,0.0007256117503118614,0.008424041149658841,0.0,-0.0029664068258776384,-0.004614735756317022,0.0,-0.04188712671984851,-0.0013134040785224288,0.00603001645289797
2023-09-06,-0.013553505183019843,0.00399394655381664,0.0,-0.01338200453218722,0.011275127206645304,-0.007279443923773719,0.013437750739997424,-0.0012465057129895651,-0.004916521952783681
2023-09-07,0.0008885011200349807,0.009095721535999142,0.0,0.01053570598483981,0.007709477081992706,0.024476038338658305,0.005315746333578186,0.01921781680476853,0.008880726221855123
2023-09-08,-0.023200192312985812,-0.01465340259491944,-0.014045911354763707,-0.015499826540205871,-0.01253747201264043,-0.013997348024885538,-0.01542569156214597,-0.01312131022662355,-0.012017431195533241
2023-09-09,-0.00937926360891702,-0.009548073992088416,-0.0015,-0.005649657112242336,-0.003856718257191586,-0.01772705508934538,-0.007019017649141654,-0.0003431041469674767,-0.002380551977311522
2023-09-10,-0.00260743492510399,-0.03663697939644007,0.0,-0.016772766193592137,-0.010043904532469962,-0.005394787748600785,-0.008829906210766002,-0.002316458320544501,-0.02666122198494639
2023-09-11,-0.03295838871410753,-0.04332293598848049,0.0,-0.037735121475375055,-0.029911935757602186,-0.05126541207008428,-0.04302369403494155,-0.026278935406888304,-0.03458488430061428
2023-09-12,0.015300713214433739,0.0007038323927253244,0.0,0.022464947098780774,0.007165288450654329,-0.0015,-0.059585226583279645,0.026928145511657675,0.02077251900271257
2023-09-13,0.016644610485719837,0.016666553299324018,0.0,0.008398230548908425,0.021775376401207025,0.0,0.03784729140343779,0.01477935456906132,0.013056005857767764
2023-09-14,0.0030031367344885754,0.012934739474424454,0.013548158511092735,0.011455729603330599,0.015266874193456273,0.009968614140797806,0.034599603659013066,0.011468614140797806,0.012817153917142513
2023-09-15,0.058442880741785025,0.010216263525127098,0.010216263525127098,0.022103917332514822,0.026360454107033793,0.0029133501717206745,0.04291157306518117,0.0029133501717206745,0.016797664441959244
2023-09-16,-0.0027303867320595523,0.0003207858142487553,0.0003207858142487553,-0.011929414835082362,0.002455945549598864,-0.009500465482102014,0.0003863038254415675,-0.001516165413533943,-0.0008983211530796012
2023-09-17,-0.02812003721196754,-0.06108919530942018,-0.06108919530942018,-0.01929145719536229,-0.022350631984465755,-0.017044213769899577,-0.08455320621077711,-0.0012108584180451354,-0.015324470556825951
2023-09-18,0.01827724226711637,0.017191266815643005,0.017191266815643005,0.003096322152818078,0.01794555269684181,0.013942018239639434,0.045948688620203494,0.00885872816559119,0.016602007392799503
2023-09-19,0.04414524761727791,0.018862816872340555,0.018862816872340555,0.024812784172175657,0.04365909774810148,0.016130396970106792,0.006368762282159082,0.016730493514995448,0.01981730255061005
2023-09-20,-0.0039277165281356875,-0.01293340305586344,-0.01293340305586344,-0.01225156751474821,-0.006863881751847653,-0.00650040386210482,-0.010034082951967237,-0.0031333768953327734,-0.0031907271349523258
2023-09-21,-0.04548626057361587,-0.02230105063396473,-0.02230105063396473,-0.04719523488860166,-0.044128648686785406,-0.030098055913591444,-0.01699060023054206,-0.020531612903225693,-0.029708726429213846
2023-09-22,-0.001354744521831428,0.01326961004315956,0.01326961004315956,-0.004023196883400653,0.01185166368060543,0.007921908697600018,0.01921609912227224,0.00045392817245337724,0.007956849156013928
2023-09-23,-0.008886959069831125,0.0008257271185073247,0.0008257271185073247,-0.011428448459695628,-9.340801048577459e-05,0.002291390429819181,-0.002356088774959202,-0.00015726027026197187,0.0018554209641206156
2023-09-24,-0.016823447603913064,-0.008811779231299853,-0.008811779231299853,-0.008076878610926798,-0.014192020964922204,-0.009707541067672748,0.001900494629024188,-0.012326177492741452,-0.015998442238208035
2023-09-25,0.006217272295421788,0.012783656150930491,-0.0014999999999999998,-0.008126073972727688,0.014118781533835152,0.0036821222725831413,0.024265160409557857,0.0021498469619840588,0.010897528200112978
2023-09-26,-0.01064745213068465,0.03158614035678979,0.0,-0.005392021984740088,0.016331610080892026,-0.0072136471935712945,0.05525376422139935,-0.0031606386816709353,-0.00042563734847802614
2023-09-27,0.04053828422389225,0.0077277897708510224,0.0,0.016901976451493047,0.04862543997009966,0.024117441221373954,0.017364761101678065,0.005770799495226742,0.009988441087630147
2023-09-28,0.0022112580246050517,0.037115432267291984,0.038026387244402354,-0.02050508118249942,-0.011621823547694317,-0.009982370911733372,0.02900226390022058,0.024585759900564774,0.03323244471466548
2023-09-29,0.0034687647600375364,0.013319001631071753,0.013319001631071753,0.0027995218192552462,0.019467577513299396,0.0026357080703273642,0.018160139308653022,-0.004234793250828317,0.007088354292311425
2023-09-30,-0.008915758127327901,0.003964843761414683,0.003964843761414683,0.014692146564489618,0.004214391403615675,0.005786880317486799,0.004671848648478064,0.002066379851161315,0.008020569388529672
2023-10-01,0.03978095659867931,0.0399471974319632,0.0399471974319632,0.03464055856075354,0.02555224421306907,0.03368426806648006,0.0584035011726482,0.03820149125305594,0.03718325026392183
2023-10-02,-0.034079854383705636,-0.039731411040591844,-0.039731411040591844,-0.0280153632859809,-0.048605610762077825,-0.03168297156430334,-0.035362614115460336,-0.017792578530660186,-0.026425491439732177
2023-10-03,-0.004288113575700735,-0.0185577711500018,-0.0185577711500018,-0.007920715118555742,-0.02735123600006254,-0.010189350455978559,-0.026058958836919888,-0.0024750395624435484,-0.010560060334472165
2023-10-04,0.003929705742485277,-0.0040275300105297954,-0.0040275300105297954,-0.008316920882818653,0.0011460689998721973,-0.00670447780637122,-0.0053527722748521,0.012838332034101452,-0.004661837738578794
2023-10-05,-0.022040231822756565,-0.02010847123111714,-0.02010847123111714,-0.01880415360003347,-0.024895854948731193,-0.022223852673469435,-0.0250546535391572,-0.013254101993011136,-0.016917511863476745
2023-10-06,0.003452928394586042,0.04006234404786401,0.04006234404786401,0.00882590134421298,0.023828554209205897,0.05531256384330156,0.06334862047830828,0.01899644623808716,0.03499470352572301
2023-10-07,-0.018046790144907288,-0.005774145030417034,-0.005774145030417034,-0.03978065500591806,-0.01810279399507114,-0.016238605912576046,-0.005617507612225889,0.0009158253401495564,-0.014580052345731355
2023-10-08,-0.0075066361063328415,-0.010214959295161186,-0.010214959295161186,-0.00750786071442244,-0.008233193155171632,-0.003291447616524311,-0.016226074341545348,-0.0014171931063320375,-0.0027066285926430813
2023-10-09,-0.03552505679655424,-0.04792473586576691,-0.04792473586576691,-0.03405765592498766,-0.041124993619028286,-0.032517729504845425,-0.052818329923314956,-0.01171076456860598,-0.031188127171501122
2023-10-10,-0.0051704737829088455,-0.006410700958340973,-0.006410700958340973,-0.006928248221073739,-0.008637324809239143,-0.011176918810834904,-0.0123120936789318,-0.007248971733359588,-0.0055889381177910025
2023-10-11,-0.010055510193131998,-0.003834970066595675,-0.003834970066595675,-0.01890595539679351,-0.00826218221031999,-0.004287359353895879,-0.009833686663502466,-0.018787796475517426,-0.005331279296214359
2023-10-12,-0.018349010892597686,-0.010761131253910853,-0.0015,-0.026776758819157007,-0.010037829598585816,-0.03987632918816594,-0.0403724015461877,-0.004312102612340163,-0.016778675656305052
2023-10-13,0.005832947251359369,0.016437148200895656,0.0,0.00676832924414302,0.006116701998839257,-0.0015,-0.0015,0.0038255386939205493,0.010758347191898155
2023-10-14,0.0013515034059328936,-0.002477657266988399,0.0,0.02754394779504725,0.003011115199557394,0.0058260073260073,0.005071517676753014,-0.00035440399076769324,0.009979966229074272
2023-10-15,0.018289868008947156,0.007472539154306916,0.0,0.04143803633178732,0.007896703053256755,0.055914701278601486,0.04599535991303897,0.011234344090378379,0.016955141069628768
2023-10-16,0.03008136038632052,0.022187372698204505,0.0,0.021549949994376445,0.018408274793868064,0.02921409579919534,0.0139777225802512,0.04959205130707445,0.03732268127581277
2023-10-17,-0.016209665586726627,-0.033180103532791376,-0.032565565061016426,-0.01085958209054412,-0.022322348014865708,-0.019366006969024574,-0.01613776943510743,-0.003679548419376566,-0.02084122522880737
2023-10-18,-0.009030483502795845,-0.005241317254239744,-0.005241317254239744,-0.011302418961691558,-0.0010857078148640911,-0.00035573758430700866,0.005196943938995172,-0.00267327231280845,-0.003314609525206903
2023-10-19,-0.0006302327387541645,0.008842166339377927,0.008842166339377927,-0.003954159377992296,0.016584763334008313,0.025342178464511186,0.02846204152564406,0.013902189265536657,0.01786956610878586
2023-10-20,0.03784447405735946,0.034055519449936386,0.034055519449936386,0.03063270388023232,0.04668665140173016,0.05848634673493817,0.05585912224991189,0.0332708660775638,0.04881044292947341
2023-10-21,0.04320103096481039,0.02950315552602493,0.02950315552602493,0.029969458289465623,0.04604231945399262,0.03906799596563984,0.02712238100998143,0.00811485642946308,0.03770727969722667
2023-10-22,0.060768491231839104,0.007650887939997675,0.007650887939997675,0.050730801978350594,0.03909566637024901,0.01940903514926535,0.0007151453428135995,0.002763642685674972,0.02072213525562403
2023-10-23,0.0999502480119586,0.09522975133900444,0.09522975133900444,0.044056663805693425,0.1012850340220687,0.06554967613021116,0.12086546609765554,0.10261012267749958,0.08643455678197194
2023-10-24,-0.021504042739706086,0.010152613187154727,0.010152613187154727,-0.016338430493394337,-0.004033365379470027,-0.006066344180389914,0.009203765841321368,0.02578591647593509,-0.006501216800672995
2023-10-25,0.011726362806342476,0.05556576095282652,0.05556576095282652,0.009929634906427287,0.08783986599982899,0.047161861383211226,0.0806356699724278,0.0169007624091575,0.018934190570300644
2023-10-26,0.037011051327916406,0.010944304351085682,0.010944304351085682,-0.014193397090253279,-0.00179834699326072,-0.0044967620713977415,-0.0010040541204325375,-0.009983461874620403,0.004036798144133765
2023-10-27,-0.038847389644297306,-0.015880028010939275,-0.015880028010939275,-0.014895918966842501,-0.015522910244230668,-0.011185184736148525,-0.03287701944918362,-0.007602558704320916,-0.018316511391671283
2023-10-28,0.013876269388688828,0.011235799998891686,0.011235799998891686,0.0036184858274395846,0.005456112180125622,0.005964137201378771,0.006956211037428059,0.005575943835746777,0.004161367330465673
2023-10-29,0.012559739037362709,0.01651255313975129,0.01651255313975129,-0.003038547180071607,0.010373752995845172,0.013171744853017678,0.008615300154860325,0.013053901000557477,0.01610657138924764
2023-10-30,0.0014955162768794969,0.03898734872333866,0.03898734872333866,0.03738563316614629,0.038806493808107995,0.027925487660455568,0.06817466562300106,-0.0014817865665446295,0.015401854748412568
2023-10-31,-0.004517909375921092,-0.0056224107810975855,-0.0056224107810975855,0.06652535597477865,-0.005870591927294799,0.017448714003194553,-0.0033749973489812955,0.004787274621149917,0.01716215116738058
2023-11-01,0.07244114828346886,0.03582137062408788,0.03582137062408788,0.03185933978362141,0.03429574906317432,0.036428612911304316,0.021154734101104265,0.022565392322177802,0.03638569238326145
2023-11-02,-0.05035922931365577,-0.03522731225075836,-0.03522731225075836,-0.03510739047631273,-0.05353319257952842,-0.02398138081659106,-0.03615436838974579,-0.013546601591183705,-0.024299348672579678
2023-11-03,-0.008804725555379998,0.04949052530479451,0.04949052530479451,-0.0016585409986572513,0.028502628442162687,0.03265625871155228,0.03950255736027968,-0.006433880083877019,0.032054295365084626
2023-11-04,0.025611722445799776,0.035906132551920156,0.035906132551920156,0.013389424827902102,0.03067860798271414,0.02015461299696543,0.027077225846679383,0.009945910882288134,0.020820220723611813
2023-11-05,0.04369308976721547,0.01691056288469699,0.01691056288469699,-0.017504590129882626,0.019524537977677506,0.014867205903588324,0.034789320781485396,-0.0014314614054447006,0.014680940493096654
2023-11-06,0.05844042051907058,0.05283729330966339,0.05283729330966339,0.05997984364473832,0.05064433277827866,0.04219893865468813,0.04274719787645347,0.00097709691681791,0.041643507402289184
2023-11-07,-0.03983349244107697,-0.022628721531355842,-0.022628721531355842,-0.026510825091553062,-0.042850982050751614,-0.01886292400831909,-0.03058063186160373,0.010073306323187703,-0.019215534062204657
2023-11-08,0.027782001000780536,0.00995640960847255,0.00995640960847255,0.04970895953447715,0.010440999033630206,0.01764648785523948,0.002300933262241079,0.006373039781779832,0.018015057858067285
2023-11-09,-0.035871427118440796,0.05362906774653228,0.05362906774653228,0.018204229897772116,0.01467820001280761,0.044405409289638625,0.07087907339504365,0.030214132209319677,0.04293066278034169
2023-11-10,0.03742347242967392,0.029148305413750523,0.029148305413750523,-0.011466654624018966,0.06273065261726628,0.030377456366457212,0.04303500776210807,0.016363001752808914,0.03160524243903054
2023-11-11,0.005480617250135647,-0.015517386086213548,-0.015517386086213548,0.02993629301897042,0.022188367605738595,0.009163036209844964,-0.01840296678316857,-0.004601139414014854,0.027220274483993806
2023-11-12,0.027600356774142146,0.002431452537275729,0.002431452537275729,-0.014120399465460102,0.017428665018322465,-0.005404383279027523,0.0003301457593121982,-0.0017740371667116506,0.005348762536876034
2023-11-13,-0.06680264921976198,-0.04964558913856129,-0.04964558913856129,-0.06276729636744212,-0.06558032895126002,-0.04041370702413142,-0.07070982036472533,-0.016220534516795504,-0.043566543066150085
2023-11-14,-0.025834387163048332,0.01664419834116463,0.01664419834116463,-0.04358117086363367,0.01534717094255096,-0.009791498993281947,0.019887753455173414,-0.025004573137704433,-0.009895199719375794
2023-11-15,0.10332530769294344,0.06447195162345506,0.06447195162345506,0.1432800234125745,0.1052880754474319,0.08459780001193527,0.07237936007454476,0.06489262384747163,0.08291544374269184
2023-11-16,-0.04888972900713361,-0.043985538944637186,-0.043985538944637186,-0.07658961385078614,-0.055415866520883934,-0.045606012844878606,-0.05238516412937049,-0.044764146208747246,-0.048544381170251324
2023-11-17,-0.0005576747054234802,-0.013768819486899949,-0.013768819486899949,0.05587756878137036,-0.001754292901944553,0.017777616638309752,-0.008782741962012255,0.012454819789339933,0.019042972351235987
2023-11-18,-0.030406904133912397,-0.012963130344250028,-0.012963130344250028,-0.06014092754416245,-0.010360839217913432,-0.0184483761984238,-0.014796424732376499,-0.0012514366120863762,-0.02299130516320166
2023-11-19,0.028143962517294,0.03787045286888307,0.03787045286888307,0.04640916986331404,0.032283532982074425,0.022880587411522213,0.0313860917301863,0.021651658139197894,0.018320659949221853
2023-11-20,-0.011895964152050697,-0.01482775952662421,-0.01482775952662421,-0.0645360678948875,-0.026207472228134354,-0.030450995387601227,-0.007548097858100199,0.0023800945720888755,-0.02247720658460331
2023-11-21,-0.11525000012991603,-0.08700008395833965,-0.08700008395833965,-0.06912021923516083,-0.10657347089333764,-0.07490866431606075,-0.09219814071592376,-0.04558573069670091,-0.07321513470066152
2023-11-22,0.05543764823214968,0.09035622083286059,-0.0015000000000000005,0.05548241823811975,0.10312783868657494,0.12863830270959292,0.10954489668781053,0.046631590875071405,0.07994742276562596
2023-11-23,0.010283716738911434,-0.006219184375452295,-0.005292605639089742,-0.029640113245098958,-0.011076608518057036,-0.010918685023373974,-0.008985157049426457,-0.003049052697874255,-0.006634031181529438
2023-11-24,0.022056398881282187,0.02438802994812604,0.02438802994812604,0.007767188397363532,0.05799597967829002,0.009094117693634645,0.037514480628598704,0.011242742854936427,0.009231050855237278
2023-11-25,0.004745951663384399,0.011141874169777532,0.011141874169777532,0.014138868634189896,0.00131081872126419,0.012872607620466651,0.003771288780903463,0.001779200431038408,0.011598915653002214
2023-11-26,0.02177920707152328,-0.0219832055967617,-0.0219832055967617,-0.013675084300987144,-0.02171732494519809,-0.013004870174915603,-0.034323428094983094,-0.008820383545342092,-0.014215945936757554
2023-11-27,-0.03877349960142707,-0.03612309004361936,-0.03612309004361936,-0.016237667642634897,-0.03064746254412279,-0.01389272572130574,-0.02772129451016554,-0.005467130855174918,-0.015581260424944928
2023-11-28,0.0277851967408133,0.010875121491727804,0.010875121491727804,0.04470862470586016,0.01870318012046035,0.03187123516498619,0.03434964348613589,0.0154706828452289,0.026507987135793415
2023-11-29,-0.021415962406921066,-0.025546552350823162,-0.025546552350823162,0.0247720372038359,-0.029880464722147143,0.014526569837030415,-0.02886318236596874,0.0009458241348827556,0.0073066627887785705
2023-11-30,0.001968880140257048,0.004815736447743489,0.004815736447743489,0.0077013348450390645,0.016281692576413223,0.011782250626290064,-0.0007950784292712219,-0.0034521527611939273,0.006025625965024348
2023-12-01,-0.010418252338538712,0.0262754401998641,0.0262754401998641,0.008261495481721687,0.012091670596025684,0.01298237044789648,0.038984797325980015,0.025409845625962824,0.015644723748749527
2023-12-02,0.03255513767409772,0.03439135552328554,0.03439135552328554,0.050537763103537414,0.02816056977254723,0.04700804079921453,0.030348724431051775,0.019849534104810163,0.04306320268628836
2023-12-03,-0.012868236956277333,-0.010127876454430206,-0.010127876454430206,-0.0167337541935633,-0.010876146404145108,-0.005896293589916352,-0.011952338064942863,0.013229540422328379,-0.00554086733325759
2023-12-04,0.09894920306281212,0.016018784066655196,0.016018784066655196,0.022355505602442007,0.019527487278121654,0.013890742519988944,0.018959785834766485,0.05050602592898157,0.013715914908018031
2023-12-05,0.03592139353326925,-0.009328086532703858,-0.009328086532703858,0.05082688238755802,0.05516191930449477,0.015144707445624224,-0.006402172479627011,0.04958717442505667,0.012627231365449668
2023-12-06,-0.05154911856127032,-0.0302566057729523,-0.0302566057729523,0.02222026643556807,-0.044143288943037526,-0.0006287109737916623,-0.03457967396186894,-0.007048028149456376,-0.0007575095202363141
2023-12-07,-0.0012092079010354233,0.03178276641754907,0.03178276641754907,0.032427943744715984,0.018898789218661095,0.03536552810148902,0.025496740900759245,-0.011186469570312108,0.03234324929059995
2023-12-08,0.03728442177905533,0.054902669142895925,0.054902669142895925,0.032202922994662535,0.03104036857410829,0.05097681731757101,0.060063542648321984,0.02074843655902936,0.050323731821958165
2023-12-09,0.011876888422697887,-0.03189865258417041,-0.03189865258417041,-0.01200294642189984,-0.016211427829291344,-0.018375417462093733,-0.03177447873562413,-0.010354986383596998,-0.016461875561441706
2023-12-10,0.01830052214669914,0.02131337817511303,0.02131337817511303,0.057272511792768224,0.024167508016383954,0.03535684564630581,0.020449465258407632,0.0017365305076681992,0.03934395441086682
2023-12-11,-0.040138267109696785,-0.058785957251787924,-0.058785957251787924,-0.05128141553777388,-0.0832618174730307,-0.052382503685881744,-0.040679248848294575,-0.05791592552645597,-0.04835279641850427
2023-12-12,0.022584604307987047,-0.006312266950737085,-0.006312266950737085,0.05202742025109663,0.022494925776598354,0.017887319398740324,0.009394749572316854,0.005793219467971067,0.00878221610766072
2023-12-13,0.034756748010186335,0.017496924178999302,0.017496924178999302,-0.010961443294334678,0.05537670447469382,0.013253781093711054,0.017158195140532496,0.033178132182793085,0.013561938177684509
2023-12-14,0.024465348328044215,0.0060105267665758,0.0060105267665758,0.02572540740035123,0.02431388435727193,0.01669749441956664,0.008475255616306958,0.0035743752541170792,0.018051545385634034
2023-12-15,-0.05370782076571054,-0.050168164798108816,-0.050168164798108816,-0.05323083474103141,-0.04334891772868821,-0.039322813016024576,-0.05317779772719846,-0.02514884155318664,-0.038594559048254304
2023-12-16,0.062230167167120376,0.03243921811238525,0.03243921811238525,0.023298574806177252,0.0034197978758974106,0.02131526611275055,0.027648975048826976,0.008052636724105389,0.015735847072844575
2023-12-17,-0.059866820254548585,-0.009978197085223415,-0.009978197085223415,-0.03454814522331499,-0.017904667468980735,-0.028305565471165264,-0.008424187982013585,-0.02136759919986808,-0.025703057638511294
2023-12-18,0.033291367193927626,-0.006852151644378999,-0.0015,0.0011413749296322168,0.04421249436969628,0.015377562228288733,-0.0025385385603109395,0.03101295116695857,0.015757191536504667
2023-12-19,0.01500802427095516,-0.028580616263137598,-0.027670210058036295,-0.03679329770519361,0.014423291568198951,-0.01307493956056287,-0.036143452758667226,-0.00895053190741213,-0.022435013311695864
2023-12-20,0.028508186608589243,0.06307861839755194,0.06307861839755194,0.024571779698884355,0.05863371516360904,0.06097655875247872,0.09373305056671472,0.03294872574243679,0.0427401210838496
2023-12-21,0.11202857329300316,0.05529325503908842,0.05529325503908842,0.059268558549046516,0.047239260381584464,0.06524605714513279,0.07029776374662706,0.004416641305385882,0.04629217703068189
2023-12-22,0.0148749406100387,0.0032581620349673625,0.0032581620349673625,0.009650675334097728,-0.012774586144599812,0.0020335431263288637,-0.011574432350460538,0.0024449520995490914,0.0051242744431472175
2023-12-23,-0.00707818768516525,0.040572185037248076,0.040572185037248076,0.035008371542381,0.028260182785451504,0.015824765496331994,0.05561671321748423,-0.006069725424980743,0.018963453954961733
2023-12-24,0.04781461479896922,-0.022334780612025994,-0.022334780612025994,0.03762026105052814,-0.002848697019516462,-0.012636755962029862,-0.017556103998363534,-0.016261438793872096,-0.001883139207988869
2023-12-25,0.021748585995806858,0.06275498174249201,-0.0015,0.01789772618256875,0.03402784415072347,0.02225375413380866,0.07764927825322027,0.013598734633590404,0.025466646904564502
2023-12-26,0.019181489497458883,-0.014475270874255361,-0.01297527087425536,-0.04602493855165586,0.012589292651321504,-0.02789841797721633,-0.029497649827115044,-0.024490472192000512,-0.02753800362530178
2023-12-27,-0.023919355694902222,0.008753927895389469,-0.0015,0.05580815581372722,-0.03350159344233012,0.0068926796688867364,-0.03550446354407828,0.021640629392459365,0.03297090667104102
2023-12-28,-0.019198406288360826,-0.05193555599863359,-0.051550934286376845,-0.0213803001427801,-0.027268330347831896,-0.03625106719788719,-0.038871041657406895,-0.01991970775187457,-0.024498281741996322
2023-12-29,-0.010055009535214019,0.0004959601356325318,-0.0015000000000000005,-0.022680989925686196,0.049855248360004656,-0.00873494180929395,0.0077540082231277365,-0.011672136108276221,-0.012980226322528862
2023-12-30,-0.010483122796497334,0.021052303806460844,0.0,-0.03643254325413007,0.003975666698841586,-0.014557112429779159,0.0539820124580387,0.0017431736790995966,-0.010870016103370368
2023-12-31,-0.03065487040236197,-0.01299869156565234,0.0,-0.008864708596011846,-0.05457417663508312,-0.010016602970269793,-0.01299092364092769,0.0034005469351414686,-0.009467419229976924
2024-01-01,0.08384497708541659,0.06999903308967043,0.0,0.06532900633740131,0.0834177344936877,0.04758220782371587,0.08092616090661951,0.04483939155577654,0.040469690651851256
2024-01-02,-0.04017879456911098,-0.011132090983601014,-0.010468403491285215,-0.015373361925926159,-0.015313365789550715,-0.01406723973631002,0.001587395663263362,0.017369122139089255,-0.014858200581913072
2024-01-03,-0.04869570893422807,-0.1043181584354401,-0.1043181584354401,-0.011153091403184138,-0.013796147687081147,-0.03239287357889288,-0.11910710321102037,-0.04675916542427505,-0.04900586602693265
2024-01-04,0.03722515491964554,0.046898420224935795,-0.0015,0.03318894127144984,0.018253545657167393,0.050209514316031656,0.029861147841981735,0.030478772082679795,0.036777494133317365
2024-01-05,-0.04643499926079502,-0.025123218483747385,-0.024196997635199058,-0.06247986933357948,-0.01940728412217583,-0.03366183017657706,-0.04226225511372268,-0.00013567045894657959,-0.030236441387205812
2024-01-06,-0.0584189231825901,-0.0590203751507999,-0.0590203751507999,0.004466338042734481,-0.06797547521691347,-0.03793195876024892,-0.0640779832727576,-0.00400474707164622,-0.0406776828031673
2024-01-07,-0.040804815016023885,-0.03804672822031022,-0.03804672822031022,-0.013835046265030142,-0.025205544904622536,-3.5568882966199e-05,-0.03867825067516745,-0.0008938253724500855,-0.023836997198260258
2024-01-08,0.06939156909659804,0.08307240067218524,0.08307240067218524,0.07196300575960438,0.07370159747547843,0.057945623688114206,0.12001333698243505,0.06879324874536241,0.059115357402074534
2024-01-09,-0.06183282836699936,-0.03604050597276346,-0.03604050597276346,-0.04599707847925142,-0.023039742166394997,-0.021014804987446258,0.04258186616219473,-0.01791312822889546,-0.013574090554821517
2024-01-10,0.0924097678997919,0.0836087548375384,0.0836087548375384,0.10297379745761073,0.09926109139002336,0.09920157991433087,0.11351884601817656,0.011797657774886172,0.08169292332224554
2024-01-11,0.06694025195176347,-0.005877221197652738,-0.005877221197652738,0.01857570512140646,0.05300476508353448,0.0060097228445373805,-0.0044979478817740726,-0.006748190240534524,0.007121240533033966
2024-01-12,-0.03813020828435128,-0.04695805709555519,-0.04695805709555519,-0.05640624740794423,-0.031149584354617118,-0.04807537609271581,-0.050018189075033324,-0.07674783056058854,-0.05374661720827206
2024-01-13,0.019224293007637564,0.01972920495210262,-0.0015000000000000005,-0.007931370494248559,0.03499911329772534,0.010661482718663422,0.018070724954191125,0.0015253818538460973,0.011958868391859598
2024-01-14,-0.03534490330754807,-0.04253767116290582,0.0,-0.03680739210502241,-0.029720195863844022,-0.059023499057959374,-0.03774263139144709,-0.0260371606696137,-0.037906836578775686
2024-01-15,0.0034242794192063603,0.013639628425418132,0.0,0.01964065231066344,0.04720427188906508,0.06576215712886174,0.04606263964222659,0.018660583456239666,0.02969302660178774
2024-01-16,-0.005762380598544522,0.0006542784425111474,0.0,-0.02062416111503832,0.009413601843068133,-0.0018764914440506197,-0.014377246679004852,0.014745560571238991,0.008144491145945837
2024-01-17,-0.006250925692535705,-0.001839230031032968,0.0,-0.008455675936370751,-0.024578013458555335,-0.010520952853892585,-0.0019584417166966755,-0.008388205744593757,-0.005773317559068262
2024-01-18,-0.08543572284252936,-0.062222474017133225,0.0,-0.0876410657556548,-0.046606832560848105,-0.07078878645754554,-0.06532503708129662,-0.0338647048234878,-0.054490011023629076
2024-01-19,-0.0035183396729540277,-0.018596414900953376,0.0,-0.002980610168823188,0.034144836716352725,0.006032066331052219,0.02887304659580852,0.008022019236585853,-0.003375879379378527
2024-01-20,-0.0097294927589318,-0.009156279801961466,0.0,-0.008028765922740709,-0.027717224613277767,-0.00439108272466515,-0.024049962025691457,0.0008884028264701804,-0.005895261526292166
2024-01-21,-0.027596192763001928,-0.005627078619067071,0.0,-0.00929233054574385,-0.004379173948279469,-0.015813912756098846,0.0038507129053268574,-0.00277508367701107,-0.015283123046943082
2024-01-22,-0.06790084136533826,-0.059729118723012814,0.0,-0.05480135841273255,-0.0701548356379702,-0.06467523065638338,-0.05516128844701217,-0.048395719803089654,-0.06373603797674124
2024-01-23,0.004569106024475802,0.022763045565478666,0.0,-0.033441407236926124,-0.020187399809674444,-0.0015,0.08010555743762857,0.008329453937801379,0.008570360946662761
2024-01-24,0.035159700961423915,0.01307955591440826,0.0,0.0040185066845395525,0.02330383146859539,0.0,0.11392301334368443,0.004694016682707636,0.00964150794853283
2024-01-25,-0.009191006806271437,-0.01832723505476686,0.0,-0.01739204803083705,-0.011383240065859362,0.0,-0.0354833278557572,-0.003088196846292135,-0.019736569670675927
2024-01-26,0.0149980797141647,0.08255021080791966,0.0,0.04485415737452232,0.033675488056383956,0.0,0.1096705879760824,0.04660583582680067,0.05561977399566734
2024-01-27,0.004689044148603952,0.003295090718518327,0.0,-0.02417039957862321,0.005176818160152856,-0.04550877433506989,0.00461190260181437,0.007104138318376307,0.004728711309211578
2024-01-28,-0.011706283473816359,-0.006276313526051172,0.0,0.0030754312715247285,-0.007452871170508277,-0.011296899025664957,-0.020084426765504378,-0.0021265114030820653,0.005886094067995831
2024-01-29,0.03851349835495115,0.04449277938260711,0.0,0.04433343593327699,0.0447552933855485,0.07942599676995607,0.09103173878177681,0.03025476873531141,0.03710656421885228
2024-01-30,-0.0010222342346496525,-0.03129331388961205,-0.030665689940673292,-0.008112131019423575,-0.014649050635770721,-0.01099314849951503,-0.03342819200460374,-0.008350518558888909,-0.00665867093696514
2024-01-31,-0.04448005832314123,-0.05460608610058626,-0.05460608610058626,-0.05506880738545165,-0.05446261795077166,-0.04456399822831536,-0.05366916344332118,-0.008409193057467013,-0.04153898454669131
2024-02-01,0.012577913668056877,-0.0035665180810994725,-0.0035665180810994725,0.004173253950979007,0.003355462339351219,0.006753784447222629,-0.0012266610641103323,0.011811648661343321,0.010093874446780612
2024-02-02,0.031086336018199327,0.005364895667245498,0.005364895667245498,0.03957775599865561,0.034848683330212224,0.021314030601296798,0.015681577906898482,0.0027170847671955656,0.01226397926844245
2024-02-03,-0.009941959683127853,-0.011814897812198475,-0.011814897812198475,-0.02021167297172575,-0.014616907904764451,-0.01583910434012538,-0.01415559377153535,-0.004372916666666726,-0.011173244061778168
2024-02-04,-0.01898629468472903,-0.02283965758693098,-0.02283965758693098,-0.017189544614211034,-0.013773508187118639,-0.0036906302209581236,-0.023345283621742145,-0.00995580442160382,-0.012877068974858973
2024-02-05,0.018975596029621223,0.00805255824282847,0.00805255824282847,0.037064940860792005,0.0026959584903024827,0.02541529406780792,-0.006310337984037458,0.0029547085589325395,0.011896502449502298
2024-02-06,-0.007440024549889556,0.005771096482080755,0.005771096482080755,-0.0344549571202584,0.014325265502594801,-0.014465033865633,0.017110180739240647,0.009137482526979213,-0.0006399070249549326
2024-02-07,-0.006077380127680652,0.0366676537748285,0.0366676537748285,0.031481691081591934,0.010880109813140859,0.029083367165918497,0.0322600654756078,0.029018108329785353,0.028319122589932633
2024-02-08,0.017964068013065618,0.0008133808449998798,0.0008133808449998798,0.00501333128031282,0.006354052057833605,0.0017075950047974744,-0.001589238910634558,0.021173809910348673,0.004037780001433128
2024-02-09,0.029491839183046955,0.05364949758858037,0.05364949758858037,0.05024825746653283,0.046922937498391916,0.053557411100997904,0.05279829450462842,0.04071925305788526,0.05478404128246962
2024-02-10,-0.015725444756436547,0.004486725776241747,0.004486725776241747,0.0046030621810651,0.0033088577798583317,0.006712359974057537,0.005594448652111499,0.013118685789101692,0.0068671464610956245
2024-02-11,-0.005546159539509353,0.0007354956232421038,0.0007354956232421038,0.007829844484224378,0.0012567388958672895,-0.00031939468905058306,0.006840893689805653,0.011495025558578842,-0.0009856841934576767
2024-02-12,0.03905774389540247,0.03696208762072422,0.03696208762072422,0.01786089401486405,0.034741920306173596,0.04365714948967335,0.03174428325412311,0.03348406490353306,0.044069620042383545
2024-02-13,-0.010355515741987096,-0.01626210143296504,-0.01626210143296504,-0.010747591636728594,-0.0167665799368375,-0.004845900514113076,-0.020388592307515194,-0.004360815405169416,-0.004878963232523947
2024-02-14,0.03810280613426521,0.04340887329883333,0.04340887329883333,0.07567495953771937,0.08927369229240659,0.04915272236593727,0.05139376416803973,0.04216493536465804,0.049152996925542494
2024-02-15,0.046648920680072654,-0.007308193055562072,-0.007308193055562072,0.017000046488042687,-0.0014775204268791479,0.007876342745424153,-0.013020236209987046,0.001637797501195637,0.008322301909198205
2024-02-16,-0.027406105002334657,-0.0039642451847859365,-0.0039642451847859365,0.006514316440416595,-0.01035318196589106,-0.011527679759729948,-0.001475268999013576,0.004705281418658558,-0.010881161101246295
2024-02-17,0.02077109778400174,-0.012990748736045875,-0.012990748736045875,-0.020482505716956086,-0.0057582833382629935,-0.013329038816091406,-0.013592860380327036,-0.00923699224792518,-0.013898957794342384
2024-02-18,0.010961623210911533,0.03201231145230552,0.03201231145230552,0.014041857897748958,0.03933064474785917,0.02104219627876623,0.04066622408523841,0.009585683458475325,0.021547887737072564
2024-02-19,0.027003913902673995,0.0030406585458841043,0.0030406585458841043,-0.003921886592876251,0.020982257283123532,-0.005244063034452365,0.0088137254058567,-0.0069611856456185395,-0.005648886985438241
2024-02-20,0.027128109419594107,-0.020522779538402463,-0.020522779538402463,-0.000501165756523628,-0.004816569710064266,-0.008938229561003154,-0.024526059498719863,0.009349928044047662,-0.009002783457674409
2024-02-21,0.04238152988231882,-0.044775572019098736,-0.044775572019098736,0.013326477089915377,-0.005117407847001947,-0.020774645541594465,-0.05496492520596914,-0.007834658340927003,-0.02051459402449728
2024-02-22,-0.020432088482984223,-0.005495164851278353,-0.005495164851278353,0.0035795589386832063,0.00556920550722903,-0.008839857471913657,0.00963820308585547,-0.010819220824005882,-0.01552465422586366
2024-02-23,0.006824969046255149,-0.02136646485625711,-0.02136646485625711,-0.03506240591051679,-0.03139554020013869,-0.03072794330853785,-0.04649307020103778,-0.010611947102289299,-0.024053854104693573
2024-02-24,0.09336718732282177,0.03609840031901066,0.03609840031901066,0.02203358686848078,0.027510437445398415,0.03673119872286071,0.031726999010985135,0.016239704478250294,0.030599307314047017
2024-02-25,0.015598126434595076,0.011182686262046982,0.011182686262046982,-0.014426676229592185,0.015193309271855096,0.0022290315220098614,0.008303115868702856,0.0031149029382824267,0.007956239295841546
2024-02-26,0.028991434134858676,0.03503240884926737,0.03503240884926737,0.02421616391925822,0.04995615248447983,0.04057382512930001,0.04313885816039775,0.05311581448263403,0.03570463463130347
2024-02-27,0.0909981257119059,-0.007388520689603806,-0.007388520689603806,0.007474968434311357,0.05000861510105865,0.013231383533218033,-0.00043219373755483534,0.04700873606531397,0.004449332540776554
2024-02-28,0.1496448677769625,0.02481131460314006,0.02481131460314006,0.03768361963617583,0.032252966851764,0.03834859134510759,-0.007525131603156153,0.09458295215029322,0.02740143391921448
2024-02-29,-0.003784779155452311,0.011718502987178738,0.011718502987178738,-0.002544711807307972,-0.01573291284849959,-0.0032788122549948086,0.03712824064485887,-0.020840561185672013,0.0055884560333775155
2024-03-01,0.09509863468832522,0.0714919967832492,0.0714919967832492,0.018066469355183523,0.11246136309037605,0.026723595136771607,0.11615013278242003,0.02056109684484042,0.026613714382920033
2024-03-02,0.12684964657251713,0.023763849805229813,0.023763849805229813,0.04275546441384448,0.053911313986607375,0.024594129937725077,0.042011613632457506,-0.006421437490282567,0.014903134030440586
2024-03-03,0.000818100593355246,0.011938685842575299,0.011938685842575299,-0.03703735933016562,0.052191453907089916,-0.007780079264847143,0.01282112455345628,0.018176148396896963,-0.01201633273329556
2024-03-04,0.05900274754034229,-0.018934172075513477,-0.018934172075513477,0.021902753408899914,0.03170682431492751,0.017300211003038392,-0.018105757306367917,0.08130909844524137,0.010665043173334828
2024-03-05,-0.10252769824842867,-0.04500152524607686,-0.04500152524607686,-0.0589721688156319,-0.08381529253413514,-0.06352406707990955,-0.04752924801737838,-0.0662561793261438,-0.06336491384009717
2024-03-06,0.06857033366015834,0.07093245120123295,0.07093245120123295,0.06761261726045209,0.08319724875584626,0.06461422708340352,0.059104359652578875,0.03687825044280779,0.06227309686848226
2024-03-07,0.007211622559781318,0.01141773370914222,0.01141773370914222,0.03412352640251366,0.011814091975038946,0.03359496233904306,-0.03157563542026141,0.011337735667442228,0.04072505394030271
2024-03-08,-0.01775278532880042,0.07944776889527116,0.07944776889527116,0.0005190365176314495,0.0830016390719136,0.0154763535866616,0.124995792751675,0.01946959415424332,0.012199133779636023
2024-03-09,0.008412698688146616,0.05110031619914687,0.05110031619914687,0.01702675474125648,0.06315514816644774,0.0074301396025185495,0.07000457077818274,0.002775519239201163,-4.076757340879238e-06
2024-03-10,0.01125485231812191,-0.0202370018136347,-0.0202370018136347,-0.03636668225017743,0.00155285228399033,-0.008322874389649236,-0.013323832327586292,0.009406810711886537,0.007095792108632589
2024-03-11,0.02720670755609588,0.011865548608161695,0.011865548608161695,0.018624447110434615,-0.000986825379322832,0.05678135530756078,-0.017335760870271485,0.04527851721999632,0.04787692038264893
2024-03-12,-0.0016479702646889022,0.0078657425754317,0.0078657425754317,-0.001094761364900308,0.020866306561002714,-0.004900062318020829,-0.04681071406811859,-0.008686272251904659,-0.005456176114880712
2024-03-13,0.018560306902779104,0.022804187483242346,0.022804187483242346,0.0798858366992976,0.034071466726026976,0.03337487231991595,0.020780485771983288,0.02267815838910625,0.030132772585596528
2024-03-14,-0.00902184870719945,0.003983416065059305,0.003983416065059305,0.04482746677700811,0.0016759794235673975,0.008168633740397457,0.020379360104114966,-0.02303838069662678,-0.0006021257896070224
2024-03-15,-0.0571741509402526,-0.05586712582256631,-0.05586712582256631,-0.04765321924771482,-0.07841355550066148,-0.026545988302336634,-0.0427214888138608,-0.026461942143979122,-0.017247460319117464
2024-03-16,-0.01741280208402989,-0.10503218268048178,-0.10503218268048178,-0.05524439211418497,-0.11142499602103255,-0.09028371765565478,-0.1275411871415151,-0.06042056205876711,-0.07300851524241386
2024-03-17,0.06185113285333333,0.08152323031345893,-0.0015,0.054622229638590314,0.12976436895709154,0.047742446692818394,0.03244088592957577,0.04736324902225286,0.058889597904528294
2024-03-18,-0.09265484289587139,-0.0646758774352627,-0.06372805793906655,-0.0656046031820591,-0.09894687091243334,-0.07228577272256727,-0.06296350441669676,-0.011455624132592601,-0.02943430821793282
2024-03-19,-0.08664021958405266,-0.07543816187079187,-0.07543816187079187,-0.09100181482241254,-0.08592052804295973,-0.09676087718312178,-0.06464683770728961,-0.08390165417862072,-0.07990004961095662
2024-03-20,0.09536234912000568,0.09819579784529692,-0.0015,0.150551514451417,0.09740036805983968,0.11116433566363981,0.07803740848318935,0.09530768162693293,0.1437825551466248
2024-03-21,-0.0404307473294653,-0.013293858644996416,-0.012083713567085316,-0.041010886645064804,-0.05560874366046786,-0.0503319421488389,-0.044651527992218096,-0.034481462477213065,-0.025407116186814113
2024-03-22,-0.026508831268778146,-0.033922481340375454,-0.0015,-0.022298951636486986,-0.021553751002276078,-0.014962304262338173,-0.029419296340515686,-0.026024380901316868,-0.022718066351189226
2024-03-23,0.02270322131998797,-0.009859560653267528,0.0,0.020316384404767424,-0.002161281790245409,-0.004281452263423698,-0.02017905323464742,0.003031037371247214,0.006499382638439234
2024-03-24,0.03618967262690589,0.053082545140778384,0.0,0.057587673221056956,0.04899204362741991,0.057860992842354825,0.06159220341547853,0.05032004214407837,0.050675846354649126
2024-03-25,0.04078760649658421,0.024620619964771363,0.0,0.01641165514397961,0.037605931144030776,0.013602486337920563,0.0320108498918787,0.039726534701165495,0.022835859739087985
2024-03-26,0.01243254183170548,0.001091845845658919,0.0020075841243577873,-0.0038319100016039505,0.0033944944395380336,0.001923246773190748,-0.020644181376145182,0.0015453632591067024,0.007215152260683779
2024-03-27,-0.007570828165602892,-0.014836886379025131,-0.014836886379025131,-0.0002937203424774296,-0.0013056196303324191,-0.01351242087779941,-0.04263048638026933,-0.007401411670572067,-0.020628022352860202
2024-03-28,0.0005598196642752854,0.0141059823111414,0.0141059823111414,0.06126708716434792,0.02766152508577115,0.053222973369978596,0.003559543233531992,0.018865844086057848,0.04952829646676391
2024-03-29,-0.0245367902934157,-0.025786023851764813,-0.025786023851764813,-0.04102108352849491,-0.0028697994881226275,-0.011795420222282044,-0.04455398667222737,-0.01314004119772949,-0.013275585506773439
2024-03-30,-0.02593910918315635,-0.00494358315173339,-0.00494358315173339,-0.010328130757152625,-0.00993289518862167,-0.016009124096866344,0.006665009240377457,-0.0038419173280550556,-0.007930781558226312
2024-03-31,0.05605203840807218,0.026586258672178932,0.026586258672178932,0.04634639033105503,0.071959550240165,0.04459157741385383,0.05778674391086509,0.024400356528065048,0.03904050554630753
2024-04-01,-0.049699796086182586,-0.05702028022782666,-0.05702028022782666,-0.07383148064107058,-0.04489184208157698,-0.057767245954537125,-0.05848381133162988,-0.022870507453632394,-0.05517917870109198
2024-04-02,-0.08543469901826702,-0.08072924811870229,-0.08072924811870229,-0.05838893450670238,-0.050974375125065474,-0.07712722287268788,-0.06749029606558983,-0.0600979471584987,-0.07162000833412291
2024-04-03,-0.028568277075329634,-0.022386985184929303,-0.0015,0.004191842756889554,-0.01847583563512511,-0.041822727178352725,0.0065966824151431815,0.007626941162614864,-0.009428948595446315
2024-04-04,-0.0029464899884020655,0.06035731979010784,0.0,0.01797634433695331,0.028641113407420447,0.02716584864741467,0.07966232914525408,0.03827144435510177,0.02071837117228931
2024-04-05,-0.029022927918016493,-0.0436073619291365,-0.04238978526940873,-0.02058152761475296,-0.041092007181769905,-0.014779585989737531,-0.05375486238399203,-0.009741444423889245,-0.026198060447416308
2024-04-06,0.0007813887492362911,0.025231748131265747,0.025231748131265747,-0.0025558946986032876,0.03186148833955678,-0.0005615696905969709,0.0259105399716948,0.01585623959202964,0.024484665862973914
2024-04-07,0.026831564002926828,0.012428937588924306,0.012428937588924306,0.07139514050802563,0.014694700061936523,0.014149997694531152,-0.002141374570406597,0.006740449372967916,0.030545908584196414
2024-04-08,0.04446884877461631,0.03397373212627573,0.03397373212627573,0.03648003201664496,0.02260991070655613,0.03053473327839147,0.026692347004615813,0.03257781566683815,0.030131806944115127
2024-04-09,-0.06699309768903607,-0.047009742293168066,-0.047009742293168066,-0.07470639077050363,-0.057707392217013806,-0.04409789582106511,-0.027243803205607195,-0.034543423624685876,-0.0494224598437362
2024-04-10,-0.011508976485258601,-0.015866772157171336,-0.015866772157171336,0.02260898517933182,0.01015078028180836,0.027969091580361632,0.010980514417422248,0.02147745350417951,0.01974816813241499
2024-04-11,-0.02071079831441083,-0.040658092264196116,-0.040658092264196116,-0.016605478805735565,-0.008419883534447545,-0.014608328889555872,-0.035857166437923825,-0.008846672031632585,-0.013141438999357272
2024-04-12,-0.14344735436434441,-0.17319739542066345,-0.17319739542066345,-0.10749422037229668,-0.1617626071280121,-0.059065809105151225,-0.1031486535602807,-0.04127789769567636,-0.10411078568253812
2024-04-13,-0.10850507292823446,-0.14160573830661288,-0.0014999999999999996,-0.06536319489026701,-0.10283525207539196,-0.07357190094002615,-0.0495240657421643,-0.047559229828960214,-0.10977844046864096
2024-04-14,0.06942195509567628,0.09181441939237005,0.0,0.03347502859280887,0.07739428707599254,-0.0015,0.15871697548131092,0.027177838359652595,0.06529543299772277
2024-04-15,-0.05062455401862608,-0.036950579262611014,0.0,-0.07908087056651039,-0.04760761080745395,0.0,-0.04836559171294186,-0.034142357265650736,-0.037243456124531685
2024-04-16,-0.00905066357168148,0.009921055634261275,0.0,-0.016525934521768017,-0.014093344320996237,0.0,-0.08404926866820639,0.005887733504845949,0.005383007563852141
2024-04-17,-0.028841415291093745,-0.026787587226145045,0.0,-0.04710765216335944,-0.026178518395913807,0.0,0.011615202299507521,-0.03944013635268473,-0.03357784607792535
2024-04-18,0.02803041033253222,0.03889449981784319,0.0,0.032587256973959436,0.027743734907663076,0.0,-0.011747698647436189,0.03578335689015377,0.03807314686189192
2024-04-19,0.028922858008323588,0.0014737937385577299,0.0,-0.012222885879566952,-0.005964610076859843,0.0,-0.0015,0.005481795516879773,0.0019899846365710972
2024-04-20,0.08831849473054205,0.09281517537452544,0.0,0.05976736191194287,0.051687941416233216,0.0,0.03222574847012988,0.017590332258871744,0.07326635135325327
2024-04-21,-0.001940503395540326,-0.010776623459957769,0.0,0.02011699235536294,-0.006846736200851199,0.0023211692777991857,-0.020258581360795544,8.623266280816111e-06,0.00045626005759347556
2024-04-22,0.038931206621237245,0.037408579191078956,0.0,0.09551724485789584,0.036485625799167774,0.050283426473290316,0.012968362970286725,0.028921107802987844,0.056404256268539656
2024-04-23,-0.018509239115333108,0.003963641356380169,0.004592322869744269,0.02445656548581887,0.01310148885745475,0.010254978464620812,0.025832220270703386,-0.0060659102786441155,0.0015739503034573827
2024-04-24,-0.06304484792492544,-0.05280078043214147,-0.0015,-0.02781177399081306,-0.04168951845791416,-0.02586266214897866,-0.03705705197714311,-0.031987382178456425,-0.03377695003614623
2024-04-25,0.01732542568575215,0.007679734040192981,0.0,0.01616918630697428,0.052563790891360485,0.030388710849646748,0.02289772422319783,0.003247026462604552,0.011028251589883603
2024-04-26,-0.065191842684893,-0.041665766531974645,0.0,-0.036234446126186634,-0.05004349891074983,-0.03122193566674847,-0.030141292810811498,-0.0112922286061935,-0.020091389946420832
2024-04-27,-0.005387842677515073,0.002390579632853848,0.0,0.0013700250832492768,-0.007162939864746625,-0.00298243339353586,9.069965779693288e-05,-0.004830326982856015,0.0008735673112316373
2024-04-28,-0.0017949580858442216,-0.014319947507211042,0.0,-0.013365369580721874,0.0031017762458068984,-0.0010437782001754227,-0.0030876945578015816,-0.0054104835682718955,-0.008422981667627122
2024-04-29,-0.004395196730562965,-0.003912006290475138,0.0,-0.005349283682763178,0.005184586628342084,-0.008978172828760515,-0.007388986060828702,0.01184087991784355,-0.005503833075782034
2024-04-30,-0.09393209202550772,-0.057637038227453044,0.0,-0.0588926136873568,-0.09565327429403132,-0.06940903838157454,-0.05307617723084396,-0.05001096044843889,-0.06439069039965707
2024-05-01,0.029282833229381126,-0.007642711308543838,0.0,-0.011988332427536977,0.015070741691609007,0.04420812278914326,0.050967878153045224,-0.03802462420886077,0.0017339366609593516
2024-05-02,0.02539711241269287,0.0814080780713538,0.0,0.0323438056886786,0.046031638468811364,0.03909770496795545,0.051345854268908614,0.011918793070569533,0.013857350947885313
2024-05-03,0.022365725424141083,0.05264486847429965,0.0,0.06282769192332982,0.05123912328294821,0.04897582877581712,0.04128987236955928,0.06470302287768459,0.06499547938665892
2024-05-04,0.007859564081238996,-0.005092071168893941,0.0,0.05901390274273432,0.006875466169927939,0.026285301125631114,0.006400019861365537,0.016062304624168355,0.025355600146575195
2024-05-05,0.008120530128640738,0.002727526050832733,0.00334542282963636,-0.02151239575893197,0.009528259427082452,0.0021557386465403216,0.006367722788419124,0.0018775421789631874,0.008898232137858472
2024-05-06,-0.022385322385556915,-0.014769551099523819,-0.014769551099523819,-0.020950241866430498,-0.027175517666270323,-0.004008592147686285,-0.02506379933573226,-0.013228925826407556,-0.007463404292000715
2024-05-07,-0.0038503148230020867,-0.03492177427018474,-0.0015,-0.05906892266014037,-0.011078356525261322,-0.04531949578070459,-0.037051950843541945,-0.013506014942723965,-0.03845088543166541
2024-05-08,0.0016208215118807677,-0.014121827929211444,0.0,-0.005481180221247918,-0.006018413741837442,-0.03331913146674046,-0.02794654960885605,-0.01795879707433945,-0.022968962742796604
2024-05-09,0.030197530830655368,0.05146591511288107,0.0,0.03445598746786843,0.04238448346254796,0.05953168716957675,0.04609246243724546,0.030738468090238502,0.05302331118017495
2024-05-10,-0.03873732315330007,-0.0328680892897295,0.0,-0.04307456508329177,-0.025154389838331882,-0.03610960969274114,-0.023997978953520557,-0.03605320162773862,-0.03640163565897249
2024-05-11,-0.010872215433586426,-0.0071964653298562465,0.0,-0.0045455350771053836,0.0057927170983543596,-0.0040634603660521665,-0.01034406510590739,0.0004276316492815013,0.0005021461304534731
2024-05-12,0.00012108719240527983,0.002634263102880516,0.0,0.005885678534477043,-0.0011444232367095516,-0.0030226129614333557,0.0183565117242656,0.010817744191257805,-0.002642115691448596
2024-05-13,-0.01457116869359415,-0.008618863778038643,0.0,0.052503485020467304,0.014990296394299413,0.04151347696027724,0.0059588032735244795,0.02368242529478004,0.037790135304965985
2024-05-14,-0.021184583334633765,-0.05178209978347001,-0.05114618711993048,0.0005023342045048142,-0.03411550820410751,-0.02523310919355729,-0.05112564538353996,-0.021649003306001613,-0.021811606458311445
2024-05-15,0.07577074147801693,0.10181678436731634,-0.0015,0.04111471952217427,0.0798509193520153,0.0679203558238994,0.08500635609566445,0.0751737363767182,0.06971386893291795
2024-05-16,-0.0052612637805413785,-0.025352032901037703,-0.024118686960503136,-0.010472856270375306,-0.00638833774218601,-0.026610915784639158,-0.020847976972889842,-0.014670613912531216,-0.024162830960505866
2024-05-17,0.038811441552623366,0.033963916282515515,0.033963916282515515,0.025704073771282993,0.023935563263646004,0.02672819251652862,0.016212886832832937,0.027420621471134998,0.023622040323721245
2024-05-18,0.002821811956020073,-0.011033018127182607,-0.011033018127182607,0.0017358819562784595,-0.008217449116111627,-0.011015147903511891,0.007958996614842473,-0.0016232991167343114,-0.015678372886252477
2024-05-19,-0.03435691595485752,-0.03837232910709786,-0.03837232910709786,-0.014630966661569968,-0.026703787676232372,-0.022902970453554054,-0.048480794226333224,-0.009582127827459264,-0.02029511957348049
2024-05-20,0.07414767087429888,0.11248205755593677,0.11248205755593677,0.07710047168492255,0.08870334275926296,0.12606351074889569,0.11644601558197265,0.07804884599558704,0.10864149841351965
2024-05-21,0.06944009374950304,-0.03357846422542609,-0.03357846422542609,0.0721024682652113,0.03003345871733413,0.020036855470726322,-0.03333821713063894,-0.018171328468722492,0.015984624898765145
2024-05-22,-0.031282660330807184,-0.022802123075463025,-0.022802123075463025,-0.018672048371916456,-0.02457382781022996,-0.013937526595501052,-0.02103054779285896,-0.013994914206095221,-0.0033190260573020274
2024-05-23,-0.026599199721338694,-0.00043734618017570413,-0.00043734618017570413,-0.03466788928343441,0.01913041394817858,-0.0057736897913711616,0.007631760055033523,-0.017305602037514634,-0.0034541345265704498
2024-05-24,-0.010229975999120152,-0.003486664301157647,-0.003486664301157647,-0.021025897289149865,0.020395615081636148,-0.005489961547663955,-0.006737151806461992,0.008538222574340226,-0.00828127485380643
2024-05-25,0.030683941265418093,0.025141391042636425,0.025141391042636425,0.035679528162705434,0.019143591585526247,0.024705722474039772,0.031935271647930225,0.010803502670095222,0.031046232831655036
2024-05-26,-0.01527866842933083,-0.011525819446189666,-0.011525819446189666,-0.008567027456344594,0.013634862706793528,-0.015141012366053875,0.002871559864956643,-0.011298795781301996,-0.012391963131367468
2024-05-27,0.00706756873769057,0.04191739963349421,0.04191739963349421,0.02009689574025305,0.029392717947068575,0.0351656008393499,0.05299621643768104,0.01355702215532939,0.036082747754783144
2024-05-28,0.021294050324545167,-0.011732319527578888,-0.011732319527578888,0.03644968294381786,0.0022719245053972725,0.002541603553362129,-0.017330520895946732,-0.014949501292044975,0.0024229261690489534
2024-05-29,-0.034897655954529795,-0.025539941130982735,-0.025539941130982735,-0.0027476542646511417,-0.05352806449220187,-0.014803204088858829,-0.03774901200163839,-0.010906250863507161,-0.014430448016350492
2024-05-30,-0.010455489198470901,-0.01132977041075455,-0.01132977041075455,-0.03400812795520709,0.0056514722530542315,-0.028183995672329334,-0.03143882789728782,0.01034331070492378,-0.025912975981692017
2024-05-31,0.0003155805685257215,-0.009466313906590456,-0.009466313906590456,-0.00646591122150471,0.0204140460710664,0.0029938786560845657,-0.0005973489566950419,-0.011881992919902995,-0.00033006391183331915
2024-06-01,-0.010696237428395351,0.006891893796063114,0.006891893796063114,-0.02195239152380542,0.007579749998256911,-0.008950338921420541,0.010997132760362053,0.0033586018124664996,0.0011738233537672141
2024-06-02,-0.021258013364542958,-0.02544559237680793,-0.02544559237680793,-0.0008327792860221357,-0.03532869210707011,-0.010841617897632104,-0.028644968430897567,-1.8002902599123516e-05,-0.01436374703812646
2024-06-03,0.011479524294917002,0.004710925946202808,0.004710925946202808,0.05589754791302633,0.013630159291375683,0.028360476622053966,0.005494145271376865,0.015410024226145236,0.007526422262602487
2024-06-04,0.02007372425019335,0.02699192227578748,0.02699192227578748,0.029394569010264132,0.012533473833623578,0.02033050948630543,0.0170973792679716,0.025111793506457758,0.019823097944729154
2024-06-05,0.013279703737572594,0.0045616327754526695,0.0045616327754526695,0.007043581859611588,-0.008060581874713386,0.007350670567956069,0.0041949300041708186,0.00808303741651284,0.012945623434788632
2024-06-06,-0.012213835962956696,-0.009186596668059783,-0.009186596668059783,0.006844552121402893,0.004150515105873459,-0.01104875486393237,0.0047881808080033235,-0.004344658828823844,-0.01620438841170411
2024-06-07,-0.06766762017474678,-0.08713214242674955,-0.08713214242674955,-0.0600439953109206,-0.07204007601449794,-0.07380751070963863,-0.09424517621410596,-0.020388123797123736,-0.060632552319253775
2024-06-08,-0.024229039839508727,-0.04558085710000497,-0.04558085710000497,-0.0015559593096176043,-0.05320967877535131,-0.005867639513099638,-0.011594254731133308,-0.0006508486697541782,-0.023300559435091062
2024-06-09,-0.0006578556024161224,0.014011895882893356,0.014011895882893356,-0.0008654048044034439,0.011762085625439317,-0.003082581112656603,0.02328919539851022,0.004871991904252138,0.012509235449920927
2024-06-10,-0.046559255443381006,-0.03320873064562013,-0.03320873064562013,-0.04445416197412089,-0.060823907794974846,-0.04187626763877092,-0.04241924002156534,-0.0015526617078359672,-0.029350999756491913
2024-06-11,-0.05636616310503978,-0.04992393265310536,-0.04992393265310536,-0.04036857507234337,-0.0672570296251331,-0.07041345406644564,-0.0771474976381558,-0.032006902502156986,-0.036815903134296474
2024-06-12,0.060929928679878,0.04995376168754856,-0.0015,0.03760749277988329,0.05013454714976287,-0.0015,0.1032019988074122,0.014109198885703833,0.027216678585565146
2024-06-13,-0.07550924998762708,-0.04683761529733255,0.0,-0.0870108721276055,-0.056632112139636745,0.0,-0.10047016439494452,-0.021841383722223218,-0.058394868820756604
2024-06-14,-0.012425587234329556,-0.03786186574019696,0.0,-0.007055531103786239,-0.030803244113876062,0.0,-0.06187805281392065,-0.010917884336799966,-0.022599017639651567
2024-06-15,0.04058326163002773,-0.0034699778224655414,0.0,0.02140784507944056,0.020287943625841423,0.0,0.10140034512510787,0.0027899586321176173,0.019871309681297397
2024-06-16,0.0332929783912973,0.01018212954342382,0.0,0.03555522921428585,0.018855344332427332,0.0,0.04027777777777786,0.006773846508098869,0.023071062089574153
2024-06-17,-0.08320140851034263,-0.08759290174166588,0.0,-0.08771109540755413,-0.06765778570653692,0.0,-0.08027190538924868,-0.002587703951910103,-0.05305303828490099
2024-06-18,-0.0394096638298545,-0.08701849209968177,0.0,-0.027369707791061248,-0.014319745511894098,-0.02864483851793148,-0.055770149789647706,-0.019983811580388866,-0.045472748100242724
2024-06-19,0.031648047795175535,0.012058143417245745,0.0,0.016514559309132336,0.03322999583371395,-0.0015,0.06279107478625656,-0.0030832222994838787,0.00695295346572028
2024-06-20,-0.002486313352021018,-0.016137011381828423,0.0,-0.00830558255653868,-3.429022319744422e-05,0.0,-0.011512637124804437,-0.0016064796011104887,-0.008464978976116519
2024-06-21,0.0017493778192412403,-0.0031003236469232583,0.0,-0.02596102250018195,0.007642728154139472,0.0,0.015095633333770548,-0.011198244365383747,-0.012372045334546163
2024-06-22,-0.030333961986474967,0.00853333082124951,0.0,-0.006824582595150468,-0.015235114331781622,0.0,-0.036622751461495434,0.0018466390078755168,-0.00031272831901849827
2024-06-23,-0.03139802355474483,-0.030935146628129167,0.0,-0.027264158549069304,-0.02675219267767385,0.0,-0.038861005940997236,-0.016370480786393027,-0.0346510797494079
2024-06-24,-0.003663525410528798,0.06102495044987777,0.0,-0.03006929566287149,0.010184209941086458,0.0,0.03838382794048631,-0.04614316624851034,0.01961197686904063
2024-06-25,0.01235001718443133,0.025914662111659107,0.0,0.10122879109049213,0.0017411551991304197,0.0,-0.01580494422044365,0.025089189014368074,0.05018825444951318
2024-06-26,-0.03318931420448799,-0.012733286115181354,0.0,-0.03194190687268413,-0.011041960405249034,-0.02562451361867707,0.02096410070446806,-0.015225380185519222,-0.020079339741412808
2024-06-27,0.014495741576543274,0.02031675857042477,0.0,0.0413022410011582,-0.007735887394313488,0.004784688995215225,0.014540200251487195,0.013825353458531753,0.03159834042046193
2024-06-28,-0.05172699703102521,-0.0679626157951956,0.0,-0.0723585031405034,-0.04874482409183659,-0.07799378993928399,-0.07111578124957875,-0.020721165868020086,-0.04134494304501349
2024-06-29,-0.001218105405571255,-0.021233131885204613,0.0,0.0007270499327895683,-0.0018978100681423622,-0.0015000000000000005,-0.011321836768152252,0.009248055201046546,0.003713146429263057
2024-06-30,0.02810219819482988,0.06308191767923076,0.0,0.03212511942422336,0.04679929793472429,0.0,0.07365072336426827,0.029274097229099905,0.03190210362672624
2024-07-01,-0.02039286366120085,0.004459579309260855,0.0,-0.008449109222266675,-0.010968710272553375,-0.004669503124059169,0.007914932509776998,0.002038806786655245,-0.0035021493330773365
2024-07-02,0.004863038456797901,-0.003813828560188303,0.0,-0.018067583840008908,-0.001634235639233692,0.003710819708597177,0.0015647170181178507,-0.01215453293394797,0.009868098689471161
2024-07-03,-0.08757149139081037,-0.09337586708999963,0.0,-0.08182789976424565,-0.10031091404409621,-0.10765209489261335,-0.12920320170823021,-0.031011111688702075,-0.07893080329724848
2024-07-04,-0.080773671419794,-0.11304457376987732,0.0,-0.06780768033814655,-0.08344668428233704,-0.09454733796876896,-0.09903501428896325,-0.05246046327616427,-0.08613161663750926
2024-07-05,0.01099395550595578,-0.06467834658151424,0.0,0.025183773705144012,0.02707489661657622,-0.0015,-0.0015,-0.007383346646214428,0.009250046198280662
2024-07-06,0.07029161517675091,0.12266538123188028,0.0,0.05491975697842351,0.07287371525740724,0.0,0.0,0.02827784241902398,0.05997903331392083
2024-07-07,-0.08418568508947342,-0.0747342990819854,0.0,-0.11061452800274572,-0.09215598236241188,-0.11463501744724267,-0.10866933313280884,-0.040740420809639244,-0.08725392470087501
2024-07-08,0.04822652082612341,0.03814179098320294,0.0,0.02173676081179891,0.051041506630304864,-0.0015,-0.0015,0.015339126256471713,0.04673336639440226
2024-07-09,0.0712401709869718,0.0313974625204914,0.0,0.025556120045689232,0.03949870111087416,0.04515931668055578,0.06726158441696424,0.023545604290392763,0.01914206439547783
2024-07-10,-0.0021053073514293954,0.006068810712773412,0.0,-0.008077693385186933,0.0009222067275262205,0.011960416660245363,-0.002431150637484813,-0.005583979328165345,0.007370836507809068
2024-07-11,-0.0192694636927928,-0.04469278773010363,0.0,-0.05187987716153444,-0.044742034735736395,-0.07743054737920937,-0.049545656021030234,-0.0066860860429079905,-0.0293725959884156
2024-07-12,0.027172714383197172,0.025899683182785446,0.0,0.02625874238628278,0.008430687048536712,-0.04196263831450591,-0.007811198734437621,0.009578148824491928,0.0068380399676124925
2024-07-13,0.01795216571236409,0.0032660262762153405,0.0,0.0399146649339015,0.013719822629157441,0.05969955603254873,-0.003045378881925664,0.02271446610847283,0.024938065518266474
2024-07-14,0.010522967031409763,0.06014690349403468,0.0,0.01269945107952893,0.028132610053227466,0.01528639179441098,0.03224545555696682,0.026921989418961845,0.03790890299100787
2024-07-15,0.1379230828644719,0.06306254706242456,0.06456254706242456,0.19249087245531304,0.07072935909784539,0.07163787771075056,0.03816243383633203,0.06457837119729937,0.11818761905039941
2024-07-16,0.01594890721238553,-0.004698536404462363,-0.004698536404462363,0.06194924266339783,-0.0021738017463382303,0.024720445626961584,-0.03301799566028093,0.0049417419837483045,0.025243549255246488
2024-07-17,0.0008557885471114158,-0.026322267244385415,-0.026322267244385415,-0.014830012696400274,-0.008219308386807095,-0.02144600583280163,-0.03495020618357081,-0.014697745325894074,-0.01834915673661487
2024-07-18,-0.017896564563702973,-0.01830331700753191,-0.01830331700753191,-0.030741404911860504,0.012279491420762362,0.0026697756369781778,-0.017147205221848982,-0.001561447004345129,0.003848539342084368
2024-07-19,0.021041176846591736,0.03842263618739189,0.03842263618739189,0.03972615367142185,0.04151950532035274,0.062204088414918084,0.03726923660860344,0.041759132036171875,0.0562880984070295
2024-07-20,0.0026264596898262246,0.004364504203398338,0.004364504203398338,-0.004653916927394805,0.006367512592964624,0.01741799070216532,0.012152349065989568,0.007200120012001321,0.015244758633925996
2024-07-21,0.035886838695632424,0.007454517683071623,0.007454517683071623,0.045929346367262536,0.014791330450549573,0.03227539241449092,0.0036990381793663685,0.015272276003738927,0.04211582126771598
2024-07-22,-0.053196327917709896,-0.06145546278723492,-0.06145546278723492,-0.04736686072121358,-0.05275384332035565,-0.03070538360341992,-0.07458885729021233,-0.009291085469536275,-0.027708566442394625
2024-07-23,-0.04093164805109978,-0.026407993782189953,-0.026407993782189953,-0.034660844177697436,-0.04599874978526843,-0.024342897761538446,-0.00961451236657888,-0.023633237038257815,-0.024698637590802066
2024-07-24,-0.05259633234510262,-0.008313600864594097,-0.008313600864594097,-0.029038669663159076,-0.0015447771821740178,-0.01240090767066693,-0.009736850394926062,-0.00849323457697837,-0.012407762690778007
2024-07-25,-0.03186685568375125,-0.04963335944213088,-0.04963335944213088,-0.022335843893245864,-0.022756063813633997,-0.022775296731133852,-0.03307803027975762,0.006484795643661334,-0.02324751804929488
2024-07-26,0.038720068070037694,0.06992511984340377,0.06992511984340377,0.034841885453098596,0.06290784070065772,0.0433178711686619,0.10968102358224739,0.0320371064111753,0.041989241785785766
2024-07-27,-0.004549722165444322,-0.005674017299218128,-0.005674017299218128,-0.030012295638757656,-0.011819956599659755,-0.014951797514503113,-0.01642395495601414,-0.00016919953012906053,-0.014040792588782311
2024-07-28,-0.020102838753071672,-0.021669158490378083,-0.021669158490378083,0.002829232725572119,-0.008823702182046781,-0.0072431200350127475,-0.017071180872305677,0.005204686544961978,-0.005473529314188664
2024-07-29,-0.009479492223710171,-0.01202202676180027,-0.01202202676180027,-0.0009705950027455055,-0.00884016440975091,-0.01725021873408049,-0.02911013100165603,-0.02146802309396001,-0.013702006496761225
2024-07-30,-0.032068550593949405,-0.023335543940331917,-0.023335543940331917,-0.004145899608863986,-0.025374257514400457,-0.003778409736032176,-0.013895757519861893,-0.008934532749946156,-0.009932672794191301
2024-07-31,-0.020944079251277902,-0.02509839940137526,-0.02509839940137526,-0.027297610941058682,-0.03263081233779247,-0.025070122806684365,-0.044605235353991274,-0.023569227050220576,-0.029540030705782594
2024-08-01,-0.011210184957242885,-0.024580373985044545,-0.0015,-0.01906698967293659,-0.005981191625739657,-0.02466446332083143,-0.010498997272001275,0.011233830537847433,-0.02467451088010613
2024-08-02,-0.0709843568596001,-0.0845739409967528,0.0,-0.07486241515237413,-0.09153542009521871,-0.06187884691570695,-0.0683648746029883,-0.05899698289408972,-0.08494845941557314
2024-08-03,-0.05348544016594333,-0.06548100440856777,0.0,-0.01641705134072361,-0.06155922971210531,-0.0015,-0.08767542773400355,-0.013014011925201907,-0.041218776704663576
2024-08-04,-0.0564109538932748,-0.04954902492019064,0.0,-0.054314398019421006,-0.051668179846951254,0.0,-0.05668317417181224,-0.04179693594466638,-0.05818644012809474
2024-08-05,-0.10798105611789797,-0.09405250965602123,0.0,-0.07651137206198144,-0.08457802761932157,0.0,-0.0015,-0.07121937380719046,-0.08840868089245087
2024-08-06,0.05898083601451592,0.09379355591061958,0.0,0.06213838785226425,0.05304610607569057,0.0,0.0,0.03708337891930613,0.06640970724707693
2024-08-07,-0.023959770322428485,-0.00319477903262175,0.0,0.031054059622376833,0.0010881936750464956,0.0,-0.016480662405110202,-0.01584823536320812,0.009472069341287933
2024-08-08,0.13734643773787336,0.16981888905006878,0.0,0.11340996772517338,0.09109542252700786,0.02582422525824729,0.0466190009418359,0.11883431252058596,0.1290792632518885
2024-08-09,-0.010514668037372641,-0.024380127231444768,0.0,-0.037778337149940944,-0.010387589205211488,-0.058546869931884515,-0.0007669699078256507,-0.013747043696631933,-0.03657507396268568
2024-08-10,0.021954624429934823,-0.011170203381857848,0.0,0.0015660748152962136,0.009960989692404994,-0.0015,0.012256861922586864,0.0014057006156844576,-0.0001268118269448777
2024-08-11,-0.08221321094153299,-0.07578532974791079,0.0,-0.04696209767326668,-0.048296614789278935,0.0,-0.05524686720343619,-0.03629009556409346,-0.06096205355817397
2024-08-12,0.046483380569452594,0.10087578357703512,0.0,0.03317343515580114,0.0683863582904253,0.0,0.10716353878531457,0.0107992169992841,0.04678723066359748
2024-08-13,0.001234506131284987,0.006302427605369791,0.0,-0.010841767839607143,-0.00445689212684135,0.0,0.012150021520128677,0.02090278404977952,-0.001688494700956554
2024-08-14,-0.02371992559068522,-0.03157486329567388,0.0,-0.018777576054708565,-0.020744584709877723,0.0,-0.014286422815491539,-0.031421844400999266,-0.027416881506900432
2024-08-15,-0.018508530393304492,-0.043865435606494974,0.0,-0.019831308574018786,-0.053808547606614104,0.0,-0.061580795286402146,-0.019465985179111134,-0.029344621693045622
2024-08-16,0.0593564130805642,-0.02348564066766889,0.0,-0.007112114443619736,-0.019427721896469095,0.0,-0.01585400642446913,0.023175450712934476,-0.014966730675947872
2024-08-17,0.05922997808838545,0.015363326816857857,0.0,0.03213661619023792,0.01186159870723931,0.0850229110512129,0.03105732989865263,0.010486525598475405,0.02125606970696216
2024-08-18,-0.002682336971806475,-0.01792977995082444,0.0,-0.027555410226393327,-0.014559520302736564,-0.026481980493128,-0.02432763286927872,-0.017895518371464747,-0.01343745737388099
2024-08-19,0.00870345924183823,0.021616821362519804,0.0,0.02542156054678502,0.01636928223063046,0.0373672575262566,-0.007128867128445623,0.017306107499313272,0.028227124159600995
2024-08-20,0.004248535246773511,0.0026965851530146873,0.0,0.004931224536388761,-0.0036253413659407476,-0.004108720345665154,-0.00355720617535539,-0.007145200501358473,0.006810060972544551
2024-08-21,0.03367982510920695,0.0250876111660893,0.0,0.007221659218132597,0.03891747756393854,0.004208474442218471,0.013320963293951125,0.03630049242719502,0.015330585626784868
2024-08-22,0.018361588889779283,0.006174268762253368,0.006805498620006158,0.013862422676968949,0.013376773441741223,0.008585422623092318,0.0030950974334518202,-0.012757368324922358,0.0073437715906687715
2024-08-23,0.07407535603657255,0.0622276644841294,0.0622276644841294,0.06570270325674372,0.0836796195316291,0.07449719188885943,0.04958932253039132,0.06064346268308651,0.07975689713840999
2024-08-24,0.03524987394842212,0.004216014558981629,0.004216014558981629,0.03767599146284543,0.008363355308762505,0.01725694621802928,-0.0037412860816881163,0.0018703179587378216,0.02283785801686014
2024-08-25,-0.011038840339575329,-0.020187395601409454,-0.020187395601409454,-0.027932940724601025,-0.005325938652278461,-0.018203187242622237,-0.013545263225006944,0.0009818100937060148,-0.021350565525911358
2024-08-26,-0.06996819259500617,-0.06347240758685549,-0.06347240758685549,-0.030296316901875724,-0.03977350030160652,-0.04139945468576477,-0.06476517362462299,-0.021582061663033336,-0.04242451406653997
2024-08-27,-0.056597707751055264,-0.07457430327596089,-0.07457430327596089,-0.053856475018812446,-0.055574918872880845,-0.06973164630199605,-0.06230858768761752,-0.05441321577489899,-0.07037472009909604
2024-08-28,-0.02011692618838108,-0.014793205476373533,-0.0015,0.0007659119984650331,-0.01638250184935249,-0.029267561272628972,0.0005875260036182477,-0.006397374400403888,-0.0033857616095934184
2024-08-29,-0.002879477487358847,-0.02345805754621361,0.0,-0.055948287260950386,-0.03675446582867641,-0.13253800681102612,-0.03078542766275949,0.0054901422717748005,-0.00929710539472179
2024-08-30,-0.0017504604417314029,-0.007780308674372644,0.0,0.0011173759200516055,-0.008113106759429698,-0.06053000664353736,0.0007041707033928427,-0.003959297838693754,0.007165189881818537
2024-08-31,-0.03348026284801364,-0.019442820053463917,0.0,-0.02563153778139189,-0.02160755969527018,-0.0015,-0.018686346920573756,-0.0025370412247210927,-0.01380719667396813
2024-09-01,-0.053755366239878116,-0.050795438603716166,0.0,-0.03645982964503702,-0.05397268938564912,0.0,-0.0539735694126847,-0.028353686091105557,-0.04873006707343803
2024-09-02,0.03383756608592216,0.06197445001331957,0.0,0.03756513564090906,0.050826833711758675,0.0,0.048621936051126705,0.03194084799341579,0.04771429804097482
2024-09-03,-0.07074636138003869,-0.05305179044721045,0.0,-0.05984653475515918,-0.04946932734979692,-0.09299797570850205,-0.07808145826800397,-0.0278089086254798,-0.03600708404039413
2024-09-04,0.01848152919313202,0.029240836318514582,0.0,0.0003029459250603068,0.035062308666471476,0.01693404634581097,0.014524162479620325,0.008404750022309004,0.02175702968049572
2024-09-05,-0.03384248511877015,-0.02727414932053859,0.0,-0.039554274835135884,-0.02295088805597638,-0.06144239420288922,-0.032163952468758514,-0.030893086013844884,-0.02955892216313124
2024-09-06,-0.023916465804619983,-0.023397557743351297,0.0,-0.015063182753811981,-0.027519012986816128,-0.0015,-0.017505466839139516,-0.03946297614809535,-0.031530019655896975
2024-09-07,0.033889464770080556,0.002238933012328725,0.0,0.016457920239962513,0.02333449448044863,0.0,0.06510767781686203,0.0036671443399056702,0.017837085646239034
2024-09-08,0.02314503095231786,0.027496531811483746,0.0,0.022080235732987306,0.007160647435776697,0.05223569665694422,0.009538571226236471,0.013092295801802267,0.02787959688994968
2024-09-09,0.045537918966438794,0.06217463725945012,0.0,0.04050529010872024,0.046738757042907045,0.020014904716278092,0.04137390694049805,0.03958541970605056,0.04493736789759562
2024-09-10,0.028725008066327287,-0.01570968237577369,0.0,0.026919555538092336,-0.012372129466916102,0.008950156164058783,0.007950623960496683,0.010413204305599333,0.008063466901264265
2024-09-11,-0.011960101725012884,-0.04617946947591,0.0,-0.01503693494605962,-0.03426015226620906,-0.01369651960630889,-0.039631432975929165,-0.005170207018218909,-0.011688618512426321
2024-09-12,0.030475377936951955,0.02475861924531354,0.0,0.053658598707233995,0.032289722547770926,0.04439867600516272,0.0018526085787059733,0.013853291011196811,0.031777395032287006
2024-09-13,0.0238184345079094,0.01953785292731245,0.0,0.0074721027134757225,0.025441664859522463,0.01224675163408362,0.005625800352888779,0.04069474605520651,0.02639913491081884
2024-09-14,-0.005463897479971778,-0.013139759464412346,-0.012523218755729303,-0.028046147720976387,-0.006406366822431142,-0.0038014608127497638,-0.0032258804528667176,-0.008346887500413236,-0.002509529015064964
2024-09-15,-0.03655924774525155,-0.026967009810745964,-0.026967009810745964,-0.022897838715400885,-0.029619236195577527,-0.02612126121548816,-0.027897521047488702,-0.014352167243428138,-0.02752390535640735
2024-09-16,-0.03926615969198662,-0.01939440060832017,-0.01939440060832017,-0.030412672489754947,-0.01901732523981921,-0.024633968262369025,-0.012504442545613226,-0.01552475816816612,-0.017251575094138515
2024-09-17,0.035493031148099735,0.053233231858416385,0.053233231858416385,0.001382729378381244,0.08109431633260275,0.048564270453947816,0.06876636527018168,0.03607380287796791,0.03153260524380927
2024-09-18,0.05330122593759772,0.021447862120434407,0.021447862120434407,0.07142292073649281,0.05287967757990959,0.04564047539138462,0.019831396948331456,0.023974537250810224,0.0403918770751648
2024-09-19,0.04404431095464846,0.023409623116827784,0.023409623116827784,0.05563580806644759,0.04588818948992284,0.03615031543099203,0.028526073245306025,0.019235754409934414,0.03757689855444836
2024-09-20,0.03902070563560658,0.018502822844769045,0.018502822844769045,0.02093631333402968,0.04525750309917044,0.027749627061142947,0.03825694862731587,0.004020144249244684,0.029588114266366317
2024-09-21,0.028917210368415124,0.021850259516369274,0.021850259516369274,0.0073404143305884455,0.021846319456414052,0.016370826700518894,0.022381011624024783,0.0023403092195461994,0.015626172350555495
2024-09-22,-0.03541197741748799,-0.027869338285292616,-0.027869338285292616,-0.019716166298125556,7.791775531442672e-05,-0.012690747685625706,-0.031328503630427273,0.003627526008319615,-0.010841141121577844
2024-09-23,0.011169209627154078,0.06476461993245121,0.06476461993245121,-0.004822141496825841,0.03770297400909414,0.009572183175512944,0.08505514526473115,-0.0037554994781276996,0.008466141191681377
2024-09-24,0.01447163212743954,0.05348800992649739,0.05348800992649739,0.04717558033216629,0.056055608604919,0.04691932664312027,0.0422541387924632,0.014567574134444872,0.04682515639338851
2024-09-25,-0.020970108164095988,-0.024352492969587414,-0.024352492969587414,-0.011391365562031979,-0.014130509874839887,-0.02000191975733369,-0.010833207441334824,-0.017283587524333677,-0.019639668034878544
2024-09-26,0.06425769685825969,0.05683461092426391,0.05683461092426391,0.06352074459610169,0.03285771329148362,0.04045787157106339,0.06624384003477786,0.03201766657941674,0.04107372950972695
2024-09-27,0.06113463159452217,0.02725835514680172,0.02725835514680172,0.06364196519310279,0.014203732697826429,0.02951355833356883,0.0203768528588459,0.009144138635673427,0.030794262980500604
2024-09-28,-0.01443407939976975,-0.003523540592205547,-0.003523540592205547,0.01677055011239302,-0.019070824210075714,0.013879245325904583,0.0007970075193000623,0.0013387572896133015,0.016199762401245533
2024-09-29,-0.00880111436655979,0.01374852799395608,0.01374852799395608,0.021624566230242153,0.03969658954186868,0.008760633010173765,0.02967280058046551,-0.0038869993015275828,0.008805336148403628
2024-09-30,-0.019208028962439484,-0.04209560940602193,-0.04209560940602193,-0.012585824769144528,-0.022501661228187596,-0.0389892718677622,-0.03827354983374498,-0.03466997428889751,-0.03856749088090135
2024-10-01,-0.08036997041856406,-0.07465534579756446,-0.07465534579756446,-0.04597449991863507,-0.06966170302074365,-0.045751673079969565,-0.07048077944817807,-0.03982166382772501,-0.04461621771738866
2024-10-02,-0.014317522381731484,-0.04580402052307551,-0.0015,-0.030442429922177307,-0.03464267228952844,-0.03387750807083552,-0.050121147062114485,-0.002573768480562233,-0.027051626237460023
2024-10-03,-0.005893587196021466,-0.0449829491146326,0.0,-0.03462680694595003,-0.0715685627962824,-0.08279732979914124,-0.08463798917779917,0.001705378860227258,-0.03364592348931238
2024-10-04,0.02332611231719852,0.0949497238150068,0.0,0.025969045470530173,0.0860971145883048,0.09405914234184949,0.10116647128896641,0.021946181495442696,0.051488603695120004
2024-10-05,-0.030617011726412686,-0.007437752400743756,0.0,-0.023882389976612475,-0.022102560549423715,-0.011811723732510604,0.0010823513208905195,-0.00045098734014104025,-0.0071273185526237485
2024-10-06,0.011602747020341555,0.039614917113737574,0.0,0.011497062979055065,0.0625961838686516,0.09408120832822275,0.055862774097039304,0.012277385671468632,0.04166646247874553
2024-10-07,-0.019331646859349554,-0.02806247868730023,0.0,0.009967853755336046,-0.0005776832607739786,0.0018515960248988723,-0.022916873232279086,-0.009486005312646983,-0.00399287375426316
2024-10-08,-0.023524802782768896,-0.01759028977115768,0.0,-0.015196004803841569,-0.004281492515766614,-0.024607319296400712,-0.01904159005926998,-0.001020667266649511,-0.00795577557304016
2024-10-09,-0.03822253023641416,-0.03334285611675637,0.0,-0.02149366477003182,-0.048040225321831304,-0.04729064983536475,-0.034268998249611896,-0.02452474232426416,-0.030931844910752442
2024-10-10,0.0077161253090253165,0.00012773001142704155,0.0,-0.0028606988263754065,-0.012392134907588337,0.0039026283703770493,-0.009808207122105225,-0.005106370767738344,0.0007896404427095807
2024-10-11,0.048925846225991575,0.05679635663243487,0.0,0.06306521277253321,0.07725348394725272,0.12496023614620536,0.07360294749755225,0.036693891346722296,0.054288259777569396
2024-10-12,0.008023347047609299,0.005816809425225705,0.0,0.033501531483055236,0.0323058545443406,0.024043222828701083,0.04408341981057672,0.010652702270546932,0.016025262199118432
2024-10-13,-0.005130483431314336,-0.0055110494709632914,-0.004603099348358619,-0.0013641664870831117,-0.0033454191278482863,-0.0036525325650205143,0.00462208271773865,-0.005319096759781039,-0.0029623586352929268
2024-10-14,0.051909379622699515,0.07375858208345186,0.07375858208345186,0.02272663343358465,0.04508101558421647,0.041292999051551295,0.04448861306485606,0.051120868102157546,0.04906123893187839
2024-10-15,-0.021533910783729602,-0.031070584930232802,-0.031070584930232802,-0.026724866500218655,-0.017409057213042766,-0.028485262896809575,-0.03725460178574264,0.014983205463229288,-0.026266215859425828
2024-10-16,-0.020997987735795764,-0.015037427765604284,-0.015037427765604284,0.026709458660840922,-0.03727748910856302,0.012116946050924927,-0.022919590517760696,0.008138307848598592,0.008464210198161667
2024-10-17,-0.025659088381655336,-0.022691070505965086,-0.022691070505965086,-0.0033137156205270677,-0.024043132898609668,-0.015807256471489752,-0.02479849462108503,-0.0029315286998625734,-0.012884376695927867
2024-10-18,0.015501447072807453,0.04760779280329543,0.04760779280329543,0.02688119821268642,0.032107933772102165,0.03125056063631674,0.044017720693816556,0.014924257413553965,0.028403878812398038
2024-10-19,0.01585271190432153,-0.004589648410752333,-0.004589648410752333,0.004627379717459265,-0.007990951486848672,0.005105222942439759,-0.0035812519322063995,-0.000730695037119311,0.002040442043939392
2024-10-20,0.020757863145721974,0.04227467562848265,0.04227467562848265,0.021834372388599275,0.03872175521808591,0.019660488020569928,0.046248679588504246,0.00956433355757702,0.024485014560151504
2024-10-21,-0.053531498288154615,-0.03438326107113466,-0.03438326107113466,-0.044018128184328854,-0.03880244991015207,-0.03447000142346327,-0.035180746941904165,-0.023967004283086846,-0.032341164333622024
2024-10-22,0.004094077595477622,-0.007182394348541685,-0.007182394348541685,-0.015091498121435653,0.004211105034062726,-0.014088969655059506,0.0007829357316415232,0.0007198248673518926,-0.014776346431526394
2024-10-23,-0.023707561160192455,-0.013776440749837651,-0.013776440749837651,-0.0042560969476673005,-0.015264868130939004,-0.014540773697648786,-0.027033967740698016,-0.011232313944175898,-0.0060000379110291945
2024-10-24,0.009450515504294911,0.005692018024168602,0.005692018024168602,0.009506728351307689,0.037972883756799795,0.02126397145929023,0.026140570123123326,0.022943767422919148,0.01535091683551019
2024-10-25,-0.09623068653397591,-0.08654933788406369,-0.08654933788406369,-0.05962843729052073,-0.07902231878142171,-0.06372979571249836,-0.09698304493447647,-0.02199395644582236,-0.07050551488449419
2024-10-26,-0.020562660874489033,0.01774753216992281,0.01774753216992281,0.0103856411600242,0.022139576443941086,0.02719767748722079,0.04201923724150895,0.005913641316056761,0.026723479643963877
2024-10-27,0.031274590345246246,0.011574609170192792,0.011574609170192792,0.027984611196787083,0.04510057894955873,0.0322735070024277,0.027256993473702716,0.013845607186230069,0.01711075178151163
2024-10-28,0.019185035608759147,0.0020158689030447935,0.0020158689030447935,0.03866293077274352,0.007376009770238657,0.043588007923587,0.02209365971760527,0.028527808037729363,0.02191996126677306
2024-10-29,0.03764845282828333,0.0361311717708963,0.0361311717708963,0.05612283391490669,0.02527639682324291,0.035189251301673344,0.017749880728556457,0.03965297837218107,0.05136447363795547
2024-10-30,-0.018799042235965898,-0.0263860243726863,-0.0263860243726863,-0.019651677821344353,-0.030001838415710823,-0.016912161231615597,-0.03737996223348307,-0.00538492271134583,-0.014168803826497363
2024-10-31,-0.06858433212016825,-0.0213124932514088,-0.0213124932514088,-0.05576088514231207,-0.02660979525721203,-0.03858879517696002,-0.01960348273087417,-0.028374281253896405,-0.04274566983325434
2024-11-01,-0.01826902446897397,-0.030116041010460212,-0.030116041010460212,-0.01037851104819239,-0.0040484256671419975,-0.01571602053661374,-0.0027080297637063714,-0.011324188908526045,-0.015015800771609545
2024-11-02,-0.025220633763512947,-0.019899159846072306,-0.019899159846072306,-0.019794905562092027,-0.005023972056550172,0.0003728809080489421,-0.017912592941057504,-0.0017449922664622974,-0.009978940355512682
2024-11-03,-0.03653169474813301,-0.03766965586909586,-0.03766965586909586,-0.030226594253196175,-0.05062302521407967,-0.030887298329971252,-0.05521536139539146,-0.008630662976178316,-0.024260889227340973
2024-11-04,-0.029483184071524716,-0.04276151797894465,-0.04276151797894465,-0.02278383990377667,-0.032187380705113004,0.015792910296109366,-0.0003303718352130902,-0.01346371022794457,-0.018539730111934438
2024-11-05,0.060285065632357096,0.05262904117963736,-0.0015,0.04951869753856271,0.02468943776709244,0.07293333951878742,0.025810337143202605,0.022431831623900944,0.052121628947702836
2024-11-06,0.10740026843088404,0.11320609440959857,0.11442148560305034,0.14595600144591184,0.11913836098796728,0.12867558351515931,0.1623716974658894,0.0893729329739763,0.11172958462688996
2024-11-07,0.01570480214578312,0.009525195368685197,0.009525195368685197,0.03275037987557001,0.03342727628702731,0.023209522743663086,0.004608466373421207,0.0037831476979763856,0.025486845371208437
2024-11-08,0.010558631313190809,-0.0004989193546615089,-0.0004989193546615089,0.004596041699330923,0.026778082660872036,0.005138396079172412,-0.0013388071457472537,0.008593568843003663,0.001639382929045441
2024-11-09,0.03991867344457105,0.049338871380183266,0.049338871380183266,0.04551748740873714,0.0773535538066347,0.05733362098942228,0.03830222825302003,0.0021916152418686163,0.059681048376698104
2024-11-10,0.07770088035556075,0.04231817255142331,0.04231817255142331,0.21285242574556837,0.07689152368357119,0.10189599660217005,0.04366045153145273,0.04815691599591321,0.10505859740050677
2024-11-11,0.07453654813317614,0.039407860100833456,0.039407860100833456,0.13779532539013123,0.07883077593022955,0.09319370870061121,0.03176619180454365,0.10299836966550102,0.09841574610068773
2024-11-12,-0.03496472113398255,-0.046315048130319475,-0.046315048130319475,0.03574462496848507,-0.03438875211792596,0.012896458253850652,-0.07058855066177833,-0.00785105223479976,0.012729255569227445
2024-11-13,0.06306061397477127,-0.04534816447369425,-0.04534816447369425,0.16569205638013787,0.05187496274993218,0.08057226025060067,-0.058001298972592895,0.027551274837266382,0.08504761211213624
2024-11-14,-0.07307866081682955,-0.02773004460506829,-0.02773004460506829,-0.08002586553349043,-0.05169930626011774,-0.02928901625559361,-0.009100150047368992,-0.03374388106471693,-0.03013412442112395
2024-11-15,0.07604552555330252,0.06551815072962665,0.06551815072962665,0.07210965351695023,0.07909813836887938,0.06421874213203678,0.05907125850715154,0.04244437398018164,0.07422755959634003
2024-11-16,0.11102154852497029,0.04686306966690401,0.04686306966690401,0.029536354108957164,-0.001292597419584191,0.0025796422340755745,0.04481659646521561,-0.004890034907478302,0.007162034112342359
2024-11-17,-0.06240915856807192,0.034623062212363505,0.034623062212363505,-0.02580005343003059,-0.012840169274693426,0.01419392094402922,0.03011348496787106,-0.008068824947354392,-0.0019081367333518514
2024-11-18,-0.008560898587552553,0.08564888162200524,0.08564888162200524,-0.022878949480044465,0.020539646253772283,-0.005637257095420957,0.0903959149684601,0.006767384122082332,0.002756536229322423
2024-11-19,-0.009177256567480307,-0.013829101339191994,-0.013829101339191994,0.0011106031695855938,0.00223726416550817,-0.010446570998351563,-0.016037954245797677,0.020413737695668788,-0.010905935628178834
2024-11-20,-0.04848509175662392,-0.061608996775700704,-0.061608996775700704,-0.02370295505505112,-0.011230548508925856,-0.02461386843382902,-0.057738473160557156,0.02140345673566446,-0.03589553389415273
2024-11-21,0.047749925080257355,0.10100623861524757,0.10100623861524757,0.08496235991869416,0.05599839532705941,0.0674540444166942,0.0850599663091582,0.04274798019993509,0.07082340653364762
2024-11-22,0.04443417565016523,0.05732171423158736,0.05732171423158736,0.038208360964587865,0.1303892343671844,0.02544253861176896,0.04888465003918605,0.0058472013826280644,0.019884245600588477
2024-11-23,0.08850825448672485,0.02565937180627405,0.02565937180627405,0.020280443066621877,0.09859052689804941,0.004662469846685491,0.01682442885373583,-0.012332645714516866,0.004615816009145103
2024-11-24,0.022616640316661767,-0.0037314892806843457,-0.0037314892806843457,0.0005796536155867999,-0.004247691073372974,-0.009224072541088552,0.010815807641067536,0.002330648166728677,-0.00923747010787817
2024-11-25,-0.03629304733331335,-0.03137364909223767,-0.03137364909223767,-0.058624804546773206,-0.06757541820805277,-0.04941708119281029,-0.06481514019808705,-0.04994921350389636,-0.03407115888169511
2024-11-26,-0.029379776600508486,0.004117027895959765,0.004117027895959765,-0.04532060218519303,-0.026725158071118815,-0.01683783428636286,-0.015425143346333912,-0.011233737099909935,-0.013111369587248737
2024-11-27,0.0036361158187325025,0.13151131500626467,0.13151131500626467,0.026940800514056486,0.09303244031661392,0.04869003133724582,0.19099535018984917,0.04238507278190995,0.04577002782038038
2024-11-28,-0.03929205097284116,0.02471642188510257,0.02471642188510257,-0.0001841758705510457,-0.00848747372002099,0.005686399575227133,0.015140084057621,-0.002285863665387078,0.007842123426295991
2024-11-29,0.07410331757587768,0.006891805217636296,0.006891805217636296,0.09915162282777364,0.04500020624713747,0.04024908489978091,-0.0068945521077923705,0.018987290156683212,0.045743280408048995
2024-11-30,0.003412340648810345,0.06681946175802371,0.06681946175802371,0.01159667617582855,0.05952153140641944,0.006067013839655854,0.08943320289588125,-0.010794274574184248,0.0036761588186783756
2024-12-01,-0.007049466482260978,0.06272848734194289,0.06272848734194289,0.0786621488842026,0.028489666837418152,0.049330814675954605,0.0683206762335465,0.008061468764155144,0.05408651219033038
2024-12-02,0.0874633005019777,0.007894470938736686,0.007894470938736686,-0.004938353412063728,0.06002304902455983,-0.01027856894432564,0.009411285909947512,-0.01383503122595442,-0.002150917824862917
2024-12-03,0.03185506513033314,0.007882965063489908,0.007882965063489908,0.013459514820387283,-0.008061897584073555,-0.002512930020433936,0.018397922774354043,9.463628261174861e-05,0.003229286279132874
2024-12-04,0.030869009539189734,0.03623806948616643,0.03623806948616643,-0.008508906316773255,0.012661357797627944,0.012621525158732645,0.023539710859696864,0.028561699051921963,0.01725441364636352
2024-12-05,-0.028233067211173832,0.0007725175087090795,0.0007725175087090795,-0.021460177241596504,-0.01652179621047785,-0.0031966937088433456,-0.015320733531939128,-0.016652141472148774,0.0030952086389917834
2024-12-06,0.010570091002090411,0.05808704725040939,0.05808704725040939,0.0035335256767916254,0.10125921737626119,0.034493101057664705,0.06763902203558946,0.028832759145512643,0.027956447253513365
2024-12-07,-8.420077484442776e-07,0.0031852306185816926,0.0031852306185816926,0.01734034002472462,-0.02471131490279229,0.03687562963862979,0.017173343466256055,0.0009138683812970338,0.0364358052126732
2024-12-08,0.029476170573126792,0.019986948105603614,0.019986948105603614,0.027359163710673075,0.009179282411006644,0.008486242767209563,0.011208711907936446,0.012797501081567075,0.005825682294476998
2024-12-09,-0.13975100271736035,-0.15096984799801352,-0.15096984799801352,-0.05015048510749667,-0.1581974964366808,-0.09414437570796567,-0.17952693799852398,-0.0379105483466009,-0.08283412715355801
2024-12-10,-0.05301642731166896,-0.032052799766038254,-0.032052799766038254,-0.04721048891397142,-0.04859994123168065,-0.02127506563857284,-0.032920117551142165,-0.007026056763778543,-0.01741111306262339
2024-12-11,0.055045171988082287,0.10666733167400608,-0.0014999999999999998,0.04157521358097116,0.11773463623564027,0.07599824993346445,0.12952472601139375,0.04691851376393741,0.0643095292345999
2024-12-12,-0.0020000884715587882,-0.0007300629280633337,0.0007699370719366663,-0.004077965283673578,0.004334250911755182,-0.008958150084163324,0.018077689054494743,-0.011082422744128628,-0.0029337331655423377
2024-12-13,-0.0029821989292550294,0.022021016503164362,0.022021016503164362,0.009828989318684516,0.0028730810714837716,0.022410866345237913,0.032291544956881156,0.014198990863292016,0.01696330864543418
2024-12-14,-0.05097202183586996,-0.015746685240224365,-0.015746685240224365,-0.046416005427422226,-0.03166676390769911,-0.03421758879186208,-0.004719325426479812,-4.19031937628489e-05,-0.029579243604898775
2024-12-15,0.023432681052226116,0.04499762012523483,0.04499762012523483,0.022095676297683754,0.052554313832755155,0.026850556011514492,0.04115771969419859,0.030013705383553635,0.028069452045280212
2024-12-16,-0.03286459473069816,-0.026904306623597135,-0.026904306623597135,-0.030148547693605268,-0.03332931142718965,-0.009736020165356447,-0.01906904701236589,0.01526526030644626,-0.011301073575830347
2024-12-17,-0.042239427096737184,-0.04905850373176174,-0.04905850373176174,0.0006043237157935923,-0.05914804516784542,-0.003641332229379903,-0.04321556722347844,0.0007079101319968917,-0.003976337216431214
2024-12-18,-0.08525172251227174,-0.09958559020940158,-0.09958559020940158,-0.07452662101764969,-0.07423639789813055,-0.0631875474647094,-0.06960842665545762,-0.0558703575319216,-0.07541439179411208
2024-12-19,-0.06198822526363545,-0.10447281906253762,-0.10447281906253762,-0.027052151792429625,-0.09576607914530422,-0.04574227528809458,-0.05704612866724392,-0.027365671293993032,-0.060794786470968656
2024-12-20,0.08485019246764447,0.05853712529495176,-0.0015,0.011441041490940801,0.057811995814363686,-0.0015,0.3449733635619034,0.0035252764517319513,0.03171826002032488
2024-12-21,-0.06663229365286652,-0.06370001747174804,0.0,-0.03956200637434515,-0.08091348220265837,-0.04921363090690828,-0.0641360531057677,-0.005249707991702657,-0.03241542350700784
2024-12-22,0.00853624837595696,0.006688691193762145,0.0,-0.008904506948520184,-0.00021509602740456355,-0.008526438836553574,0.03227500694160501,-0.02164330280426996,-0.006863479127412024
2024-12-23,0.09723175381112957,0.07022767453477295,0.0,0.060261339946783656,0.08868768951182839,0.09029752410014558,0.15116601344646285,-0.003202142493870186,0.05087008158751888
2024-12-24,0.048444283550733186,0.030641110527642255,0.0,0.03395969670857246,0.03496757186369613,-0.023408180141212487,0.022233617867722648,0.03986141867321402,0.03211722965771829
2024-12-25,0.027345629099011965,-0.028509406509589098,0.0,-0.027708433730973387,0.006098517675869176,-0.03693371180696031,0.008879263565730551,0.0077639591022340415,-0.013156338989419663
2024-12-26,-0.07601980691458454,-0.07537845175437906,0.0,-0.03567526392925705,-0.06672833983180287,-0.05962167524428911,-0.06122486539201367,-0.03658870195595676,-0.05545157539985945
2024-12-27,-0.02913340391054958,-0.007197356694877087,0.0,-0.011523818926473167,-0.04563257976437188,-0.0015,-0.09596972628997473,-0.01558142885179914,-0.005217608105554799
2024-12-28,0.0074756958026597235,0.05050215033685881,0.0,0.03370707108321739,0.042620032348124545,0.0,0.01600217226500358,0.01061484937862045,0.03535418304461624
2024-12-29,-0.05348018232481219,-0.004769511723014935,0.0,-0.04455494492047211,-0.03981540263784974,-0.04691033649488424,0.024158019028709732,-0.01638824763903468,-0.03318681709746047
2024-12-30,-0.0297548916980939,-0.008189701882480614,0.0,-0.0023050948602034334,-0.011905965448129514,-0.0015,-0.07887513736928682,-0.010093537106537043,0.005135781838657728
2024-12-31,-0.012070455871642119,-0.01714835493545361,0.0,0.017967703547491186,-0.024161290429073702,-0.005838210275603993,0.0016998754760674415,0.008448460832582105,0.0017877663570230714
2025-01-01,0.028948472899807332,0.04185046843479035,0.0,0.03179927184635703,0.011902649876703966,-0.012084874718823855,-0.014188774502929368,0.010855240659998211,0.03903703518781142
2025-01-02,0.02823306453764662,0.038418679138808004,0.0,0.027257379391146953,0.03810354361803288,0.012294560301460812,0.04519661332874821,0.025298178626284695,0.03022679806686262
2025-01-03,0.05806181182751869,0.0484667746873816,0.0,0.07083977882294012,0.04031365142310192,0.06281394170782587,0.042214838509835775,0.012263675572221189,0.06658352092638316
2025-01-04,-0.002243482928925908,-0.011355203758820478,-0.01072691342727786,0.025844823937475815,0.004785774005999138,0.004921550260002036,-0.006826186224116734,0.0004718144831972193,0.002988042059757068
2025-01-05,0.012494140668099285,-0.011989405519483376,-0.011989405519483376,-0.016374705892812053,0.01704086418442848,-0.007777535360720145,-0.012610553587749682,0.0014570278098766654,-0.008895700317792953
2025-01-06,-0.0016483833346607395,0.011015110043514619,0.011015110043514619,0.014358073021897993,-0.0036496908670069165,0.0113506458360662,0.003556258134141202,0.039364049367443865,0.01157162519070341
2025-01-07,-0.09814860089025837,-0.10457904814542973,-0.10457904814542973,-0.058088779341677214,-0.09946250655421233,-0.07790192197691445,-0.09830731148113998,-0.05165509861535522,-0.07824931838818376
2025-01-08,-0.01827284748493616,-0.05756368523381449,-0.05756368523381449,-0.0007319750208187499,-0.043147671452846585,-0.00613416977182776,-0.02946649832096901,-0.01953491432743626,-0.013389135671680374
2025-01-09,-0.028171035854649473,-0.05110658403429243,-0.0015,-0.030134153170895243,-0.05048841070392314,-0.049369659111794965,-0.05619967900462964,-0.026384429891623817,-0.039762610401362815
2025-01-10,0.013492669821732339,0.01853296105515332,0.0,0.03670975770178475,0.037027438188677195,0.052627695288676495,0.0323233113430765,0.02348526765730452,0.031017174959142142
2025-01-11,0.001672110379464155,-0.006676955917310369,0.0,0.0025398728680794055,0.022162932135935776,0.03522638170317626,0.03088144841545824,-0.0013314174940783907,0.01913120859264573
2025-01-12,-0.03089527201808161,-0.02573094449868418,0.0,-0.02576603736165313,-0.0213598172658434,-0.031256117558463165,-0.014989905227349692,-0.0005806554525006336,-0.016481418451076438
2025-01-13,-0.029649579643777714,-0.043465881011553395,0.0,-0.02624584596593445,-0.03402295528351715,-0.005191630503162532,-0.02850240031827262,-9.476962625010188e-05,-0.01505289319472581
2025-01-14,0.03917712546448243,0.04122546884590993,0.0,0.022170951620466603,0.01780490075502845,0.010391093782003072,0.014934095884377028,0.021417849900725594,0.029435559519037365
2025-01-15,0.11352561094820852,0.05768517770025414,0.05861237145237865,0.1122004141537742,0.07308272856079087,0.09284204358042644,0.07278852990078787,0.04076693186038316,0.08582026681452125
2025-01-16,0.0032635428709831644,-0.02805268620651792,-0.02805268620651792,0.006679383051554763,0.008775962517713082,-0.010072123069875174,-0.015187047882625431,-0.005075258203325772,-0.010332517620640708
2025-01-17,0.04068811582085263,0.07165405895208524,0.07165405895208524,0.030456378242374682,0.035088679189097194,0.038829977876739974,0.04777129622268787,0.04090699518838892,0.050034432040814605
2025-01-18,-0.08296369244506638,-0.06445875441567846,-0.06445875441567846,-0.0768522271671869,-0.019469213445981057,-0.000768499085979976,-0.10692483011029678,0.0045999384304846735,-0.009102626706030178
2025-01-19,-0.08360035405217105,-0.1086088371112544,-0.1086088371112544,-0.058532170173797596,-0.07662196721231243,-0.07142872960217984,-0.10070785051244832,-0.030841395103859304,-0.06946945867007706
2025-01-20,0.008158362163064727,-0.021731457096469182,-0.021731457096469182,-0.004313840996010103,0.018165171332346953,0.004369946105314186,0.05529049814085488,0.009162396279856155,0.004358026490528236
2025-01-21,0.03051094768253959,0.02558586206789711,0.02558586206789711,0.030778759566093997,0.016539026395325097,0.031169955065986393,0.011503097287516795,0.03797975376689289,0.02885527744145311
2025-01-22,-0.03617775981427935,-0.04082199333148794,-0.04082199333148794,-0.051754437327184655,-0.022232882557351747,-0.004915478171875348,-0.04299932378536174,-0.022960922265658046,-0.023524040665872006
2025-01-23,-0.025953372695324883,-0.01059743942319222,-0.01059743942319222,-0.017657766199942262,-0.008556952270254565,-0.011968177951319945,0.001525389628910555,0.0019640011547956693,-0.0074396178653204645
2025-01-24,-0.03472311067966749,-0.049454681114765024,-0.049454681114765024,-0.019312260819958068,-0.004034828657870943,0.0014322756022345613,0.005228567792535331,0.009240273874573157,-0.00879546815327401
2025-01-25,0.017764075688040074,0.024572767133921397,0.024572767133921397,0.0031430933177519797,0.020100482275403193,0.004361832604691542,-0.01830938491924522,-0.0011790732379457491,0.00412067364790044
2025-01-26,-0.020567360270524925,-0.04961345692497453,-0.04961345692497453,-0.06316839414449434,-0.02286905523176291,-0.034722289491000285,-0.03248079809007147,-0.020304667873067395,-0.04590070786985314
2025-01-27,-0.016990246950268906,-0.022526684040441097,-0.022526684040441097,-0.0163889678191265,-0.00823952657491953,-0.006647955679949678,-0.02611444962078631,-0.0052345546677060595,-0.010959330130775038
2025-01-28,-0.05570354728414747,-0.0786786656747318,-0.0786786656747318,-0.03796722428090393,-0.02790000412510462,-0.01335112288262233,-0.048372862174766974,-0.0073206238502596666,-0.049544183313492876
2025-01-29,0.024729461914793787,0.04550645048693346,0.04550645048693346,0.015458832379487678,0.02696736536026619,0.010691897769025904,0.04032868182477804,0.023661199942527578,0.022041076992210862
2025-01-30,0.04370725878185535,0.036677135716909566,0.036677135716909566,0.05763979126936417,0.02672667008335838,0.024438457115199336,0.03900670885748069,0.00954081835292131,0.04350999008597667
2025-01-31,-0.0024863714765533127,-0.00979810618199666,-0.00979810618199666,-0.011601851280546728,0.0015487947738675573,-0.02621902528267446,-0.02719532242865261,-0.021899499765762886,-0.0019505707366843
2025-02-01,-0.10602670476524538,-0.11044978164714875,-0.11044978164714875,-0.0983296244839561,-0.07134029825896958,-0.052315895419533576,-0.09193414634461473,-0.01751359666096397,-0.06807068474856295
2025-02-02,-0.09255276625989252,-0.12286705416074817,-0.0015000000000000007,-0.06403914483411602,-0.06607750905449084,-0.0015,-0.07946539223476379,-0.029165211334154395,-0.0911286330750285
2025-02-03,0.02795188770545446,0.028304721139750817,0.0,0.031975633621442213,0.03212690760785257,0.0,-0.0014999999999999998,0.03713314320824468,0.04947669823616711
2025-02-04,-0.07622929842559774,-0.080138702547756,0.0,-0.05667839869631752,-0.058376087129780686,0.0,-0.0511792817958685,-0.03518644109279401,-0.06237273168040612
2025-02-05,-0.05466346369768669,-0.032347751639993205,0.0,-0.04636006403506876,-0.04718500304205389,0.0,-0.0681959818790624,-0.011770285996367091,-0.03304727258167546
2025-02-06,-0.05143033084935399,-0.061169092146428246,0.0,-0.01307778409333208,-0.030777842502270038,0.0,-0.0015,-0.0006011648811647952,-0.04252032497941252
2025-02-07,-0.006715466338052875,-0.005148417943833438,0.0,0.012622136110249945,-0.005676887432631272,0.0,0.0,-0.0004924687494659574,-0.0006025824105311984
2025-02-08,0.02203272628233937,0.04360567095096615,0.0,0.033469328991978145,0.009630933300302198,0.0,0.0,-0.0006430634939713631,0.026486280994290998
2025-02-09,-0.01506133060574175,-0.00662173090996137,0.0,-0.030587634016397303,-0.0068304102487853156,0.0,0.0,0.00018673905907151678,-0.01427648211640657
2025-02-10,0.04245453123386144,0.025488253413002485,0.0,0.0028824998119044353,0.04528454499618961,0.0,0.0,0.010035687350816946,0.018882529025114454
2025-02-11,0.0105583020827461,-0.005378730833925548,0.0,0.03641057685548828,0.008861264262683213,0.0,0.02902283603246597,-0.016961983897908373,0.0024406243703739964
2025-02-12,0.061212164708729186,0.03737305117671255,0.0,0.06216866176994685,0.06865606220522133,0.08387478002211451,0.08439730557724623,0.021839938524633062,0.04016992897673841
2025-02-13,-0.029371722357450194,-0.030968347473735464,0.0,-0.040605253888565174,-0.022938807384220567,-0.04621698018452347,-0.02070480542344267,-0.0128931248485874,-0.013113930716190315
2025-02-14,0.019966028718567556,0.03492568322116931,0.0,0.011285685328751998,0.01862930092612658,-0.01198203376876039,0.01100548505488781,0.009236695789816451,0.02960497766980915
2025-02-15,-0.043181913182712,0.0010898267952899861,0.0,-0.010863517780750747,-0.006680081821813531,0.00998584073826503,0.0294208933436909,0.0007095349684433927,-0.017732941891499942
2025-02-16,-0.02066789513637647,-0.020770991843306084,0.0,-0.020868370010193482,-0.006983956397016094,-0.0195816181875204,-0.01254991277674554,-0.014876960727340904,-0.017130092021293227
2025-02-17,0.003926510738975356,-0.0357950099229803,0.0,-0.0017747350596631895,-0.01066622926474952,-0.020183421310628582,-0.03281131244959194,-0.0035177550289164916,0.00012071560025155373
2025-02-18,-0.07221382986593536,-0.06512006418457543,0.0,-0.0616623379192794,-0.05429362773691204,-0.01884519516029698,-0.023379362204271305,-0.0011302986009604776,-0.03086058984610118
2025-02-19,0.017222881283479544,0.01797712913840489,0.0,0.019995880269563227,0.027131863913246963,0.022332004078864178,0.04283592132278574,0.01016632497746972,0.024177344510452666
2025-02-20,0.022484955562297362,0.04608771655378088,0.0,0.0059587443319490604,0.019923249161384743,-0.015613098703209408,-0.02709127176442234,0.017182894357943512,0.015346795632771743
2025-02-21,-0.03162591570707519,-0.04260354880522206,-0.04138676938615246,-0.050098262137955124,-0.03357546832311813,-0.0346472784905234,-0.03608928080045883,-0.02159625654849706,-0.037965525981239506
2025-02-22,0.02670573007806493,0.03363689673974227,-0.0015000000000000005,0.0034170297038620427,0.02800143999779056,0.0036795529546239498,0.020124116451654253,0.0038367893861199764,0.02162129514760007
2025-02-23,-0.01985927956008414,-0.0028733217225506086,0.0,-0.010107875529486218,-0.011517193211807638,0.0018423514676140426,-0.004706052282233447,-0.003034768875022631,-0.004832763491763234
2025-02-24,-0.11253017760752568,-0.14359839377216144,0.0,-0.11546220604203002,-0.12597103638091783,-0.11404997738453694,-0.14301431726238467,-0.04888030085811046,-0.11747688490404501
2025-02-25,0.0055963678285013375,0.028885779774318908,0.0,-0.009779794811434166,0.02306326440521402,-0.0015,0.04413809826210674,-0.0313750916410277,0.010930705124045616
2025-02-26,0.06777002714451157,-0.031003673162638034,0.0,-0.02597432386139553,0.01737545888507676,0.0,0.05303398209899164,-0.04995816437454048,-0.02648679606636641
2025-02-27,-0.027046735791571033,-0.0007513946902182351,0.0,-0.0043311459442151295,-0.03753900952198886,0.015984760988129454,-0.06905717211318055,0.005442011990729023,-0.0017043313795755714
2025-02-28,0.007050384940582235,0.03302198974513242,0.0,0.01841686845278364,0.01971654171516906,0.009301592306479423,0.030913257124422944,-0.0042338096093689215,-0.006434716120026666
2025-03-01,-0.015199912423088588,-0.008958552475218083,0.0,-0.022137741610513142,-0.011062984674886166,-0.029131521399562543,-0.034110115945628294,0.02032710396711601,0.0015899673456016465
2025-03-02,0.16733561949981246,0.11624278642695755,0.0,0.29881832052697127,0.06552222326687807,-0.0015,0.046550679159877414,0.09534090292481712,0.20291382743730912
2025-03-03,-0.1962731436532265,-0.15864147670266726,-0.1577046183540069,-0.21421102383254356,-0.1411585930254144,-0.17405311486496597,-0.175370805317968,-0.08538654927336375,-0.16778022819471228
2025-03-04,-0.008501202159763552,-0.0051084455440360815,-0.0014999999999999998,-0.013217622581349838,-0.010598405817511935,0.09442375478740551,0.014697520241101259,0.012309933784973248,0.0053492553617935515
2025-03-05,0.015225614889571637,0.03394879050201459,0.0,0.01837167397966492,0.058399591060787716,0.035285365075991004,0.09630780189192767,0.038083806073143656,0.02542000084944362
2025-03-06,0.01561850189133308,-0.02885229249856962,0.0,-0.014586529675114644,-0.023138614400375745,-0.06939739246483934,-0.03484501629858829,-0.007440124556858829,-0.01069693239006674
2025-03-07,-0.03531648094041404,-0.03473288776052828,0.0,-0.04917909641274672,-0.03549141065300196,-0.09152660659684836,-0.03613374605529541,-0.034805673493573885,-0.033188493737512176
2025-03-08,-0.02115112349198741,-0.014802945768204626,0.0,-0.022143442588480847,-0.016387854175263325,-0.017280592180900823,-0.01880611943043849,-0.006673828580645025,-0.01635753232926334
2025-03-09,-0.10251604250093867,-0.10050654740071406,0.0,-0.07253431176048648,-0.1019954681840182,-0.10394932935916545,-0.09309394639461022,-0.0636502442229373,-0.08682345933356761
2025-03-10,-0.0021159610621978918,-0.06300545395475511,0.0,-0.04890133969957866,-0.0658629193079549,-0.0015,-0.04653351457350161,-0.026488223045525672,-0.0607590030397904
2025-03-11,0.055684062067693274,0.06268974198051294,0.0,0.06685494419824714,0.0246724886573145,0.0,-0.055491391376665276,0.055182677560879245,0.061519778464238846
2025-03-12,0.01612594250270432,0.0011904784136196039,0.0,0.04717036243087561,0.0020911156572551663,0.0,0.03756437389770728,0.009008839546240877,0.02815953971235505
2025-03-13,-0.02807814667702152,-0.024145239272222965,0.0,-0.023059907105934342,-0.03134280842921018,0.0,-0.047580345221248654,-0.030644554525017353,-0.027412834953890776
2025-03-14,0.02718031827671935,0.05001110468731993,0.0,0.026333770992606288,0.03163370890236454,0.0,-0.02927133141219568,0.03534971863674374,0.04596350191383085
2025-03-15,-0.0007051954099438688,0.029364026982081036,0.0,0.01042413959813027,0.017604376332317248,0.013225852996095635,0.03911502641357052,0.004229893597767154,0.017616056570290792
2025-03-16,-0.030750604022131863,-0.03801945805866127,0.0,-0.050074635832846104,-0.02792504139325281,-0.03606792555481614,-0.03479814493735158,-0.020914662400679962,-0.04492128798968466
2025-03-17,0.02167779502127553,0.0543381466097182,0.0,0.017423686218476935,0.029821979920242023,0.047479957623040345,0.02988192336568741,0.017384295133135996,0.03905038636444973
2025-03-18,-0.010588173286972001,-0.013441685913446494,0.0,-0.023221912198562802,-0.011951901024169827,-0.016579003258035255,0.01112518492252981,-0.015414826063030795,-0.01950046844902775
2025-03-19,0.02166434439605729,0.052724290798930755,0.0,0.02389373668977631,0.027018296040525455,0.004115508616082421,0.014499553004845591,0.04994146771149088,0.05644862248818173
2025-03-20,-0.04157009473690724,-0.027065297650216275,-0.025851654595922265,-0.052355809667161836,-0.012284545559308253,-0.008802166549453814,-0.0167822905828448,-0.030197727147636355,-0.026536665626944664
2025-03-21,0.009759980915271596,-0.014548700456090705,-0.0015,-0.020655634770528227,0.016082866947574104,-0.02540868260976613,-0.00370392369501298,-0.0015981308755205204,-0.018098065371630258
2025-03-22,0.00561341402062149,0.010626827754852426,0.0,-0.006188365643428393,0.03076569110241824,-0.011707878314449777,0.009027877146842682,-0.0029516419489445944,-0.002393185243347265
2025-03-23,0.008764895991041237,0.01409329610183978,0.0,0.015899752579457714,-0.013290300499960234,0.021069519804663463,0.012473402348610201,0.02674015056430301,0.019436483209297924
2025-03-24,0.041550055081203414,0.030260138930086746,0.030885067098185913,0.05753071972247781,0.038783030806081,0.03579504875184623,0.017290204432614645,0.01644538669299811,0.03878933005802772
2025-03-25,0.018853958298342365,-0.007327697972193207,-0.007327697972193207,0.01993121088855613,0.011732486167085148,0.003798880877542667,-0.006948767027512472,-0.0012033395902268929,0.005737143874667057
2025-03-26,-0.010276744295942095,-0.013527490430868039,-0.013527490430868039,0.013890935392339578,-0.0031573186132463574,-0.002684445677108727,-0.00888763581025646,-0.005534776464029556,-0.0021290451908291767
2025-03-27,0.011710552713198721,0.007852828271614066,0.007852828271614066,0.008799666938056967,0.006376669373469134,0.005373972603049735,0.006353183608625982,0.003714682811951864,0.005764947679366304
2025-03-28,-0.08420601329106564,-0.09485970186094905,-0.09485970186094905,-0.0585813810672322,-0.085323747560338,-0.05668881531506052,-0.10509981932004249,-0.0321857767578666,-0.058276629871498994
2025-03-29,-0.04195522008547302,-0.0824782767623881,-0.0824782767623881,-0.032633667555542936,-0.06568693796829708,-0.052960270491315097,-0.08224464735359993,-0.02103468216171689,-0.04444065392678584
2025-03-30,-0.005383348284372002,0.021174408574133868,-0.0014999999999999998,0.002150148050312773,0.0019427284446159303,-0.0014999999999999996,0.0011295125946863887,-0.0031283069247198814,-0.005627812110011285
2025-03-31,-0.03791467280549342,-0.0018010660105688232,0.0,-0.021518527051844052,0.009949479504536382,0.0,0.03728123943041283,0.0019422262340362817,-0.0029661562583170147
2025-04-01,0.0437734502623752,0.017995320119715948,0.0,0.03965614974618599,0.02636424804329948,0.0,0.030518046315067188,0.031596967704788925,0.036616101108082964
2025-04-02,-0.0742330698153146,-0.07675736639624897,-0.07582429036403521,-0.06289753678572932,-0.05059433466463594,-0.0545334514509373,-0.0507216779440004,-0.0310251468030025,-0.06095762184666814
2025-04-03,0.01456374015757425,0.006928606163681288,-0.0014999999999999998,-0.004546612754890246,0.009751732518436172,-0.0015,0.014281646078452906,0.008444393222235336,0.0012953922970235458
2025-04-04,0.00023780028214419931,0.0011837022469209186,0.0,0.008199864636479669,-0.0025668980825931786,0.0,0.016336548247893302,0.00813309540602325,0.02258337239698075
2025-04-05,-0.02226372826000825,-0.02829759352552585,0.0,-0.022468609193365827,-0.020213759325595194,0.0,-0.031009423622469966,-0.004194546969735313,-0.010879145982175679
2025-04-06,-0.11703499040733381,-0.0923381853410988,0.0,-0.09952994523051598,-0.10863250880997245,0.0,-0.13266035894143377,-0.061145713465215135,-0.1085598834316585
2025-04-07,-0.011107323462907857,0.022012554583799287,0.0,0.006335694652806109,0.03533880010824354,0.0,-0.05792957746478855,0.009348973607038236,0.006726709711618699
2025-04-08,-0.043891231084552285,-0.07873520572031717,0.0,-0.05325547425926994,-0.061377826173741344,0.0,-0.0540132774283717,-0.03588559538492875,-0.0394060192292084
2025-04-09,0.10999934613016217,0.15027773974307107,0.0,0.08380584430232008,0.1255653855431834,0.0,-0.0015,0.0824502158081466,0.1175310630181396
2025-04-10,-0.027805705724988306,-0.0434916602460995,0.0,-0.045930680170791306,-0.038755186896440585,0.0,-0.01847100013453598,-0.036408787630172745,-0.042263245221641974
2025-04-11,0.04179763862506175,0.033610215536862574,0.0,0.014958382584262929,0.02729919600283345,0.0,0.09692075685967934,0.047942085713244875,0.034921176119183835
2025-04-12,0.09176104468766147,0.04112738330946276,0.042047726363331636,0.04994670562260783,0.04703331644778139,0.020712595344448304,0.052660324411988556,0.022212595344448305,0.05791165902085505
2025-04-13,-0.06269221634701418,-0.04885263770027035,-0.04885263770027035,-0.04424906991453437,-0.05500568556176928,-0.029777508236975177,-0.03867240815070311,-0.017787935537056265,-0.02990826282676934
2025-04-14,-0.007221693073235289,0.0056716640935708575,0.0056716640935708575,0.0017000794786642434,0.008298474881554692,0.006569468192171255,-0.012161110374680924,0.009928127984718316,-0.0044541080844460275
2025-04-15,-0.0381699873980292,-0.035625480111045264,-0.035625480111045264,-0.02835736218177868,-0.05077644262576165,-0.025865975220026868,-0.03947250105875338,-0.011201942320973268,-0.026167649687399357
2025-04-16,0.017353632140215992,-0.011599985079630696,-0.011599985079630696,-0.002836136047285866,0.017922510060068144,0.014475102691903458,-0.01042066087459519,0.004619459210398746,0.004334441658774328
2025-04-17,-0.0016131278423055341,0.026222591587480044,0.026222591587480044,0.013546909647960237,0.01783048640067582,0.01056736675398648,0.04135518817417,0.010919027142326287,0.009209254932918055
2025-04-18,0.0028175398076720906,-0.0028341878135802164,-0.0028341878135802164,0.0012102444735253076,0.0004280335837713511,-0.00023276109083574187,-0.0057745241344874885,-0.005570707978571843,0.006102409990391467
2025-04-19,0.03159253010619586,0.034306561779967694,0.034306561779967694,0.03216770663867422,0.05117203215076899,0.01698482882447787,0.039395005047026976,0.007130183016948566,0.019676429532147016
2025-04-20,0.01799050109929964,-0.0028492536611616163,-0.0028492536611616163,-0.013140476777916363,0.002072238653352502,-0.004353956673066927,-0.008109732946266622,0.0012016172171542827,-0.009985962190853468
2025-04-21,-0.00529334346194361,0.007346568208545909,0.007346568208545909,0.018556970375510625,0.0027595259362685047,0.010606923613338527,0.00566706393338269,0.02743614523914495,0.013734827013821223
2025-04-22,0.09463883368956172,0.06338268368001942,0.06338268368001942,0.13229128670346135,0.0828125374199019,0.10164734024238203,0.06277022783687111,0.0677218385664009,0.10382753251689754
2025-04-23,0.013309720805221116,0.005257967643636967,0.005257967643636967,0.03710313478835935,0.012979789354179089,0.05997668803133279,-0.0024515698738221603,0.0026549878166355345,0.061748552717485375
2025-04-24,0.0069702404125425305,0.042644546974959306,0.042644546974959306,0.02489616569638664,0.044176268967507565,0.00789427647434677,0.06591399394280535,0.0030887678955136,0.006868122936743409
2025-04-25,0.027294642489965784,0.033099617717034555,0.033099617717034555,0.010862217581430057,0.019342755506992777,0.01513947371054119,0.05418306789385719,0.007003689170739236,0.01898607033270422
2025-04-26,0.03482210428048567,0.017247262184000446,0.017247262184000446,0.059576159524325524,0.03072416433145096,0.020337225696888065,0.02940413117346217,-0.0001128502637609552,0.02578345969352585
2025-04-27,-0.018086558287090253,-0.016123516874380503,-0.016123516874380503,-0.037727187271570234,-0.05079734688282887,-0.01151807824050943,-0.013341893475626376,-0.009285835059390402,-0.013320612094435516
2025-04-28,0.012944266554467367,0.023387380561459628,0.023387380561459628,0.0015271861408065685,0.03544478101888085,0.004372257379521442,0.03520284007014318,0.013460153835815225,0.002853169228067473
2025-04-29,-0.03861855635998079,-0.04520142780599487,-0.04520142780599487,-0.016259482911617492,-0.04861637097039845,-0.021578510680344862,-0.06316871360257616,-0.007939697201950202,-0.02179433255558556
2025-04-30,-0.005832904602711697,0.016233210317201173,0.016233210317201173,-0.005589138191278299,0.013315097881350494,-0.004298257183100699,0.0005405191149195944,-0.0008998818334843284,-0.004427440416166936
2025-05-01,-0.0016335123373253588,0.014206556363763483,0.014206556363763483,-0.011906057156792896,0.00025006060599068805,0.012798912230355355,0.021396618684197115,0.024613579407891883,0.01309687707504921
2025-05-02,-0.00048093127791343053,0.01686159253193179,0.01686159253193179,-0.003933845202981602,0.02745363937442693,-0.0018744233387353066,0.03687083788893622,0.004116803508263045,-0.002394986675349463
2025-05-03,-0.08966460907075129,-0.06032001562434008,-0.06032001562434008,-0.06423326901366329,-0.08827333514048293,-0.02982766465170314,-0.06031142599711028,-0.010638357164841517,-0.028620830323279098
2025-05-04,-0.024970594451558702,-0.02549184319753202,-0.02549184319753202,-0.025999812074287545,-0.029635649824587617,-0.022167914615785496,-0.015720281974929227,-0.016470466975503584,-0.020523320964361373
2025-05-05,0.0006353001150089751,-0.0007131104805375666,-0.0007131104805375666,-0.010019623889077288,0.009738233996661749,0.009679539388449013,0.009474671241379466,0.0048374152847727725,0.00617178004684509
2025-05-06,-0.002896394077869855,-0.00781516664223967,-0.00781516664223967,-0.007425761242291179,-0.0034727857409073007,-0.0008708239413892421,0.0015791527700121251,0.022170995574119168,0.004775516849621501
2025-05-07,0.04205429114118532,0.0023960451704495922,0.0023960451704495922,-0.01036533476900462,-0.0055871434955222865,-0.003200845246229803,-0.0027390851266189268,0.0020290389679165077,-0.00012148483343762278
2025-05-08,0.14713097462263153,0.1818653451095395,0.1818653451095395,0.17414737019593135,0.12337702027991226,0.13031228561281422,0.15966380701978575,0.06421795208723036,0.15440258436793883
2025-05-09,0.07771457710800699,0.027841263616559555,0.027841263616559555,0.04938877690995943,0.03143328102338362,0.0432173828547604,0.021311043078238757,-0.002804624371499198,0.04620444374312567
2025-05-10,0.08462223391539288,0.09108396379391505,0.09108396379391505,0.08411363110999759,0.05139414451678457,0.06982697330408164,0.03710118651101609,0.017845046988020696,0.07239206658219749
2025-05-11,-0.0593490220094664,-0.035040551161671485,-0.035040551161671485,-0.037079747334454516,-0.029589009005239756,-0.034947848599649556,-0.01914570482677805,-0.006597968715249425,-0.03520968558139943
2025-05-12,-0.010648762362496698,-0.012428204323204703,-0.012428204323204703,-0.0014361622432977877,-0.005208479843594993,0.002257934044495336,-0.0075499886514952515,-0.01274208110028996,0.0014318837941071764
2025-05-13,0.048896463867074955,0.07657278177489667,0.07657278177489667,0.010423709258726785,0.13335669163992164,0.03595589126455211,0.0716870997277291,0.012767615008738131,0.035826250361260435
2025-05-14,-0.04336997195055893,-0.0379419723711548,-0.0379419723711548,-0.037067011279217854,-0.04206945888507564,-0.027482036381828997,-0.03508446195585839,-0.005724099004339123,-0.0275740496177628
2025-05-15,-0.061762572932101995,-0.07543846278028787,-0.07543846278028787,-0.024004237781211444,-0.07288195339574398,-0.0356947307825273,-0.08376873274377523,0.0024721803627976158,-0.035748717285406996
2025-05-16,-0.01295148624775195,-0.02199772314171567,-0.02199772314171567,-0.010505418662676845,-0.030329157723043815,-0.008719313684946111,-0.025618274294828765,-0.002889353127408567,-0.00866726904842749
2025-05-17,-0.04766503268388015,-0.05358563306316356,-0.05358563306316356,-0.016685686437082493,-0.06296694187864021,-0.015356430491581863,-0.06312346659722708,-0.00325959102643536,-0.013483477369919492
2025-05-18,0.02884846871896527,0.15437289187931755,0.15437289187931755,0.036345660602674634,0.15716955149392514,0.046782453269720206,0.1792873777142367,0.0322672170578604,0.04588582297321503
2025-05-19,-0.05324808316440278,-0.018343202744549703,-0.018343202744549703,-0.03781292914918162,-0.05279437423951012,-0.02154397390819138,-0.016487663041314014,-0.008271345834351629,-0.02126386606167142
2025-05-20,0.009257911954056598,-0.00014902265038643,-0.00014902265038643,0.000703750264452613,0.00804233164323314,0.015086659493297126,-0.016530946336065156,0.012088706907607882,0.014281932216715337
2025-05-21,0.03256554575442313,0.04380008771537461,0.04380008771537461,0.015098513702348828,0.030701276921163544,0.02276089622688268,0.05105374595348531,0.02614880918566298,0.023320883001612343
2025-05-22,0.05852814600650083,0.05292028114646026,0.05292028114646026,0.06517756597515734,0.039084235742739705,0.038036814842201096,0.05516304765594716,0.018717122570968137,0.038253734997581876
2025-05-23,-0.0673706316029614,-0.08112094398956901,-0.08112094398956901,-0.0906294302964983,-0.07809730326598706,-0.07170368812909307,-0.06947307049484586,-0.03919479452346686,-0.0726703562884487
2025-05-24,-0.008786260668508848,0.007889517439024493,0.007889517439024493,0.007537191862816245,0.009253045287626757,0.003920561370666908,-0.0032844916798985403,0.004133591381898505,0.008672839842942794
2025-05-25,-0.002224364344274142,0.021944434491073833,0.021944434491073833,-0.0024915289186290624,0.014768143663441223,0.0013060525616146157,0.030799742110176442,0.011528006509906819,0.0014844309502035327
2025-05-26,-0.020906431650465053,-0.011373562804467665,-0.011373562804467665,0.00021058854227588636,5.7308762391948564e-05,0.005602149788111985,0.02265344385013242,0.003950306864350717,-0.0013802030349986901
2025-05-27,0.03747108504829424,0.03430275638246163,0.03430275638246163,0.018068312673207597,0.026692271327405287,0.011000944918060935,0.023087138832459612,-0.004538044985511469,0.012101301790286687
2025-05-28,0.001752413580424886,0.00037232161117689826,0.00037232161117689826,-0.004506446583241285,-1.1939379356390792e-05,-0.004858888108105902,-0.00742401318221904,-0.010615103962183348,-0.01170579838150731
2025-05-29,-0.04269521911852755,-0.04397599025974567,-0.04397599025974567,-0.026344425116484382,-0.04569885363245058,-0.02468001950732729,-0.026716186187721574,-0.02033766746104948,-0.02669316972467785
2025-05-30,-0.09172847649142808,-0.1485433641043894,-0.0014999999999999998,-0.038888903644060314,-0.11194611379615903,-0.03506403533458768,-0.079220549135232,-0.015193425498213675,-0.06594955878108981
2025-05-31,-0.006573569791319308,0.03066758910257326,0.0,0.0018596639806148232,-0.001979232594718844,-0.0015,-0.01776837492280468,0.005831583409529939,0.0073862922796063945
2025-06-01,0.000855105670741165,0.01902981842878302,0.0,0.011972590030890278,0.018097269541722527,0.0,-0.01062266346198015,0.0100490592577549,0.008916729626322424
2025-06-02,0.017556512573628683,0.013314940580272622,0.0,0.011570272830029834,0.02578428037482903,0.0,-0.0063218208274217185,0.0020357254385126033,0.008887379220293649
2025-06-03,-0.0033819727709619254,-0.017687437782722266,0.0,0.009264154377989036,-5.484957505494728e-05,-0.0074528452339875356,-0.0015445166773744063,-0.004544767948078454,-0.001577921607506367
2025-06-04,-0.019273603295731762,-0.034573654917597556,0.0,-0.033928694977107966,0.00134015424679328,0.004022645724245501,-0.018486706740905825,-0.00645331248625769,-0.022613601507614208
2025-06-05,-0.08094590724013807,-0.06182644683957263,0.0,-0.051939364556342696,-0.07446093485618172,-0.0742690820959625,-0.0784727273059932,-0.030451534076571196,-0.07157240306749885
2025-06-06,0.008955303584962939,0.020810309091891285,0.0,0.02360515669436717,0.01935818733986578,-0.0015,-0.030967408059898612,0.027384456186406947,0.03843128453188237
2025-06-07,0.02210746235802196,0.049861962486116455,0.0,0.018523473822423923,0.02810705615930039,0.0,0.044183749546766765,0.012117450409652175,0.02611897946256443
2025-06-08,-0.011227102624284755,-0.00028935993815568713,0.0,-0.002918332292429584,-0.0036220123975955927,0.0,-0.004709053359043857,0.0017228450581063814,0.004720567950380964
2025-06-09,0.06876990066590545,0.07509278459030497,0.0,0.052681856407093,0.07114648558112815,0.022364137626819602,0.06854510585194942,0.042834093101556725,0.054785254618562464
2025-06-10,0.07270000989258897,0.024879977457262187,0.026379977457262185,0.04088722665019895,0.05772953034851458,0.011572924391198974,0.009192357599921326,0.00010311707406529536,0.023939207861672453
2025-06-11,-0.046218450919898575,-0.053617613324266296,-0.053617613324266296,-0.03169043394565903,-0.037884145150421066,-0.02950218237747576,-0.033746343038583454,-0.014774690660270262,-0.02789075519131015
2025-06-12,-0.05535668493095726,-0.09265925320229894,-0.09265925320229894,-0.03296502367920454,-0.0637807041716967,-0.03778414999279988,-0.12119365331146892,-0.027367911232460296,-0.05311908903870494
2025-06-13,-0.01671125271674271,-0.015074693678497956,-0.0014999999999999998,-0.005948520190719045,-0.005212207884548764,-0.02641990744796738,-0.008644129890708882,0.003736666372359032,-0.015705962811821093
2025-06-14,-0.03570052256213371,-0.013249817461128785,0.0,-0.014526123100916572,-0.032313825042000394,-0.0015,-0.04447138709796592,-0.0061466103511010894,-0.01919191444808418
2025-06-15,-0.003153636358273147,0.005291019267159226,0.0,-0.002434323522230347,0.01195677653514773,0.0,0.011733930064020865,0.0017015663099546607,0.013390439851190084
2025-06-16,-0.021153936623529143,-0.011343260910285362,0.0,-0.017157963892082937,0.00836245387986902,0.0,0.011475819060677971,0.011369205507016922,-0.009420093545118144
2025-06-17,-0.047653280445850814,-0.03738727864348975,-0.03705869811475408,-0.023131115942665995,-0.027503975475052247,-0.029652846886307482,-0.026335447289485947,-0.02100631933114927,-0.030813569229296615
2025-06-18,0.007597927113412754,0.01732336016681785,-0.0015,-0.006255573650853828,0.0011383625619672843,-0.0015,0.004681710248140935,0.0032100071190022117,0.004076441817805943
2025-06-19,-0.004070411741419598,-0.007661322180822403,0.0,-0.003620838765884294,0.008397304577844987,0.0,0.037786498942054485,-0.002175583996381625,-0.0007742066055370887
2025-06-20,-0.04114126649427711,-0.04596457102001813,0.0,-0.04689401521685517,-0.03256185602537093,0.0,-0.032366056020791706,-0.013000366238452021,-0.032101791089043014
2025-06-21,-0.026825750896329104,-0.06376948850528558,0.0,-0.022207028907131696,-0.030794307799018674,0.0,-0.019315431934616444,-0.011403706887229914,-0.039804017431475144
2025-06-22,-0.033316376359450645,-0.023908655917957915,0.0,-0.018187937917195647,-0.021845357750848966,0.0,-0.045874983883728224,-0.01132138549535977,-0.026449444017231025
2025-06-23,0.110527974351726,0.11294010639319399,0.0,0.054258933959296145,0.06115040855566977,0.0,0.11926584502740058,0.043283404251441615,0.093492625173977
2025-06-24,0.04262110710425707,-0.0036471331011574044,-0.0021471331011574044,0.002197315834146916,0.03466278477856513,0.005611383767794522,0.061755399667973776,0.007111383767794521,0.011053870877988928
2025-06-25,-0.041503398243234575,-0.04271884904647262,-0.04271884904647262,-0.030019921000915512,-0.02878371561592199,0.003536847630686736,0.009965236806140013,0.01185467982617383,-0.015157264323931649
2025-06-26,-0.02021716924386467,-0.0427569425999493,-0.0427569425999493,-0.01844276838865281,-0.03037151475881088,-0.020256687575499095,-0.027521937540685465,-0.0036660878858676416,-0.02309596331183322
2025-06-27,-0.0036052982924996797,0.053255867508265685,0.053255867508265685,0.002077788113113063,0.03618362166270875,-0.0005346176248296197,0.030528416359673606,0.0009399977895605538,0.012394553704094185
2025-06-28,0.048195271902159664,0.018619180088840896,0.018619180088840896,0.03387555818995084,0.022712616033499663,0.002327936574751499,-0.00361157640648171,0.002327936574751499,0.02200708088725295
2025-06-29,0.04198549418019587,0.026803300530278025,0.026803300530278025,0.04595484101779597,0.03866249192012815,0.009329038547998521,0.02046715031521356,0.009880444699230884,0.02880016594910615
2025-06-30,-0.04614179148307756,-0.009132508136067596,-0.009132508136067596,-0.04217037705147458,-0.020848398247983457,-0.017911438770568486,0.006707498025146924,-0.011170766835125301,-0.016699398543042844
2025-07-01,-0.03285468846075107,-0.05284223029793048,-0.05284223029793048,-0.035008076025503,-0.03771708497538943,-0.02950465290108751,-0.04364567263457697,-0.013676228341569674,-0.04036388458689161
2025-07-02,0.03517479728130735,0.12974808095707865,0.12974808095707865,0.025347925384944788,0.04165915714042505,0.028337543833577478,0.06563002014903553,0.02998131927797143,0.061300119091346195
2025-07-03,-0.0005096382812850822,-0.00564733445790143,-0.00564733445790143,0.018895306773054437,0.00295548953723768,0.011348083985557152,-0.012242053607506142,0.006754090047184302,0.014441537055809183
2025-07-04,-0.0424974153555748,-0.05475957000430993,-0.05475957000430993,-0.05080278991289958,-0.047087536793970354,-0.037686448412187185,-0.04907401764755613,-0.014605495398174795,-0.037673590016020775
2025-07-05,0.006784502771334669,0.0025441079468240804,0.0025441079468240804,-0.0014395047631825132,0.006257856223711664,0.0013328426083724487,-0.002696573849221992,0.001980659399927198,0.008977354659568487
2025-07-06,0.03225555044556762,0.022980332728775827,0.022980332728775827,0.017996480650989837,0.016477101674501834,0.015328534212177692,0.0193922211277368,0.009295170747883663,0.02076817570052838
2025-07-07,-0.01841810913473205,-0.01722664077182668,-0.01722664077182668,-0.02036440698809812,-0.025889708962255197,-0.011768297821000905,-0.022941788992803296,-0.00861599738617247,-0.010878362513938467
2025-07-08,0.0034867170302247856,0.007704183125558088,0.007704183125558088,0.014788336094140622,0.02345819224803274,0.01805747711329299,0.03348160014835832,0.006096638424931022,0.018048484686747707
2025-07-09,0.04636652596725439,0.0555297627037039,0.0555297627037039,0.0736365980940136,0.056567358117897926,0.05117615568341937,0.04736479589796785,0.02121691859697572,0.051389428194671
2025-07-10,0.0712711081275872,0.06431727725009163,0.06431727725009163,0.09203094043131077,0.08140661666712096,0.06878684642148021,0.09113714456111227,0.04293660597808269,0.0692225127639989
2025-07-11,0.01261126863452381,0.01019944348064945,0.01019944348064945,0.0034118239425410257,0.009236344343800117,0.015568660104654975,0.0036188464722589292,0.013082148090681978,0.015262546147350836
2025-07-12,-0.02598645702739064,-0.001300817440965368,-0.001300817440965368,-0.0073301667368462385,0.01380237416415268,-0.008179384304467257,0.009102311932470648,-0.000916039679510372,-0.008153747260946706
2025-07-13,0.047908947624333474,0.017838361427453205,0.017838361427453205,0.032448497577830415,0.06149082836002587,0.016079712136990904,0.013654181641671783,0.014193834099812674,0.016416483938324296
2025-07-14,-0.0023504565220811447,-0.00469763722954054,-0.00469763722954054,0.05180328389847253,0.01652095948243945,0.023984100606560494,0.007602659773762225,0.006336059191862198,0.02454426179750363
2025-07-15,0.03538301622894048,0.0362711188507131,0.0362711188507131,0.020573903661652192,0.04101464588249038,0.017583627835436016,0.03159850132929401,-0.01738208852749945,0.017529947874617702
2025-07-16,0.042636371872600956,0.014328629119324175,0.014328629119324175,0.027503400597652657,0.00959685784457923,0.026648281883961636,-0.002110034882679775,0.007407898684498093,0.026561670020011446
2025-07-17,0.0002156645292450978,-0.006989197259273682,-0.006989197259273682,0.02144671143835216,0.04447078890740326,0.03197426774307561,-0.012859045920206388,0.004612054428193568,0.03187537124888595
2025-07-18,-0.035664527298109115,-0.017030379281845955,-0.017030379281845955,-0.00413853760115601,-0.024929504319216783,0.013269801500139488,-0.026522487691450096,-0.010511374792368633,0.012466298117105978
2025-07-19,-0.006883526295371573,0.019236680903493366,0.019236680903493366,0.01151216398531685,0.017047988488476492,0.011011595758303088,0.008657896225434185,-0.0007194412983727583,0.011195200909471497
2025-07-20,0.045136551569370534,0.009971480653483102,0.009971480653483102,0.06885417062829109,0.045133395707872496,0.033353868350465846,0.0033307386544497494,-0.004878479293957905,0.03990291113101782
2025-07-21,-0.0011377721861726684,0.045103152479399014,0.045103152479399014,-0.001696823735394293,0.023859812094687207,0.037243182362587855,0.023845186802957427,0.00098273041463659,0.018290807496478448
2025-07-22,0.03765579889369939,0.0017172801785988647,0.0017172801785988647,0.08216542853823586,0.02585377071885664,0.03013139114944806,-7.65418713248589e-06,0.02192922223104432,0.029792112238606457
2025-07-23,-0.057797315703906636,-0.0983887332078933,-0.0983887332078933,-0.04244520140155289,-0.07022088834221567,-0.06539120405415115,-0.11346465040731685,-0.009990711471907332,-0.06429881065027764
2025-07-24,-0.03190045755792776,-0.048579358205364916,-0.048579358205364916,-0.03685894992942477,-0.027369087924970004,-0.02714658186040975,-0.05064841979863559,-0.0034945605691132364,-0.029106394945412978
2025-07-25,0.0753455694158672,0.03347343577357267,0.03347343577357267,0.018956095700360942,0.06030478273227324,0.02340321322889517,0.028607171394431724,-0.0061405604262733116,0.023631795012562424
2025-07-26,0.012421946434360016,0.006602448009504722,0.006602448009504722,0.03317986154228236,0.014776663320304423,0.009717621359225687,0.0007388313257012977,0.0025990034716014687,0.010630350228813312
2025-07-27,0.020087887621563483,0.03283570544616889,0.03283570544616889,0.029348444253102048,0.02037356551666228,0.01864414633851591,0.03296642230979583,0.01268283689644134,0.02021749881866483
2025-07-28,-0.07154166060388632,-0.04035862263957759,-0.04035862263957759,-0.048341660786301414,-0.050668497055183066,-0.046088331582993594,-0.025213455487372555,-0.011332108758030257,-0.048168127636033356
2025-07-29,-0.023553037138632747,-0.0206660526214679,-0.0206660526214679,-0.00944540909914182,-0.03216090127395321,-0.02619932621174464,-0.028565431888521096,-0.0009449246804570377,-0.026898616970776897
2025-07-30,-0.02193931920167946,-0.02176871760846131,-0.0014999999999999998,-0.003234027856891382,-0.0008832210383574231,-0.026310967779438362,-0.01665163032415866,-0.000936492482117024,-0.016591189078709212
2025-07-31,-0.04053347643368424,-0.06530793281378448,0.0,-0.023632707741787596,-0.0473781026165305,-0.03126056794469115,-0.037616607250049006,-0.017618930026484958,-0.03742944984773128
2025-08-01,-0.039755833435953625,-0.037021901667177094,0.0,-0.025932098616719804,-0.02759674324415066,-0.046035328904802594,-0.04159801700112491,-0.021303240176054672,-0.03198965635309272
2025-08-02,-0.04488697830755609,-0.03056445084386993,0.0,-0.034291828190004384,-0.03449941183519832,-0.0015,-0.04711294612578159,-0.00663366047376146,-0.03183142071784067
2025-08-03,0.032674214904937764,0.05719305679771718,0.0,0.020794097462179712,0.04571394573267172,0.0,0.07053058869905873,0.014771247579330682,0.0363843078511918
2025-08-04,0.03259960810308851,0.02880089702728564,0.0,0.025516789651369016,0.03780538916538616,0.015848829375105178,0.03151942172345895,0.00740949909288946,0.035907601765100265
2025-08-05,-0.035128416672802094,-0.045971280282238916,0.0,-0.04026034773956303,-0.03487908540239547,-0.036095627135760644,-0.03706606764412415,-0.008042064740672372,-0.039419085034902365
2025-08-06,0.006948800844206605,0.020583680879831066,0.0,0.013465312681057108,0.016428346113156148,0.03539467158101502,0.019875529968742717,0.007557363439418818,0.02676721036421746
2025-08-07,0.04421384981293985,0.050362428423992835,0.0,0.04913086445342477,0.04172771022316625,0.05916666220481254,0.04429460371574653,0.021564406024856986,0.05815988323495967
2025-08-08,0.02925052750138892,0.006979274398566071,0.007600164418189084,0.010104615346947291,0.009282199193204164,0.005383534739332256,-0.003245095377376721,-0.006786893320374743,0.015984335247162168
2025-08-09,0.06523821801914827,0.019493972982788727,-0.0015000000000000005,0.049361256774817244,0.004712302281358035,0.039661257923946716,0.016204037773233277,-0.0018212168289383213,0.03434793526094333
2025-08-10,0.00489542900144683,0.0018053529038519378,0.0,0.016956981943820906,0.01831665267270684,0.008489690537297841,-0.002874048324896186,0.024314831629991707,0.010687372115841524
2025-08-11,-0.039299825659810564,-0.04329605112538956,-0.042088143135150254,-0.03685304674766065,-0.009750221646537202,-0.03547128963507181,-0.04280744889624798,-0.005096735368355865,-0.03492659423647378
2025-08-12,0.029794968872440538,0.05596283610182136,0.05596283610182136,0.020735217949473268,0.03662260580611246,0.04187618030982789,0.06623802060306277,0.012200933555769122,0.05227634659886933
2025-08-13,0.048407999393043716,0.03135428417782724,0.03135428417782724,0.028461615668530043,0.05181143106107971,0.016391555967575067,0.01752363761563294,0.02640674486373884,0.017990368762898914
2025-08-14,-0.1106461879728984,-0.06791030889859737,-0.06791030889859737,-0.05875601436992827,-0.08355045570366096,-0.06393715741698883,-0.06100659299996295,-0.0406413517932519,-0.06362851803526448
2025-08-15,-0.01813681211043594,-0.00040483775083074167,-0.00040483775083074167,-0.017558355939766138,-0.00673243504236873,-0.010302030733502046,-0.032373397768913036,-0.008056462867562786,-0.01128682479151983
2025-08-16,0.0031151927021169784,0.005530925218286548,0.005530925218286548,0.009625970987912184,0.03101953401791626,0.009465950762112227,0.0037854042508682693,0.00032903805583761603,0.013235657461296365
2025-08-17,0.03171359034546423,0.00865944928975217,0.00865944928975217,-0.009432171728975588,0.03173364698687394,0.005241967598616886,0.012060590316058044,0.0002074447357851561,0.001212692484731915
2025-08-18,-0.02812324761550863,-0.04547914493894002,-0.04547914493894002,-0.03617670036058358,-0.03334168923881477,-0.03475736341634308,-0.050992538272729426,-0.010033302667407429,-0.033592723582583306
2025-08-19,-0.056539146081981795,-0.05168821177152112,-0.0014999999999999998,-0.04248606121159759,-0.06804220092979434,-0.054450880026164175,-0.05084338175737088,-0.028858256318128994,-0.05141590464511019
2025-08-20,0.030472818404364988,0.06771354444970501,0.0,0.0434758651942941,0.0658622324155762,0.05153378450194368,0.07231825033688792,0.012388265956393196,0.044467609839954424
2025-08-21,-0.037437635641867646,-0.025323661041174703,0.0,-0.034555357133563315,-0.04503119070057074,-0.034098261124435016,-0.033349579640805774,-0.01550031311465605,-0.03206820459388613
2025-08-22,0.08183778556768186,0.096616497455903,0.0,0.09647565250244837,0.09159497293563457,0.10500043745466381,0.079685463274002,0.03943102222222228,0.10699179599489872
2025-08-23,-0.014223510588196252,-0.007418350524552477,-0.006482058811982093,-0.01740512436711842,-0.000533914809151638,-0.014661257526940719,-0.015049031734505294,-0.012809914210329953,-0.012500675579402104
2025-08-24,-0.032740085455142946,-0.032292258619267655,-0.0015,-0.0074820366265317935,-0.01872854750517063,-0.017060712504754005,-0.039407377950571414,-0.01684418612407268,-0.015870765927039468
2025-08-25,-0.0980896578215689,-0.1079453204253331,0.0,-0.07470447880332672,-0.0836826747991243,-0.08232505599963827,-0.10944908153176577,-0.029795603434519924,-0.07785889744705049
2025-08-26,0.031173829857296123,0.03730428295461439,0.0,0.030628213546748675,0.04237307618243251,0.04134884261827172,0.06111921047860794,0.01499600679235824,0.035663808092183384
2025-08-27,0.02236451899833774,-0.01785590141771883,0.0,-0.0015520206976259426,-0.011929672511501864,-0.004682101572426038,-0.008220551004747376,-0.004484570147495814,-0.008756082709912485
2025-08-28,0.013368570001490592,0.031937033986704944,0.0,0.029062892521638517,0.03399225512766715,0.0255821828648683,0.019456538303137268,0.011728082208833035,0.03049118332354473
2025-08-29,-0.0492398778972007,-0.03460703292669935,0.0,-0.05713875671333434,-0.042246006347864504,-0.040592618521864104,-0.013736638357871499,-0.03721786777462999,-0.04427935455511294
2025-08-30,0.017159803172394232,0.00012255316966590943,0.0,-0.003776057422607186,0.0026916760964334364,-0.007458372173964037,-0.010060948325924968,0.004050014117334522,0.0029816777931217287
2025-08-31,-0.013446787800174796,-0.018216018312388938,0.0,-0.019700560032796147,-0.011761275234022015,-0.007662430686455594,-0.023427386258449794,-0.005238000583184466,-0.010853967613473951
2025-09-01,-0.041892907826464446,-0.040347012252581804,0.0,-0.010469582257191964,-0.031083354474980753,-0.015206816635473028,-0.029587866048293485,0.009155689776144893,-0.013292474030026194
2025-09-02,0.026011350273464434,0.034817629588576496,0.0,0.03050142242250864,0.028012980326136683,0.06098543216975754,0.045610865189052066,0.018332454208457083,0.036159143091323405
2025-09-03,0.006611242043050193,0.018918777201748335,0.0,0.022515802513501163,0.01717759216247859,0.03251657307633943,0.030011028550324583,0.004186443348935365,0.01573871636671271
2025-09-04,-0.054836451265790793,-0.03425655997640142,0.0,-0.06339630715922717,-0.04177569295241271,-0.0638217393443357,-0.03334186512352873,-0.008726859173089796,-0.03943267442171555
2025-09-05,0.004206764175817725,0.03268780425354518,0.0,0.001756328345242681,0.03295850240699922,0.0031646260333352866,0.01814228880590173,-0.0006401105671796081,0.023244103580020693
2025-09-06,-0.018432580159928245,-0.012563559546557228,0.0,-0.009208172133396602,-0.00339487325738606,-0.005542161370624075,-0.012838742911169267,-0.004265498307021387,-0.004763452975472416
2025-09-07,0.02278687369533148,0.028134675083494577,0.0,0.013225819098278581,0.01548074752055199,0.016562141370804397,0.02181395758371867,0.008615913334277803,0.020134320709791927
2025-09-08,0.01624753199088958,0.01664747701449656,0.0,0.04002814973994358,0.02848168689161234,0.037249150868671116,0.018304128365352536,0.008349039125823854,0.02912696789098574
2025-09-09,-0.005540366544178841,-0.012012110590872167,-0.011387922419450846,0.013133216420793509,-0.001957877087847404,0.0015054228216130213,-0.014498981261946514,-0.0046298035528057335,0.0024665098702714356
2025-09-10,0.021586511736829996,0.00358506687130182,0.00358506687130182,0.003211059303604584,0.009855932628646553,0.01657111903153208,-0.0028332970353177173,0.02163772399985331,0.016269776069916954
2025-09-11,0.02965094716387986,0.042343186702969375,0.042343186702969375,0.012479002576183323,0.0409116802203461,0.016297170911806554,0.04624214308345762,0.013361618111618068,0.019417258725761614
2025-09-12,0.004241274568123768,0.015090447891710324,0.015090447891710324,0.05027843372237906,0.029739043954723987,0.03025132671490232,0.012871431579554917,0.004734302604139096,0.031159555489299485
2025-09-13,0.013666851416280247,0.011902194650505045,0.011902194650505045,0.01284116666154056,0.029775567740953142,0.006167488523892371,0.02018125568850077,-0.0009577743299932218,0.006581623099718627
2025-09-14,-0.05142780055186073,-0.03791717625273069,-0.03791717625273069,-0.04126750261658736,-0.05138166435999232,-0.024166796046786638,-0.03431832210261905,-0.005609813602322822,-0.024321108040208133
2025-09-15,-0.02435330283521387,-0.0366696416471371,-0.0366696416471371,-0.012798010449785048,-0.04009272447659094,-0.024147039567729865,-0.03773637894315749,0.000708782948538822,-0.02399953708120707
2025-09-16,0.029207326627319844,0.022718221573046034,0.022718221573046034,0.020723134887089434,0.008748738326888208,0.012661122951045652,0.041214335946299994,0.012477274541912609,0.011028657047179787
2025-09-17,0.014981993912848775,0.044954515777405585,0.044954515777405585,0.03851925682515667,0.0528509770317002,0.028369766941444663,0.053591218659115675,-0.0029229646363835293,0.027340763258278437
2025-09-18,0.04127617598698901,0.0038233011786482913,0.0038233011786482913,0.0085242575144449,0.01618571699963097,0.006423755866484993,-0.0023480914152457875,0.005375293726559649,0.00420572147748542
2025-09-19,-0.055342993658610465,-0.0524555103474458,-0.0524555103474458,-0.05044728320376775,-0.03962105747383854,-0.03275216372784062,-0.04503385615865379,-0.01230978514101344,-0.03329648498026173
2025-09-20,-0.01942607369587656,0.009884979077247011,0.009884979077247011,0.0182473201879555,0.008148489002984571,0.009682710340416546,0.013595453447756926,0.0004605111474831336,0.006808580185045347
2025-09-21,-0.031929038597304664,-0.021862789435604865,-0.021862789435604865,-0.013629999440155192,-0.020391608608328508,-0.009071368467401815,-0.02412620279503415,-0.003918723526854739,-0.012138522689395725
2025-09-22,-0.037000839889906025,-0.06689922261978928,-0.06689922261978928,-0.04011909735875674,-0.03564758336276001,-0.05611960542028977,-0.06680756576109091,-0.022400839209218093,-0.056683007040377674
2025-09-23,-0.012167440890087304,0.0001965766430439657,-0.0015,0.002541997000615744,-0.00802463629714386,0.020675131082984473,0.01014650038036426,-0.005789474198140687,-0.00877784590553753
2025-09-24,0.012096552021029397,0.021337453443028495,0.0,-0.0012119866373717634,0.03539975870291781,0.00247052107324941,0.05253772424344235,0.011680482290881589,0.006605538361062289
2025-09-25,-0.06234777315441005,-0.06996866048459889,0.0,-0.07384039133884227,-0.07854451342771465,-0.07127217743915015,-0.07842276012783077,-0.03806040226993912,-0.06504072315986442
2025-09-26,0.021558778681020862,0.048373197082375176,0.0,0.02945579772204158,0.035815530456351996,-0.0015,0.03462590589027971,0.0059541541962351285,0.03535204444691384
2025-09-27,-0.023789891481586466,-0.004358074236757267,0.0,-0.018265597870135743,0.011199246792582785,0.006462114904246587,0.02359772446188058,-6.940678449951498e-05,-0.007229890375398545
2025-09-28,0.027063075596340292,0.024439360380790403,0.0,0.02059150229765894,0.025170057573692315,0.02536011151840567,0.024134589407419246,0.02305906325348861,0.030681320687184155
2025-09-29,-0.004321772947411894,-0.029365559640736127,0.0,-0.015083491674473162,-0.02753332558955307,0.03703890192445192,-0.04785610848835457,0.01915062727373651,0.0018104719464262934
2025-09-30,-0.012803003620338479,-0.025989651580736278,-0.02534590276571696,-0.016184496917540238,-0.0271965712620196,-0.012982695692675182,-0.023047804080849558,-0.002300984079006363,-0.010967475513274871
2025-10-01,0.14252375343352053,0.06842638923682201,-0.0015,0.056017052228980305,0.05124828491748898,0.016324264393346503,0.04134159171991956,0.03986061070454605,0.04745266821166563
2025-10-02,0.029848856283030682,0.06454407337597046,0.06547384789990762,0.04055534651294305,0.047402382664461756,0.029382244717673797,0.027813453145987314,0.01631063841735636,0.03844169740417605
2025-10-03,0.011169125724348819,0.022781201215599074,0.022781201215599074,0.017863143124789392,0.017028299146748617,0.009026612395057795,0.039699295128656976,0.014126434764644369,0.0064462322442543005
2025-10-04,-0.024251182695913864,-0.027375431969725014,-0.027375431969725014,-0.025067199100778925,-0.021152795897800544,-0.018793244664837155,-0.02910064320830494,0.0013008050265068682,-0.021105162586046305
2025-10-05,-0.005563194560814621,-0.0060038628409647046,-0.0060038628409647046,-0.0023642744555609756,-0.0051905701549483305,0.0018197908744288418,-0.017797626516501495,0.008916587003946264,0.001256816567490434
2025-10-06,0.0006059029199379845,0.04587642043618122,0.04587642043618122,0.03450026142964058,0.02430363080732645,0.026184315178356274,0.05119400551528594,0.009525493975614863,0.02799914420608738
2025-10-07,-0.03677496986567312,-0.042987375477866116,-0.042987375477866116,-0.022705468777997614,-0.023037988060738077,-0.03648941895152773,-0.05372092750433402,-0.02667759465175834,-0.047409060202309956
2025-10-08,-0.008962240165894576,0.06658920408994064,0.06658920408994064,0.007416930500283138,0.010218388953781373,0.010189636941933679,0.06501508238729609,0.016261452474369165,0.025648060457946403
2025-10-09,-0.012835056578925674,-0.04394434270872116,-0.04394434270872116,-0.02918687343991092,-0.021362662068769734,-0.032490541013176374,-0.04780185442225528,-0.013329440578722873,-0.031136993849956447
2025-10-10,-0.14796052954898453,-0.2796694864492792,-0.2796694864492792,-0.16814488279367634,-0.21224704699162517,-0.13816189036171336,-0.2716559914189532,-0.07305379476321361,-0.17597692820373192
2025-10-11,0.03575563147707515,-0.009741758969762418,-0.0014999999999999996,-0.005657498049299046,0.03227164298288497,0.027180761895561848,0.15764790894768732,-0.01888813517240162,-0.024111728476546593
2025-10-12,0.0941679906142879,0.10569253135180655,0.0,0.08399608814698055,0.0923203444445739,0.14763847163611077,0.02110687776965676,0.03899338782622541,0.09602612296203702
2025-10-13,0.043675944602603836,0.009520055007964115,0.0,0.02217119372371764,0.018070827228759776,-0.006218093885541065,0.04436922255777387,0.0018023848543999854,0.03947742244116736
2025-10-14,-0.046128062065111185,-0.06055058206874277,0.0,-0.04679876549116431,-0.015790956079268358,-0.06645552508593722,-0.04735704317672857,-0.018563291249153346,-0.041204893944300894
2025-10-15,-0.05284703212618508,-0.054218198685983425,0.0,-0.03410531386884341,-0.05447207549091537,-0.038021712507860905,-0.06495143811980289,-0.020038018850880857,-0.038619090304828935
2025-10-16,-0.04333603605690975,-0.0464320568561694,0.0,-0.02781385870479095,-0.05093123825511153,-0.015259296214421458,-0.06749511069638044,-0.023193607123227156,-0.03598804287449528
2025-10-17,-0.031646980214864506,-0.01323173321393937,0.0,-0.03327039218503358,-0.023672168628062144,0.05907636416833284,0.005928873315157223,-0.016291064555353674,-0.029156640142912853
2025-10-18,0.01867279984051578,0.011828880430395919,0.0,0.022298996455964153,0.010165109006556188,0.01634527089072546,0.012409874860355174,0.007078061719969053,0.019701763294917365
2025-10-19,0.030215409604538775,0.021769071424324424,0.0,0.014013466553917,0.026054334321062814,0.06509757860498744,0.04467325349640226,0.01360050253295686,0.02128287920214246
2025-10-20,0.0018568876995271903,0.013877785034875875,0.0,0.05144723326992491,0.021974584528659066,0.13928828943461857,0.08181413749083445,0.017390110967337113,0.011071778420709086
2025-10-21,-0.05467836355611543,-0.05577424425594843,0.0,-0.027326949261839352,-0.03832472446641511,-0.021145899259149004,-0.05660866684045469,-0.0202151248565009,-0.029233276219219437
2025-10-22,-0.027721648950617735,-0.0342380298044551,0.0,-0.044923158791308926,-0.03505788200245958,-0.09234396987791427,-0.06609873077365502,-0.006742804346575482,-0.0278312660845716
2025-10-23,0.01882629146110212,0.031379096793184846,0.0,0.02734495477331333,0.02504472086045062,0.02057406243452764,0.0128100669634358,0.02334107793213258,0.02681348797061774
2025-10-24,0.019733660882719363,0.027181746395909364,0.0,0.0035077550622526136,0.029521995287768575,0.10831006733453763,0.03578984030197459,0.008418652997351561,0.026408222687149794
2025-10-25,0.03386730477862333,0.0010901386976604399,0.0,0.017318693192956574,0.0030713649496728326,0.022893976439208652,0.01666891133589772,0.005777943656356088,0.00822779762688701
2025-10-26,0.06447248517149401,0.04778248535184947,0.0,0.08351614904117342,0.06471734872551171,0.09711592828017718,0.09832190865754417,0.026092497313165763,0.052832406075509694
2025-10-27,-0.026876478930414293,-0.030412141485006268,-0.02920190325041389,-9.636771801920917e-05,-0.007185274669610537,-0.0019682441715059445,0.0046257554426120395,-0.0039433691168074825,-0.005809444315054321
2025-10-28,-0.019343939890714344,-0.01400739007835845,-0.01400739007835845,-0.04116430515543882,-0.03183026730902275,-0.031508783082876086,-0.017910346869462402,-0.010597010805147522,-0.03348380999928533
2025-10-29,0.014094596143670039,0.01368724549263231,0.01368724549263231,-0.017769996152730706,0.03767948252246006,0.015863221595907907,0.017465447402595823,-0.02548449513700146,0.004128671344538297
2025-10-30,-0.07217239044074841,-0.06134585549962057,-0.0015000000000000005,-0.046691964201291625,-0.06638172247652446,-0.03673168272472336,-0.039275865048141886,-0.015437103127948992,-0.04500951047456013
2025-10-31,0.03416919878345147,0.006494427256945705,0.0,0.06260591066198992,0.06499386906725947,0.16869904341089903,0.06052429758506208,0.011863883235009975,0.03281770014023714
2025-11-01,0.11579845581494923,0.04056743522647326,0.0,0.005911959900193702,0.08986314638631498,0.007004426565470791,0.015124199511458545,0.004471297307560018,0.007781912301544769
2025-11-02,0.011540161117802752,-0.005987144759354336,0.0,0.0034181792354719552,-0.03926860730326862,0.012008097129179666,-0.012373938529764743,0.004019869552698729,0.0021861487537920533
2025-11-03,-0.05931055466152363,-0.085091925941438,-0.08446819328351905,-0.043239682427656634,-0.06010812039752315,-0.03406154448586124,-0.05661583415155667,-0.03580256607793619,-0.07543054745956534
2025-11-04,-0.005710072575333531,-0.045309372586227935,-0.0015,-0.05847054720030246,-0.004782057249876471,-0.062303454321073565,-0.005204738574750019,-0.04771697260652341,-0.05646139907536359
2025-11-05,0.02380141814541941,0.047773565512460175,0.0,0.05659650803461291,0.038830090565531654,0.08131081186308493,0.012790391635458429,0.023527146851904046,0.035553477131505334
2025-11-06,-0.009901532249254504,-0.02706279710643421,0.0,0.0060000206491205655,0.007144364080825642,0.12023080300211153,0.07758189561241735,-0.024441604556416086,-0.010309891753458263
2025-11-07,0.2643662930649106,0.10607791205708138,0.0,0.086506120143304,0.1031266372139831,0.20453866825918188,0.06174492538116292,0.01966569192047385,0.07370619637324777
2025-11-08,-0.05764523837123571,-0.0413656402396536,0.0,-0.033637894082627,-0.04909850135282727,-0.06920860188398625,-0.10780051617440829,-0.009929834869828569,-0.025607809009025213
2025-11-09,-0.013000204539522142,0.009417314300115142,0.0,0.02456567150055589,-0.00899405336106944,0.02501789370308094,-0.02766603446352347,0.023555378234659363,0.02611465727834334
2025-11-10,0.03254211112615853,-0.00502308116329132,0.0,0.007604485130871827,-0.029626187340884222,-0.1521110750243585,-0.04508403885509588,0.012300740926345144,-0.006246028596658824
2025-11-11,-0.09962556376251551,-0.09476508430975136,0.0,-0.06547906942933238,-0.09891847203209671,-0.10348749241394556,-0.1150880869485162,-0.027847453375886122,-0.06324656910610604
2025-11-12,-0.02864161684528409,-0.004725017085077642,0.0,-0.009636210679420403,-0.02318432682150738,0.13706504533278555,0.03246144715903724,-0.013629281637633106,0.00033698046610273515
2025-11-13,-0.03763250218716165,-0.024483458945328468,0.0,-0.019390561521302252,-0.026184800994366354,0.028916044443564104,-0.0014792892341369572,-0.0193041381300183,-0.02904348286528976
2025-11-14,-0.02177648474025327,-0.038226239353670935,0.0,0.03434699020694676,-0.025519352695922704,0.17164250928759794,-0.06607064937538314,-0.05113769386957956,-0.016094299643920257
2025-11-15,0.0754626806449478,0.028605790180456843,0.0,0.038701464743343086,0.04018452700011749,0.10212262601038335,0.016614396271392214,0.010595175169672455,0.023872651184863654
2025-11-16,-0.03741722419496265,-0.03264147525180114,0.0,-0.007050143068081011,-0.02517726990288091,0.04197722258660774,-0.04497855873084868,-0.013962892264381965,-0.01603149735384177
2025-11-17,-0.06482836244448806,0.00838111095434402,0.0,-0.058796731643676894,-0.014312599099756854,-0.1265522174535051,-0.05715815072001216,-0.02170877083991085,-0.04399982361909999
2025-11-18,0.0007740699612460967,0.05798255966255035,0.0,0.020177988114384947,0.02934737816708871,0.02410980443541777,0.004212238630184688,0.0080864161785148,0.03755018615946391
2025-11-19,-0.023052489011387886,-0.01712128178739406,0.0,-0.032617236209322,-0.003182588682230335,0.07907110641972959,0.03322476987331855,-0.015123251373723723,-0.019965148045080757
2025-11-20,-0.08106448495339999,-0.05610450412611299,0.0,-0.045014041654772075,-0.0474077163281386,-0.02798280717355861,-0.06959106121081568,-0.05371341978632305,-0.046600365356177106
2025-11-21,-0.10615562641039113,-0.08356038611970174,0.0,-0.081710269914858,-0.05334150486866223,-0.1601963953523834,-0.101990877846323,-0.01740360350856096,-0.05942840522927513
2025-11-22,-0.011736356482444484,-0.02731066948098688,0.0,-0.004011262889013579,-0.026107943388557316,-0.0015,-0.06570614275288839,-0.00457761786963673,-0.012191362334321016
2025-11-23,0.018655815963967416,0.007998582891490419,0.0,0.01564163660880561,0.012660337145033512,0.0,-0.016294005615752203,0.02466682102163631,0.03967649474593925
2025-11-24,-0.0018306851630386237,0.052299354586223576,0.0,0.010873042954497536,-0.002083635618070903,0.0,-0.003931505208085234,0.01692974778302414,0.032284054043963485
2025-11-25,-0.0018266789579659969,-0.004963362424601145,0.0,0.0034036497057145345,0.0026867391875575217,-0.01281262345124795,0.005255424237251784,-0.010532841389259029,0.0038011524216526697
2025-11-26,0.019467895922931275,0.022482898963227835,0.0,-0.005238762074220691,0.020250805813313774,-0.0015,0.04029411602233052,0.035642227603171595,0.016083890421337513
2025-11-27,-0.03696829564818364,-0.004468783768671867,0.0,-0.0003018342974213271,-0.005288284000174462,-0.01202489542571855,-0.008513671187230232,0.009393150304329856,-0.015541785715285196
2025-11-28,-0.022442321399845522,-0.02060854152878857,0.0,-0.010530153476408732,-0.006870651066992606,-0.0015,-0.00541739452068611,-0.004853069422706469,-0.01643033529886364
2025-11-29,-0.027714931547524944,-0.0171664514395748,0.0,-0.009586141541295664,-0.016123904803433602,0.0,-0.012503432200770062,-0.000971056444718732,-0.006173734632755403
2025-11-30,-0.006204354076018923,-0.02812575791701151,0.0,-0.03413101788393058,-0.010961303454091227,-0.02235510472988328,-0.01800687144605844,-0.004872556288134988,-0.016656074622557106
2025-12-01,-0.07732857608088727,-0.07152139100345539,0.0,-0.07672130605116685,-0.04756341809710539,-0.0015,-0.04789929994262842,-0.0450862107127048,-0.07234115244997913
2025-12-02,0.03756532106634319,0.09017015942376076,0.0,0.05240617704893291,0.07739125306272121,0.0,0.05181691338404049,0.05785259974357393,0.0668706698121452
2025-12-03,0.026409304337417255,0.021415685038980455,0.022665945564263636,0.05130000886860393,0.019633595797594994,0.04460662100597118,0.02625579643577132,0.023577125147954625,0.04423880289760598
2025-12-04,-0.02331885927674526,-0.014795314742209182,-0.014795314742209182,0.011750879528015757,-0.029220079475130313,-0.027285609749875855,-0.03310837752476662,-0.014469557138797606,-0.01664058497888556
2025-12-05,-0.05416877227334773,-0.06104255141214381,-0.06104255141214381,-0.029640042584463382,-0.04224087930909952,-0.03982347904492666,-0.050564474208357774,-0.029844460232980596,-0.03837232114266714
2025-12-06,0.0006448288754144502,0.009911404949658132,-0.0015,-0.02972493536301553,0.01123252262453471,0.009626414629649983,0.022956044731697326,-0.0010438817669845557,-0.0011407038105776105
2025-12-07,-0.015354365197239695,-0.02417885402600896,0.0,-0.0045809929162003975,-0.0072825945455667115,0.0012674500168138698,-0.0020400127442743482,0.01298253780755676,0.00016818806914744916
2025-12-08,0.0004378508629924857,0.03429197969138663,0.03492552832874615,0.011443121136223738,0.02335565890216619,0.009692552308595006,0.02176933988995753,0.0026442743544992098,0.02687269176858547
2025-12-09,0.05559819822736592,0.03897293442561764,0.03897293442561764,0.03855248357164261,0.06106784441415291,0.032511412992265,0.014436939025931482,0.022557233825501566,0.033491265781765575
2025-12-10,-0.06598823820031761,-0.02470839949008015,-0.02470839949008015,-0.030566355851985826,-0.0530543291370501,-0.017611604309754933,-0.030225984907961554,-0.007158379262571457,-0.021392961969554525
2025-12-11,-0.02327329193572539,0.006278208439041727,0.006278208439041727,-0.011700575711936017,-0.005574311220150229,-0.006028724563500877,-0.017538636316436148,0.005412247975528528,0.00433436405834224
2025-12-12,-0.029849368677037077,-0.034541461057754484,-0.034541461057754484,-0.017174293975999972,-0.03031931334203591,-0.022214681784160556,-0.03632061572805976,-0.02426632774632176,-0.0186216470764748
2025-12-13,0.0035862876825006676,0.01515176380632694,-0.0015,-0.0031940470129290595,0.01014860697771588,0.002772902166083574,0.01656618191109483,-0.00031472800786813693,0.006757733759719655
2025-12-14,-0.04193340868727687,-0.05353737725902409,0.0,-0.03189643820987931,-0.04876041448890201,-0.040227081130064346,-0.04564943357210757,-0.022914891077693733,-0.03346694962392682
2025-12-15,-0.03902283717900251,-0.026428970620443096,0.0,-0.03335733857312913,-0.020738634572109442,-0.0015,-0.0015,-0.019735138649757622,-0.03516683875811776
2025-12-16,-0.007357913771674449,0.005495229950533606,0.0,-0.001206805107718827,0.0025219419655956453,-0.023165014386923588,-0.029720431526190416,0.016560286412174774,0.008011089440136392
2025-12-17,-0.05037008668172722,-0.07759263893364224,0.0,-0.04633230462248398,-0.038913066647370056,-0.06917772669978495,-0.02565278433386564,-0.018439983328670806,-0.05037635779256096
2025-12-18,-0.02387207818832553,-0.056035758106274244,0.0,-0.01880933196526498,-0.019520562094821885,-0.0015,-0.003986468250783427,-0.008427445079160933,-0.023049774803000245
2025-12-19,0.05566046470256939,0.06958791283585365,0.0,0.07368614815060193,0.07364242461218659,0.0,0.12969230901578926,0.03064359226492308,0.06727407283715778
2025-12-20,-0.008019584916277866,-0.0034226820750463648,0.0,-0.006601094464907936,6.728913290997811e-05,0.005436624476375109,-0.00701831140786191,0.002541045786250251,0.0005722268956955075
2025-12-21,-0.026254367649424147,-0.024271493992840038,0.0,-0.014694707614066176,-0.004040650025995306,-0.012927756653992484,-0.017999387433982973,0.003372079732098854,-0.004073420695521133
2025-12-22,0.0008454923735859111,-0.008004419525585822,0.0,-0.002305927177240834,-0.01564797807142732,-0.02207015317683314,-0.020515005313474315,-0.00042939870871350205,-0.00040374509019393983
2025-12-23,-0.021738865189549306,-0.026403616390716637,0.0,-0.02476887301038351,-0.01887357117419106,-0.03283284674915421,-0.03330574578678554,-0.012805008847246668,-0.01957718586673479
2025-12-24,-0.005856111903715875,0.01234607170399812,0.0,-0.00825221006640571,0.005306114252351434,0.07489039553436672,0.03368899629070051,0.002096906933680698,0.002095991808330481
2025-12-25,-0.016630594562034095,-0.02831761128773573,0.0,-0.027157681574417367,-0.009128509323290509,-0.02360309358771484,0.002092181819455697,-0.00506653115766087,-0.02401789352052293
2025-12-26,0.008506405830295232,0.02982561490549689,0.0,0.002329856714114455,0.00787670113043831,0.022986669101533908,0.0029885779609326877,0.0016542224518192317,0.014696433309347761
2025-12-27,0.05174393655725369,0.020910129409376876,0.0,0.06634461412012511,0.044399910051343264,0.15162334039942005,0.06521074265568785,0.005808086935541468,0.03535946959563755
2025-12-28,-0.007239803826460102,-0.002994962542619598,0.0,0.005797150581482738,0.00406163472202183,0.027029645417554704,-0.00196124679593494,0.0008614312207482211,0.0032007136338841257
2025-12-29,-0.004810632123040991,-0.025186241766772484,0.0,-0.0033908294053791943,-0.013431057682237185,0.01969625507027639,-0.029786609740775412,-0.008135963064696994,-0.009875885549653395
2025-12-30,0.0029208217238773796,-0.008299456885588728,0.0,-0.00592256206736082,0.0040693980827687624,-0.020129882143980482,0.00762825111980687,0.014309961824741313,0.0029849676997193994
2025-12-31,-0.014721464019204832,-0.023896609127117545,-0.02326932788142192,-0.013380865156217094,-0.018882143952818158,-0.015017426999682447,-0.025389594398885423,-0.009462229344042727,-0.01757942941979638
2026-01-01,0.022230752868619766,0.06376093592241186,-0.0015,0.009343901340102104,0.05496423754192012,0.011612391568754994,0.07631445400829096,0.013586356916318376,0.030752907426318282
2026-01-02,0.07340450319182164,0.04007542711594505,0.04157542711594505,0.10318596654205399,0.038506597537370256,0.021196161004021087,0.01997505544031289,0.013013310364452524,0.0495105810159627
2026-01-03,0.04331585540982502,0.003909614200288676,0.003909614200288676,0.010310324050966699,0.022287274454977645,0.007644624638069943,0.00986719886826771,0.007032380529924165,0.008296454923737146
2026-01-04,0.04957959908765023,0.036762751209685765,0.036762751209685765,0.013056470957078051,0.006665618637728179,0.019177923354764925,0.02660411299883022,0.00994968332637991,0.019909270033379566
2026-01-05,0.016526337607424404,0.015279875837804473,0.015279875837804473,0.043814921944952546,0.003946510183473329,0.04091594547705691,0.010507171820670024,0.025455991184503812,0.042237192937656376
2026-01-06,0.012442665756281095,0.019237032744743605,0.019237032744743605,-0.008834082858468168,0.007362623008793824,0.003593780675888886,0.030443048974004443,-0.0011905001624232803,0.00352706461545613
2026-01-07,-0.07734380180336374,-0.04368638910519712,-0.04368638910519712,-0.047657897279782126,-0.06526513012003814,-0.041534101850023056,-0.0392168086186188,-0.02542785726453589,-0.04147800930083025
2026-01-08,-0.024025684893729395,-0.01860948979129699,-0.01860948979129699,-0.031330828206290885,-0.020518817977726853,-0.018253171017620876,-0.025228297777198747,-0.0028913963637382523,-0.022079413472783922
2026-01-09,-0.002845549608355144,0.005219873860617015,0.005219873860617015,-0.01035912780739197,0.009497157926705958,-0.0057361989512171386,0.019516244399514632,-0.0050352365571061375,-0.006470977945857972
2026-01-10,-0.002197243331400175,-0.014912313599258488,-0.014912313599258488,-0.010798985452802407,-0.020116345132986036,-0.005178368571721459,-0.0203973053757146,-0.0015068189681346489,-0.010180938642901916
2026-01-11,-0.007383765121890149,0.005595784550431226,0.005595784550431226,0.010113022751186198,0.006622456823141172,0.0006646020259686486,0.0014088583755767848,0.005623464858730998,0.003921892286477746
2026-01-12,-0.016786939309320112,-0.02479586854270613,-0.02479586854270613,0.01706699404850897,-0.021956094724127607,-0.007705014594431371,-0.026893342964527264,0.003104479383037706,-0.004608492155090852
2026-01-13,0.062291822522685954,0.05853142061971695,0.05853142061971695,0.024764571192131896,0.04638336891450275,0.07225565627532432,0.05627185746978754,0.04510373925749378,0.06400269536402375
2026-01-14,0.0600500060919271,0.0006708428481638383,0.0006708428481638383,-0.028142548987322078,-0.0002481560015607986,-0.007202762041958215,-0.01267083711277237,0.01611692204498283,0.0029810221437833184
2026-01-15,-0.04977724976453219,-0.04363284202312433,-0.04363284202312433,-0.03570847543923712,-0.030049440714668283,-0.03232185828607123,-0.05200892466336413,-0.013893298297359746,-0.03660221052983366
2026-01-16,0.010294479846921327,0.0032071320974985224,0.0032071320974985224,-0.0009472661620887328,0.012428495239106363,0.0012359768193145933,0.003817128588994071,-0.0005633608354392861,0.000323880248809233
2026-01-17,0.00047091738201043625,-0.008912727661630695,-0.008912727661630695,8.90642226481159e-06,-0.009483726078899506,-0.0029638676000011597,-0.019733918303186587,-0.00421942473825998,-0.004887383456560404
2026-01-18,-0.043992977826673406,-0.04663273127906459,-0.04663273127906459,-0.026851579899332217,-0.038543654400786394,-0.03145055243973701,-0.02016579201045529,-0.015498313833314237,-0.037521765930913845
2026-01-19,-0.013588855369247897,-0.021161267255250853,-0.021161267255250853,-0.017483222796968085,-0.01325056098629181,-0.021373066851089598,-0.010076333908469947,-0.011125280950334271,-0.024610437895537116
2026-01-20,-0.06562413002967386,-0.06710966995972234,-0.06710966995972234,-0.04645825930213402,-0.06842321798014177,-0.05617898422042832,-0.0719497690362261,-0.045377249516900364,-0.0540738270573159
2026-01-21,0.0407220162806543,0.035268129751046866,-0.0015,0.01114766783200438,0.018239198675222286,-0.0015000000000000005,-0.028995643628152056,0.01161480468893994,0.02313826995124008
2026-01-22,0.017889745039473263,-0.01369306034770666,0.0,-0.0259740756222729,-0.025535263482152785,0.0,-0.04546552871633236,0.0011731073359675381,-0.008113652911211067
2026-01-23,0.022414708174718724,0.0032962783918737727,0.0,0.0006706153123794811,-0.0008514102872262015,0.0,0.020620872923654457,0.0004532173912654702,0.00187001137655566
2026-01-24,-0.026988050825011455,0.011101024822445927,0.0,-0.011349611029637496,0.000987468607036782,0.0,-0.02701879670231007,-0.004184362857875601,-0.005382763887399918
2026-01-25,-0.09658872164767811,-0.06266110775408555,0.0,-0.05924259198215719,-0.05591109997795659,0.0,-0.0805874445863191,-0.02863513885181046,-0.04989676213353835
2026-01-26,0.0005313409439067448,0.04097554356340441,0.0,0.016723046359425713,0.03590040350111579,0.0,-0.0015,0.019345944795891024,0.04277850892999672
2026-01-27,0.045514932743498104,0.011164971283565861,0.0,0.03544148193265306,0.04134733885473929,0.0,0.16971771217712167,0.010220145363038613,0.023949538225849464
2026-01-28,-0.03109410974774353,-0.0013680037135189139,0.0,-0.030889554890871675,-0.013351595221145643,-0.07345558112197675,-0.0477049249883201,0.0005601120448179842,-0.014145507862819432
2026-01-29,-0.09373199619757636,-0.057937171862587435,0.0,-0.05104224740148991,-0.05916189657403616,-0.0015,-0.07328507931898229,-0.052069770668507376,-0.05532039483993614
2026-01-30,-0.03839194084367957,-0.02490000903918976,0.0,-0.02423205303543789,-0.0181799869702456,0.0,-0.04552716286729903,-0.004603299036883057,-0.024322657113583813
2026-01-31,-0.09149118311271949,-0.09315186924617865,0.0,-0.08793272833109644,-0.08665059436273045,0.0,-0.08603940747050418,-0.06550401024252306,-0.08979799689864873
2026-02-01,-0.034183521794499135,-0.03463986104288062,0.0,-0.029773996378918123,-0.021585698701138335,0.0,-0.0015,-0.02251530935119128,-0.026737456781629372
2026-02-02,0.017419761988608187,0.020959627372144587,0.0,0.004764123938768686,0.016577113642280462,0.0,0.0,0.023001704210088736,0.02428293849011904
2026-02-03,-0.023865029278420324,-0.03438469409524554,0.0,-0.043153985883782206,-0.018059224050590437,0.0,0.0,-0.03769942090671896,-0.038734064629068685
2026-02-04,-0.022869683899119152,-0.01715378028076586,0.0,-0.04034007325070706,-0.019767210311832144,0.0,0.0,-0.03437208369885747,-0.03617747905473931
2026-02-05,-0.16528010130854806,-0.1625193556394486,0.0,-0.15896069881095923,-0.1460506747053915,0.0,0.0,-0.14017431361060217,-0.16099484503898318
2026-02-06,0.1105791150385534,0.13915500036007827,0.0,0.10712738510294513,0.10922733733190222,0.0,0.0,0.12192683309102881,0.13535598479513952
2026-02-07,-0.024120124894294357,-0.01913288154563194,0.0,-0.01706390048118729,0.003011374935462828,0.0,0.0,-0.01828953307907888,-0.009522869832670304
2026-02-08,-0.002632512644764716,-0.017662139678928317,0.0,-0.004607126087815437,0.007646209839096113,0.0,0.0,0.015023947392803993,-0.007878197277372575
2026-02-09,0.017102138453628315,0.006139414168784972,0.0,0.0009699263409521665,-0.004520508259274268,0.0,-0.03670000000000001,-0.0027353755233514576,-0.00047203831500240343
2026-02-10,-0.005369918913364985,-0.016508424406766583,0.0,-0.037519288911408655,-0.012798615147290037,0.0,0.03800428899167635,-0.01848798083777703,-0.03227055889107235
2026-02-11,0.08269658658576698,-0.030411362435789062,0.0,-0.024020406820142393,-0.003170210728304694,0.0,-0.03580424027849976,-0.025548184817570818,-0.022131552887290542
2026-02-12,-0.02212679674590764,0.042702539316089555,0.0,-0.0019390173294390536,0.027328901872662355,0.0,-0.020752691280686575,-0.01207989801217968,0.00768596355043079
2026-02-13,0.05744567312162607,0.04527033574605574,0.0,0.02803084289604633,0.05498193181767942,0.0,0.05556234508967047,0.03895737833844892,0.048397399266907115
2026-02-14,0.04190552818444004,0.056392533166327426,0.0,0.08799863623275964,0.0271308033024176,0.0,0.008511420613145495,0.014073119396473155,0.09798903584626276
2026-02-15,-0.07372134540564514,-0.024580461493039586,0.0,-0.08189249323190335,-0.02584213753042235,-0.07260581060189361,-0.020116996797705733,-0.014184018291979905,-0.05030252446970959
2026-02-16,0.017442598688836023,0.006991373409452777,0.0,0.0011908731283244464,0.004674222002150901,-0.0019739705718464294,-0.0013004558679125782,0.0008695010415125104,0.005877633359531017
2026-02-17,-0.03291339101825193,-0.0033645471337712704,0.0,-0.01736254772985653,-0.019290666544312517,-0.0051413668703347674,-0.010647351573456018,-0.02016056045635184,-0.011918577031896664
2026-02-18,-0.042605552278757876,-0.035085294185359474,0.0,-0.05069041044826216,-0.044405194809756715,-0.07068340490267505,-0.03773019210963328,-0.015443935368111283,-0.03603778349390273
2026-02-19,0.011013205515078131,-0.02194279514159333,0.0,0.0012280274899425158,-0.004780165774967666,-0.0037995846585386723,-0.015894024744146893,0.008166142549765887,-0.0007271573754595864
2026-02-20,0.02925561547004357,-0.0030471139129524772,0.0,0.022738567706621672,0.007890470611502089,0.007092198581560183,0.01553405779511235,0.01516751380855963,0.01834092683708221
2026-02-21,-0.019632331761617407,0.0019170332961544372,0.0,-0.009464935358846181,0.0019134987172036507,-0.021218172050056973,0.0032878726781756353,-0.0006480445974648141,-0.005151956737159404
2026-02-22,-0.04025595871849673,-0.017826017424474684,0.0,-0.034533765638515956,-0.03581935288130198,-0.027842940022701924,0.005762136184337003,-0.004891878639983305,-0.024693612932706235
2026-02-23,-0.05326982660277814,-0.04446822767406959,0.0,-0.0439764723540302,-0.02679320291601136,-0.02366316845710862,-0.02565376775541386,-0.04416365824308055,-0.03825781741543724
2026-02-24,-0.007897480017462799,0.0018515074201341688,0.0,0.0017574989912638758,0.006079740951375817,-0.0015,0.034015738438817694,-0.009246934778849636,-0.005574943986030273
2026-02-25,0.08198786276951359,0.09873756437325187,0.0,0.07523369488996552,0.05731527070352651,0.0,0.05875249913196968,0.06134879012272432,0.08605909256977247
2026-02-26,-0.039516236794580904,-0.020325308780143648,0.0,-0.032239489721684216,-0.02225192118062814,-0.03233951849940765,-0.03468368747437933,-0.007396300878801609,-0.027542088788560504
2026-02-27,-0.03695087012965478,-0.035060966599339445,0.0,-0.033289587321088734,-0.02356641223861787,-0.03822708735920251,-0.03940499678786962,-0.023902729458526895,-0.039927607084245365
2026-02-28,0.021984037774586653,0.02469082865298641,0.0,0.010343124988944997,0.01781149240037771,0.01000094662183733,0.03240449565170143,0.016716637240956178,0.010557096709616022
2026-03-01,-0.027587482159616015,-0.03246245494942534,0.0,-0.01512840190181493,-0.023305337941564523,-0.013417735006093813,-0.02664203761556778,-0.01786966917841526,-0.020367404204906625
2026-03-02,0.015967857866292005,0.014175148302028167,0.0,0.03687836791195194,-0.0029323725020562203,0.03324199504552362,0.032850506152200726,0.04642374393153048,0.03290232581563386
2026-03-03,-0.010893465708336224,-0.005870098697765026,-0.005538609092816648,-0.016055953176428564,0.010188976519723204,-0.018727076604736312,-0.009203959949349078,-0.007148911391331003,-0.019336189623183737
2026-03-04,0.03457629236067927,0.038477180202063165,0.038477180202063165,0.0468388321873198,0.015342284152190671,0.054267613791233245,0.04362332638742886,0.06334352775907992,0.0635494273203912
2026-03-05,-0.03774810845233657,0.004853601625876491,0.004853601625876491,-0.052945495740910044,-0.012983810763357764,-0.024911373814119564,-0.012783528859132772,-0.02444102029029227,-0.0312825810609114
2026-03-06,-0.06421340959057094,-0.03362827979467822,-0.03362827979467822,-0.04127070509552422,-0.05238153499628756,-0.04414239484185269,-0.0378967466024272,-0.0391687374595715,-0.04039040302594332
2026-03-07,-0.023874966466554924,-0.017711934719139427,-0.017711934719139427,-0.02332885363841171,-0.01752882779859271,-0.01492749855873116,-0.0017109866933666825,-0.012495371731106153,-0.019403901793596218
2026-03-08,-0.009119694392983322,-0.014196861713396758,-0.0015,-0.017188291777789355,-0.014296272646388814,-0.0014999999999999998,-0.012113048375834675,-0.01920389706600567,-0.013976679256713042
2026-03-09,0.027767268143193562,0.028856961769970803,0.0,0.03675048728395317,0.025453220486842672,0.0,0.021585665964064922,0.03730355064027946,0.037827625730391744
2026-03-10,0.008728845457938108,-0.001284541969257555,-0.00036289233795674166,0.01946116384785168,0.00022331485733493488,0.014926105606837771,0.011757202871140349,0.022160194855752158,0.021433249289577
2026-03-11,-0.017849841666020903,0.00968758703669108,0.00968758703669108,-0.021775219097264986,0.01659347126732275,0.004498710907528466,0.015622126295054323,0.0034772661022810514,0.0006064655453289392
2026-03-12,-0.005570074334121788,-0.00031897468615875056,-0.00031897468615875056,0.004394691104426475,0.004859451043468207,0.004845587706519692,-0.010851441115315011,0.0049789249066771735,0.004483589274502198
2026-03-13,0.03088856924471529,-0.011796259260310842,-0.011796259260310842,0.006978588469859586,-0.00638416578816862,0.008765280169841539,-0.018696243805148092,0.005509677020595349,0.007715661593862333
2026-03-14,0.0009595567355283443,0.001142387477729407,0.001142387477729407,-0.0005258382294815998,0.014370749555267435,0.0026390462764466255,0.006805160584662772,0.0039750458198222205,0.0026725755172408005
2026-03-15,0.03769852192359156,0.017057713303423042,0.017057713303423042,0.04140942509201465,0.03170747404719611,0.028784949020354673,0.01659544742717428,0.022514339236602954,0.03290283807296952
2026-03-16,0.062388944502536695,0.046755815437544715,0.046755815437544715,0.1073348842974262,0.02189414194851351,0.06727314323363544,0.06413633914928984,0.028420286742171008,0.07725408905087242
2026-03-17,-0.02518610458238637,-0.03375437190189009,-0.03375437190189009,-0.040253288502982015,-0.037765522944643505,-0.025623390662872236,-0.02261871618299894,-0.013024161019872249,-0.025384410545463327
2026-03-18,-0.06908054723223159,-0.05067701746665231,-0.05067701746665231,-0.04758690564975487,-0.05468480960766935,-0.04593541757541806,-0.056499792237592716,-0.03602818371042593,-0.04598648126283557
2026-03-19,-0.012414503160157138,-0.04420447455230403,-0.04420447455230403,-0.018778680199892553,-0.03887428322684916,-0.025093087307180274,-0.054541684873107045,-0.018478651735228002,-0.024884355747577174
2026-03-20,0.01019985061002885,0.006835717006061899,-0.0015,0.003242200135355146,-0.004003155472505306,0.003014779591822851,0.00907807082722974,0.008304447304447349,0.003456232089560137
2026-03-21,-0.023518395644415033,-0.027216709343268308,-0.026294550948372308,-0.03024482940623119,-0.031085369987703067,-0.034082324261411626,-0.0336511582207805,-0.022586775090826627,-0.030513317192250537
2026-03-22,-0.025946873980616247,-0.02713367406390902,-0.0015,-0.01502199224889063,-0.023362523013502935,-0.0015,-0.034241593586566844,-0.015367801675379322,-0.016142814225289397
2026-03-23,0.039606489943407486,0.050515432962427616,0.0,0.04016444715604991,0.05286921137080151,0.0,0.0720676622636378,0.044908560397294295,0.045235027494101264
2026-03-24,0.02674240712636005,-0.0023362682832631836,-0.00227918387592546,0.002341967051388229,0.0319503180719509,0.008219301332848353,-0.0031541868581006923,-0.004931991377371103,0.008467144735954512
2026-03-25,0.01861838229967338,-0.002862877163274216,-0.002862877163274216,-0.009025659409740573,-0.013667284736219374,0.0012644582883412645,-0.0022525738661975,0.011051956198656399,0.004476647064065849
2026-03-26,-0.049690035184571865,-0.04485908653959767,-0.04485908653959767,-0.04598144323732004,-0.04506888600049197,-0.04490771434590636,-0.054732248767111503,-0.035272531478612756,-0.04363468051053929
2026-03-27,-0.03219278590010695,-0.05352621865371857,-0.0015,-0.030212521918125845,-0.043386877007744885,-0.0015,-0.05228292857654697,-0.035062759816106626,-0.0326845462497772
2026-03-28,0.0020372407873631496,-0.020051603331417214,0.0,0.0026449966158483837,-0.006628175364755432,-0.004030044275774856,0.009124898744449562,-0.00045552234634516076,-0.003152443065951692
2026-03-29,-0.032221723822294455,-0.013639995083092608,0.0,-0.006077458564662685,-0.015242037984751572,0.0,-0.027635066563009826,-0.00551546220130672,-0.007270547931225878
2026-03-30,0.011161330337030153,0.009174152218841708,0.0,0.009560560784563578,0.0041617228448445655,-0.012365250475586453,-0.006792021022610343,0.01191378458082637,0.014996024471698361
2026-03-31,0.03689968789163289,0.008853485197529917,0.0,0.04241796482351482,0.013964655622573544,-0.017335473515248778,-0.0037878223633105064,0.022263002270897836,0.02126013489338463
2026-04-01,0.03189751078311077,0.007088457517274651,0.0,0.007422255023978258,0.00785642547963723,0.007091525649683574,0.013310597554042826,-0.0024977857340350296,0.002479723969297149
2026-04-02,0.02654254910197762,-0.05705284757668708,0.0,-0.040033153380094944,-0.03722033301798634,-0.036186311369001745,-0.014189467360694336,-0.01779269200774225,-0.02910271148740574
2026-04-03,-0.012720892296517313,0.02110876845440221,0.0,0.001183699875094593,0.009005180059497042,0.00014503890159769917,0.012999972683060596,0.0009313624303253221,0.008879277330051708
2026-04-04,0.014343901180299814,0.016967815182762098,0.0,-0.010985080610823258,0.00016659397372832847,-0.02606171995684503,-0.0014117774282385019,0.0050193909291964545,0.007759197862889645
2026-04-05,-0.03171616582267248,0.0036883074274309748,0.0,-0.0015710724522628797,0.0026649019946569535,0.0012043492163620341,0.009017012419627976,0.025761503420038023,0.012529162676100755
2026-04-06,-0.01229323180438997,-6.337552023918122e-05,0.0005529385581603016,-0.0014457666688571674,-0.010839636233110092,0.006255359999173151,-0.017187921033434885,-0.0026149365430282456,-0.008359993174748394
2026-04-07,0.08566765843178954,0.08809610094677736,0.08809610094677736,0.13573678196294484,0.08984314858065356,0.11368912996043551,0.06636209494709648,0.04459545069935267,0.08328208696272371
2026-04-08,-0.04176288486931948,-0.0473676508134598,-0.0473676508134598,-0.023761939540424264,-0.022533544007374843,-0.02836943646656841,-0.04440790679827658,-0.011877640105099618,-0.02601157366097536
2026-04-09,0.013767269133098182,-0.0011646495589182774,-0.0011646495589182774,0.045914093902834116,0.03067391176617781,0.01146152761681856,0.003728891405658355,0.010103288409036182,0.013106927147442826
2026-04-10,0.012068064700647007,-0.008857100812973378,-0.008857100812973378,0.01253125585973484,0.0169597301709823,0.01807634487396984,0.02285478221603933,0.01636388380950171,0.0006608627097630954
2026-04-11,0.0007090114861550661,0.0064782751096300745,0.0064782751096300745,0.0006224295587196442,0.008193615737483841,-0.002699664364436096,0.00505614111185773,0.0011027552434326182,0.0030699047034484827
2026-04-12,-0.055617467900977706,-0.03262879835947029,-0.03262879835947029,-0.04783695152028267,-0.04816722367816826,-0.0329526986650731,-0.037561092494702145,-0.03151807780495819,-0.035224815046849545
2026-04-13,0.03184250623985307,0.05630267902093773,0.05630267902093773,0.027152971316319257,0.05945459422319096,0.05616884169681037,0.06551021791433882,0.0519784995910435,0.04593405442387645
2026-04-14,-0.0025950143874335983,-0.041936696206691534,-0.041936696206691534,-0.037253819146602266,-0.04424293546226217,-0.022522637780752627,-0.04089865104637474,-0.0038490692909066704,-0.02884740936026826
2026-04-15,-0.019384626184558204,0.01727092392550577,0.01727092392550577,0.012317856670950277,0.01871594583582535,0.014759457847473475,0.016980636388282858,0.009151838859432937,0.01545509018211531
2026-04-16,0.04496796515456839,0.021059180298924764,0.021059180298924764,0.05360546395394945,0.04358508909434951,0.02653117030745844,0.009141763171754887,0.004602326507462173,0.031342633985119786
2026-04-17,-0.022324014561058647,-0.003297204900795603,-0.003297204900795603,-0.005243577031218458,-0.006355288273241172,0.004002879043652152,0.0019789903429616703,0.02551697314950352,0.005925932424040855
2026-04-18,-0.11731731063411557,-0.054652457448365874,-0.054652457448365874,-0.03693758969360409,-0.055988631001011625,-0.03022410554034484,-0.05656656744376603,-0.017908449242267088,-0.03287420215598359
2026-04-19,-0.03897262027915328,-0.04372968210601133,-0.04372968210601133,-0.040072099079883475,-0.04092506487523357,-0.03184370803718823,-0.054335351809937184,-0.024969296525804152,-0.029754038095368075
2026-04-20,0.008752455924088156,0.02575345278099938,0.02575345278099938,0.019389490963469834,0.029501123365777697,0.023298751984696303,0.038976134180250345,0.027630495141107048,0.024441116962832878
2026-04-21,0.006698070206748754,0.0018494042980692219,0.0018494042980692219,0.008477850207057085,0.005256907921286006,0.0054783797653137675,0.003751389363610857,0.006529188643024986,0.00701283824849396
2026-04-22,0.004670307228784922,-0.011603451552028278,-0.011603451552028278,0.00026285575513943925,0.005595504171636109,0.0052592545477999995,-0.009451764950366748,0.02413116197240761,0.005564346474978111
2026-04-23,-0.011962824685609306,0.014863600183676252,0.014863600183676252,-0.010691140971726703,0.00466858429209399,0.00013014008333183183,0.008367183836915135,0.001013709315240252,0.01220932667143456
2026-04-24,-0.018740658342020412,-0.008992466919353162,-0.008992466919353162,0.012290138562939038,-0.00015961975105529148,0.0052417691702082445,-0.008722051943302613,-0.010482704017558353,0.004015635869891326
2026-04-25,-0.03091418315449045,-0.014475789288460442,-0.014475789288460442,-0.004551941146137837,-0.0034571078937902077,-0.002801756368307994,-0.023931826360640986,0.0024260971448708535,-0.0028888202443412597
2026-04-26,-0.01281944739091304,0.009210336465728058,0.009210336465728058,0.011511662949043305,0.013827973600554946,0.009144309897552307,0.011284408253429957,0.01330177133655397,0.009343908496474037
2026-04-27,-0.0071765405553670825,-0.022006618011329176,-0.022006618011329176,-0.01942146788986329,-0.0006377571932066079,-0.013201805797947778,-0.01625865785155007,-0.016352276418474698,-0.012781731744390021
2026-04-28,-0.011148238899589576,-0.02004617166513878,-0.02004617166513878,-0.022099536498658253,-0.0269600223600426,-0.01616707270771624,-0.022516281921969552,-0.013293685567210223,-0.0069603086928166445
2026-04-29,-0.01695617832174928,-0.01846342757889844,-0.01846342757889844,0.004499299302147618,-0.013567669577958614,0.0002788635410282195,-0.012890273013088423,-0.007371621438415188,-0.006607281633205576
2026-04-30,-0.010552540996034497,-0.002610405880078972,-0.002610405880078972,0.010840021288034926,0.010311805239926655,0.004214580688004907,-0.003326839474007118,0.007476510952758142,0.00913926675821075
2026-05-01,0.01683914929613524,-0.002411512406922568,-0.002411512406922568,0.04323285325307357,0.0162083086292958,0.03859944744243918,0.0065741693427172135,0.024684278547156602,0.029099835916895696
2026-05-02,0.005626344016846927,0.018703209987707692,0.018703209987707692,0.022245976502528172,0.017130574124615366,0.014483186805797393,0.004840515175250728,0.005825302536215382,0.01211963084158088
2026-05-03,0.009142456469516967,-0.0071168260296689875,-0.0071168260296689875,-0.0025724938021684687,0.004609693755914264,0.009204001071543039,0.005557302100073181,-0.0015031736560809916,0.005324312514287775
2026-05-04,0.037284517706554,0.020552264075604607,0.020552264075604607,0.004858776640352467,0.047302710309556274,0.008848603588189603,0.0012173586175886655,0.01644983483853646,0.007824243813124151
2026-05-05,0.06053992518944345,0.0345620965048265,0.0345620965048265,0.09112610671515207,0.05304063490073448,0.055751304783697865,0.045019494637157334,0.013079098298406366,0.04430041129835726
2026-05-06,0.07931581752440967,0.01679281068388855,0.01679281068388855,0.02236790832408277,0.06398859599453803,0.021822049424913986,0.013863396789915623,0.006692868422327525,0.022068928733606094
2026-05-07,0.04465415741922938,-0.022948964648239794,-0.022948964648239794,0.00031096061670647353,0.01578635591853169,-0.014200096427204644,-0.029475900790012638,-0.017692607745821376,-0.012518423722231251
2026-05-08,0.04137388615016718,0.030421551677121714,0.030421551677121714,0.048444613435231966,0.018603622733859203,0.03358906603669538,0.04028743365126277,0.0023394495412842886,0.031839971802157835
2026-05-09,-0.03962749305741196,-0.01151102414014142,-0.01151102414014142,-0.02573569993137223,-0.015158355327969643,-0.00815210762982695,-0.027930585396980692,0.006050764672352882,-0.007334426478948195
2026-05-10,0.049396515913327034,0.008029198844290802,0.008029198844290802,0.021706171674048796,0.014549442334549237,0.028287948608514604,-0.005409297113836701,0.018984883190544366,0.02771078021118352
2026-05-11,-0.02211683310139051,-0.03121413379448725,-0.03121413379448725,-0.009687856730125543,-0.03147385361161016,-0.008708330935786131,-0.028159435335436533,-0.005649186285816454,-0.01008267480339879
2026-05-12,0.03743921470356942,-0.034786186143788735,-0.034786186143788735,-0.025545633672362508,-0.04358086008613864,-0.02120984923717516,-0.04204210522326819,-0.015183437895472052,-0.021280915171685764
2026-05-13,-0.0445041751656818,-0.04260222380064457,-0.04260222380064457,-0.01817250151127862,-0.042124326329700035,-0.019759447715113024,-0.03624674813677788,-0.014792470529897295,-0.020432397187680966
2026-05-14,0.018732743279253453,0.02287472885840234,0.02287472885840234,0.023986010532724495,0.013018301324213598,0.02154094257069012,0.03300706558540359,0.02239691271145028,0.025442346984477747
2026-05-15,-0.04400909011069492,-0.04904720456014983,-0.04904720456014983,-0.045337264222929885,-0.06238045576068703,-0.04491892016075296,-0.051230315168524644,-0.024377608136343376,-0.036434609835035936
2026-05-16,-0.024134856185060626,-0.039042063693009804,-0.0015,-0.025820368845304767,-0.034766410400376105,-0.024937813114453443,-0.03756126923613368,-0.012199732509905803,-0.024680592181985636
2026-05-17,-0.008830913397226293,-0.0197535132544414,0.0,0.008268408312993953,-0.00844998158711851,0.003286058208033983,-0.002642475613273434,-0.008834257540655255,-0.008868769086852978
2026-05-18,0.01058568189322403,-0.0037705026666916084,0.0,0.016655666291459873,0.03892878225393024,0.01962423491312397,0.04628121857399368,-0.005884504400919921,-0.0013334286309155691
2026-05-19,-0.016301436788462218,-0.016433358399942588,0.0,-0.0015062372410419662,-0.014005548919616417,-0.002506237241041967,-0.010359015870562115,-0.0021754017142699977,-0.008762259689916854
2026-05-20,0.028281797129973692,0.03252538907454003,0.0,0.06387021459652745,0.037836100731718614,0.17147467123179405,0.10666821053298566,0.009343085567446563,0.0322048934949864
2026-05-21,0.017855787797383407,0.01145912349442551,0.0,0.011082378550903106,0.01731627335643971,0.011834215138339859,0.0365597596184669,0.000816095165800057,0.011362869740854206
2026-05-22,-0.03400820854273469,-0.057369123993805615,0.0,-0.052535651732453705,-0.02832857010758493,-0.06757590234326144,-0.07159075996346566,-0.026747485554435513,-0.053510795230000435
2026-05-23,0.03449579756969825,0.03823685131835401,0.0,0.011277840491032202,0.04064965622780783,0.08013748601676192,0.09552756794563742,0.01605133737978126,0.019959536125173875
2026-05-24,-0.001803047817989676,-0.023629061556577985,0.0,0.0003764577088906508,-0.0026793866402920717,0.024172947712943038,-0.004669623399379306,0.0040774176467823775,-0.004524523885174594
2026-05-25,0.01460977028637015,0.04658083317980063,0.0,-0.002727071371081967,0.020994594578683978,-0.0027952106195344734,0.04390227000584249,0.003335497741126403,0.009977980836070672
2026-05-26,-0.015663510272873837,-0.04201469200244972,0.0,-0.01769314462451195,-0.01514017947392873,-0.06929362142071166,-0.03190063927377499,-0.018002635989416205,-0.0276874731143758
2026-05-27,-0.0444664908640885,-0.03957711780738384,0.0,-0.0243444797110793,-0.044479178373639364,-0.0015,-0.03917995200400919,-0.019500985183592,-0.02407795643634769
2026-05-28,0.005947568091222687,-0.0377449532303726,0.0,-0.018118018692379424,-0.029498888478425946,0.0,-0.040289303931912566,-0.011172569789104858,-0.012969350014525285
2026-05-29,0.04062550260346587,-0.002705159538784123,0.0,-0.010374783833516862,0.009856661644112797,0.0,0.03518118148924263,-0.0021289771957785364,-0.004673226719947002
2026-05-30,0.0162481159216881,0.013813793698801537,0.0,0.041219860116455946,0.04045860581838956,-0.05612184873949572,0.023971023890280573,0.0057663422577327594,0.020384457314786962
2026-05-31,-0.01884382514864193,0.026038485323539504,0.0,0.00765714010258149,-0.004594741342713301,0.008358084982051874,0.0379657280362615,-0.0028421433596654833,0.006452766240003756
2026-06-01,-0.009291213893186642,-0.01114762505862858,0.0,0.06438850447689715,0.014944437518818694,0.05622369410047924,-0.00185945049013658,-0.030750034034893292,-0.004392007129581026
2026-06-02,-0.06976745479730175,-0.05311779575483079,0.0,-0.04921464807828183,-0.07578288304600904,-0.042080437433416974,-0.056423980299727484,-0.06509090603552203,-0.04616788113116275
2026-06-03,0.08435416263172892,0.01770602754525311,0.0,0.017568803350088747,0.003340513082820908,0.017561442042478535,0.01611011377941596,-0.039215809629688625,-0.008293402795037104
2026-06-04,-0.08367714777121715,-0.0513947242612709,0.0,-0.18403069916681863,-0.09366254685291386,-0.24026836837163057,-0.12441575694257134,-0.004002946552806086,-0.08950951862667236
2026-06-05,-0.0648521170739795,-0.08801008564072035,0.0,-0.07084978445606485,-0.09268389375257316,-0.0015,-0.07320523495420524,-0.04429014874779269,-0.08414091490934726
2026-06-06,-0.015725523765943026,-0.012361300558144704,0.0,-0.0019285715591023835,0.01267650811021566,0.0,0.006102257584360335,-0.0028146075264422477,-0.0045156610369577075
2026-06-07,0.040726855243947896,0.08824588949401233,0.0,0.04431348785725786,0.03928792267573074,0.0,-0.0306774613977292,0.040197179517585946,0.07288929428541424
2026-06-08,0.007339375677663021,-0.010448473467350323,0.0,0.022440982614717792,0.006210951763314819,0.0,-0.024564577957221,-0.003884607483640612,0.00910011563537536
2026-06-09,-0.03071762012898093,-0.02993637720591855,0.0,-0.023458203332253937,-0.034867573000202,0.0,-0.024679475171115607,-0.021494312762627588,-0.02135024138529976
2026-06-10,-0.04270134119222047,-0.04747580507510406,0.0,-0.04441161710217156,-0.042862176705094006,0.0,-0.04944375682145929,-0.003547869755386346,-0.033966011768084545
2026-06-11,0.07667396460747943,0.08473119769133665,0.0,0.031052423330084768,0.04208366598585312,0.0,-0.0645782289114456,0.03438409949181431,0.04391413261327634
2026-06-12,-0.02436022317751982,-0.0034088645553398828,0.0,-0.016340929493962705,-0.005826024521056987,0.0,-0.0015,-0.0007226606611543396,-0.009923248596669113
2026-06-13,0.01228632993545124,0.037938968126010976,0.0,0.020544854014778714,0.026540954679144378,0.0,0.03427474700558758,0.013809371845018514,0.02309713957754523
2026-06-14,0.04035787073807296,0.023994479479703033,0.0,0.028656234053503628,0.025305203664425797,0.0,0.004400954380195167,0.019988826834709927,0.03521156992888677
2026-06-15,0.03388947730364915,0.007455808033079352,0.0,0.05297729852989215,0.035435037834286885,0.0,0.054409356944593444,0.00885659986204601,0.02696978966101479
2026-06-16,-0.0025346882336560786,-0.023997448209726345,0.0,-0.016870386169044273,0.01279886000444236,-0.013576099882647923,-0.020481286979595156,-0.009855908615179598,-0.011376210692119557
2026-06-17,0.022282647808904057,-0.026040032610939668,0.0,-0.00845092960968511,-0.009949802588733167,-0.022917096704857875,-0.037047892711645526,-0.01774815108516914,-0.020900973310532568
2026-06-18,-0.03759240029495638,-0.011975410790055988,0.0,-0.01102484289131807,-0.018822837524268096,0.0015206710770429414,-0.0023941841826147572,-0.024049053316260838,-0.02049677087842134
2026-06-19,-0.027197641896404133,-0.0087356197238428,0.0,-0.032462588602125544,-0.00706496423835184,-0.04721725954174466,-0.010343153944657155,0.009306202657930251,-0.007027452116701812
2026-06-20,-0.005720981189634631,-0.0005267901494576308,0.0,0.0006486112705469797,-0.014532400884312334,-0.012491756813755387,-0.028271947636507557,0.011867384301658568,0.008181208311331494
2026-06-21,-0.017739135374815442,-0.028530004937667504,-0.02819804900506001,-0.02027206052541308,-0.023277547391200654,-0.032307261692038465,-0.049456978344308,-0.015335155784759191,-0.026535596867806516
2026-06-22,-0.0015106914618817835,-0.00445846525787975,-0.0015,0.0027592204704691356,-0.002839614297984354,-0.021750398921455447,-0.011603258110580878,0.011183031839624658,0.003675175823568415
2026-06-23,-0.02989847085999614,-0.016679905093609327,-0.016357886268074183,-0.041740556799149967,-0.03149258846006409,-0.03084773887171577,-0.021080597482771635,-0.02007872226199281,-0.0328857511023982
2026-06-24,-0.017167765463347872,-0.02531580763630177,-0.0015,-0.030552595096842192,-0.00811938690644071,-0.024954583537004985,0.008856463879205918,-0.02640617445851623,-0.025130556601053008
2026-06-25,-0.003720356728136278,-0.025808065063955728,0.0,-0.02704122889348503,-0.012163221310943256,-0.0015,0.042236461980366895,-0.021022139071701584,-0.021535013644233998
2026-06-26,0.04356498376114904,0.02203669161344971,0.0,0.028560343099892967,0.02852882609400777,0.0,0.07969087753218855,0.005071913569923314,0.011090313028287118
2026-06-27,-0.01889640965811014,-0.01167044191306405,0.0,-0.020170172999204046,-0.013149750876909713,-0.020971488178025133,-0.016218160045264284,-0.0011359917014532872,-0.012679451793800133
2026-06-28,-0.008071369431663164,-0.015967070535690773,0.0,-0.01125871941790627,-0.0027978140875849996,0.012482269503546028,-0.011195517561072805,-0.0075295273950923836,-0.009871737097123464
2026-06-29,0.013925817125195413,0.03708853973164223,0.0,0.027707460392181117,0.01344202335940244,0.05295601008685913,0.006900991006959823,0.01146751070589147,0.026181459737758546
2026-06-30,-0.03712514172290373,-0.028663509183935496,0.0,-0.0226404009894256,-0.04982030346004316,-0.019824374667376188,-0.0470496046178102,-0.027140628949019585,-0.014985260176933
2026-07-01,0.0290854312372433,0.007617121305886369,0.0,0.016404620571800296,0.022425478608477895,0.05144563594407492,0.030268914282240367,0.023868604211432443,0.022851737369655692
2026-07-02,-0.06601384935829498,0.06362310688940497,0.0,0.028931729809354472,0.03111281588236165,0.04221533694810242,0.02116971045034886,0.02558976409436231,0.035448547833667465
2026-07-03,0.05417403322466137,0.026620286957974654,0.0,0.033444559217751836,0.04072767471985819,0.03126630640820135,0.02357023197554961,0.016622157244964297,0.03503921795652028
2026-07-04,-0.008658712471691216,0.0008142709192973951,0.0011244394513161408,0.015320296618005122,-0.007420398551887096,0.007834387787149484,-0.0017065287735128273,0.008960063761459525,0.004289174091529176
2026-07-05,0.023937083346019215,0.00354107994994774,0.00354107994994774,-0.0058023575998227255,0.006571679937448413,0.000821951120138219,0.01461417813170952,0.008013269983962124,0.0015675509954117023
2026-07-06,0.0318062589929005,-0.01024941428075234,-0.01024941428075234,0.0028211564337521757,0.015533330496491443,-0.004633768713425171,-0.01922039720045978,0.006158994501178183,-0.0037657870638835344
2026-07-07,-0.058717112733188866,-0.01960302281460996,-0.01960302281460996,-0.022075583048317544,-0.021237898481421325,-0.01528400350289323,-0.012939625617119026,-0.010587267547151002,-0.017600813563364077
2026-07-08,-0.02502152692621239,-0.05290832609553638,-0.05290832609553638,-0.02403979300234064,-0.026431186838839556,-0.025637676189172415,-0.06767544675445472,-0.016949532376354437,-0.026910185059156162
2026-07-09,0.0013336161555965198,0.012751068329925995,0.012751068329925995,0.004375120041596126,0.012853488300539704,0.00868656866709265,0.0027386465198316026,0.015090704768020657,0.008323016258814013
2026-07-10,0.021639573814294866,0.018157945833985528,0.018157945833985528,0.010400515898383719,0.02364889729915678,0.01833947106162457,0.01688145887154753,0.014735410406452543,0.014218657625987978
2026-07-11,0.0007039360062563756,-0.02286651198285973,-0.02286651198285973,-0.0017228282186259026,-0.006399015260245754,-0.0051959035191318365,-0.017624455056455882,-0.005341502690389244,-0.005661751159561948
2026-07-12,-0.003912695936535883,0.002439589524893593,0.002439589524893593,0.018392588976836648,0.003556745113323905,0.003488413304245666,0.002721901927905844,-0.0006111032764537505,0.004946167833538742
2026-07-13,-0.020871298058985865,-0.00958381968473621,-0.00958381968473621,-0.024451054973300957,-0.02350444987437839,-0.02842335452601311,-0.02077641109188175,-0.022663530887425565,-0.021503097964883366
2026-07-14,0.03953917224422084,0.04137819875030766,0.04137819875030766,0.03371498996292373,0.047182484647372416,0.062082214395408244,0.06753476386640446,0.043466445237727136,0.05397409808619755
2026-07-15,-0.000308598702027117,0.017726658185657863,0.017726658185657863,0.0021113000307457063,-0.007065900560958807,0.000960396665491759,0.006417390869832886,-0.004423161067327097,0.0022744240642749666
2026-07-16,-0.04092523434415599,-0.03642922251269597,-0.03642922251269597,-0.0540408890685183,-0.02871594018439083,-0.032820029161656904,-0.02920788051861822,-0.01430100679038393,-0.03128663986855599
2026-07-17,-0.0010462219958478724,0.002372150639090826,0.002372150639090826,-0.004557839783637104,0.004468162473443265,0.0007640596166090895,-0.0002567204927699661,0.0015896863866946553,0.0047186694938323274
2026-07-18,0.0006013116571457768,-0.00203000566749051,-0.00203000566749051,0.003699696187575265,0.002221373927193798,0.00910535556030493,0.0034363174685143197,0.014117416297744212,0.00683095690870592
2026-07-19,-0.01026085906431361,-0.007800875105895891,-0.007800875105895891,-0.00711116029063278,-0.0026589266886224094,-0.0023423616717915415,0.0009979158261798264,-0.0017225471363733202,-0.00037784304855359007
2026-07-20,0.014490347356518883,0.017835424818193467,0.017835424818193467,0.016967900144724123,0.01737574679757148,0.009472046376968236,0.020231829038148137,0.008234689182470278,0.012022625067424398
2026-07-21,-0.0381229773231545,0.01650448676754155,0.01650448676754155,0.0016798498236948846,0.014954096135041587,0.00614718293728665,-0.0008607889296237624,0.01993165021620391,0.0076477324199213685
2026-07-22,-0.01024986186091682,-0.009874822900839493,-0.009874822900839493,-0.003114018478056995,-0.00017772777324996788,-0.00757115583684362,-0.01584106153325494,-0.006636049916341258,-0.008904472084622996
2026-07-23,-0.018741185479552062,-0.02580556257307058,-0.02580556257307058,-0.032129694253143805,-0.02526039733156237,-0.02603642536250251,-0.02594176891043201,-0.015360021683597735,-0.02359672512002873
2026-07-24,-0.017690133574003793,-0.006799769595785949,-0.006799769595785949,-0.02318533052157815,-0.02282136285323218,-0.01387075454750188,-0.02148935898989771,-0.014731108648877278,-0.02061270920097599
2026-07-25,0.007877061685508275,-0.0037274412664439,-0.0015,0.013093807466602122,-0.0035985952403326826,0.005729924804965184,-0.0042692552425062065,0.0036640167857837636,0.005419311211697906
2026-07-26,0.031197385373135374,0.055179707387216934,0.055189899563508456,0.030919951637027307,0.05310984976171573,0.02775033634791363,0.059296960303398046,0.015922174757281526,0.02314596387971405
2026-07-27,-0.027700307627544787,-0.04681082334811511,-0.04681082334811511,-0.043413285728608975,-0.04213498748224402,-0.03295507837021399,-0.035111254700676754,-0.025139606290459637,-0.04470213716122789
2026-07-28,0.0005095369233121738,0.01159588760548365,-0.0015,0.007012191994720956,0.00787858302495137,0.013292869439607799,0.01302215252432622,0.0024960842815076045,0.0045092303887432515
2026-07-29,-0.017359476970544574,-0.014392234016858498,0.0,-0.006870365324903703,-0.016685968152133,-0.0059878370434339745,-0.02442885554287024,0.001083939607290807,-0.0035883704379893553
2026-07-30,-0.012001909756821423,0.020814835626522546,0.0,0.013400865631341317,0.03554793390678028,0.017968985410652893,0.03206348387856002,0.01243649221339993,0.017360662769669508
2026-07-31,-0.025970624816242183,-0.022852012114146537,-0.021939661892420047,-0.01013568906574158,-0.020597322208586476,-0.02037532920068197,-0.04079782672712927,-0.029208697373047987,-0.017791228901423133
2026-08-01,-0.026319890241552176,0.0049855605135247505,-0.0015,0.007341721650903531,-0.016129910672613317,0.006827032112762699,0.0099698061179789,-0.0010215004862621502,-0.0007611257418386978
2026-08-02,0.03051226573124692,0.033377066266318124,0.0,0.05691450672505405,0.02596358043640557,0.05483749741834702,0.022430097105647494,0.01188024125950049,0.0330602698056496
2026-08-03,0.0033108174907384574,-0.007572306655887483,0.0,0.006440612313876437,-0.004884715683127198,0.011792925406808426,-0.008024335038321718,-0.0007865345288657899,-0.0005653533870793922
2026-08-04,0.00407561922018135,-0.00035603663840488484,0.0,-0.010126401915457883,0.003650392027129569,0.0014271174134071122,-0.0014952090886890183,0.009234256926952122,0.0036330157987236387
2026-08-05,0.0009377503927717463,0.0008153032121396959,0.0,0.004018959904020757,0.0035045347791533947,-0.0001674628777816132,0.0076572992832491,0.008714708759914869,1.8207909540399062e-05
2026-08-06,0.06325613136965405,-0.011358662511429966,-0.011338021401251683,-0.009943704334698045,-0.010639091810117263,0.003512452738203622,-0.0026121375217188878,-0.005282900872694674,-0.0059985989374011
2026-08-07,-0.03189741656691838,-0.016600400417311357,-0.0015,-0.003004488988846345,-0.004153025241897947,0.004800911876260417,-0.009859285642270066,0.00932130519415808,0.00038864727766266954
2026-08-08,0.18634884380656863,-0.007848132149522492,-0.007813341581219012,0.005686376715380343,0.011119855891483166,-6.570606442695066e-05,0.011740668490963614,0.0006070250090914886,0.00884603313089221
2026-08-09,0.06856648159086275,-0.020194875052248047,-0.020194875052248047,-0.006157218476134816,-0.008646960332759504,-0.003813075060984994,-0.01520380093455984,-0.0009391557603913858,-0.005778209476033446
2026-08-10,-0.06865317976059024,-0.004340278872137587,-0.004340278872137587,-0.013735800266486055,-0.006470180758214162,-0.014540508557234218,-0.014914859966940208,-0.014353731549565985,-0.011529623310231793
2026-08-11,0.00542339818771558,-0.012188097882363172,-0.0015000000000000005,0.009427811883080398,0.00822125618232509,-0.009980759663098885,0.009904650842807282,-0.005784116650911941,0.002370470538861454
2026-08-12,-0.003583508789429102,-0.029852243468286764,0.0,0.007373779090848982,0.012796295645511872,0.0052407890016827625,0.002474813433437378,-0.0018869496855346002,0.00905569603710625
2026-08-13,0.020244240096984258,-0.008913929319781787,0.0,0.039113215291529745,0.018719008337963708,0.0209714629588752,0.008283608174305651,0.00017123506163119195,0.01577704887668862
2026-08-14,0.0027180532370518814,-0.02356334705027004,0.0,0.01250651626891223,-0.012226558218340053,0.003624665051143213,-0.008139854370590505,-0.007045108540032374,0.0016432317270958542
2026-08-15,-0.03572973186072751,-0.020009348316018485,0.0,-0.007927607981095085,0.000904281921901486,-0.004746938495123758,-0.011618962221873978,0.0006733439545609787,-0.004317340891851849
2026-08-16,-0.005233537154439038,-0.01618008398405215,0.0,-0.00821659610780963,-0.006354796266221961,-0.005190444027111586,-0.009906786812472462,-0.002948514258549584,-0.004374620324008957
2026-08-17,0.010832027871141235,0.0006631868901649388,0.0,0.04039352118909578,0.02786887955514461,0.039998717051499044,0.02182549338427536,0.025947535771065233,0.030389580240541218
2026-08-18,0.01833344163801374,-0.004091236769075959,-0.0037623134119431734,-0.05390706767947028,-0.03327270867640352,-0.01926952165279959,0.0007919200276488309,0.002995718409907644,-0.01427396573895691
2026-08-19,0.054241979264161196,0.0319155107289653,0.0319155107289653,0.11499150878682951,0.07319948264219943,0.07011390917902569,0.045343884089602174,0.07121421537318717,0.07472513369655152
2026-08-20,0.034742362625529245,0.04065244556323265,0.04065244556323265,0.021050667253196022,0.02084327725959218,0.03799607711906144,0.05504165961457633,0.053225227912278905,0.040540459368565034
2026-08-21,0.1440167809913538,0.11222211884705151,0.11222211884705151,0.14228668348187415,0.09195041614069613,0.10327766001053476,0.11025091107446093,0.07275411279538635,0.10727032725281449
2026-08-22,0.03955234749916806,0.009115914764737354,0.009115914764737354,0.027005546298996538,-0.0017818789077040976,0.003261656728808946,-0.005341080059832701,-0.016123714114332555,0.004898202884585612
2026-08-23,0.036689573497603455,0.031347224270741714,0.031347224270741714,0.03727133651519004,0.024708360864114702,0.02034519330284044,0.03519876688623908,0.008551029498178098,0.022302462030965295
2026-08-24,-0.04044267707736398,-0.024502188835885612,-0.024502188835885612,-0.04970507620298355,-0.02357417071463768,-0.014497578215863564,-0.030178665109534885,0.01619304294131263,-0.013534873569494236
2026-08-25,-0.004877166746483707,-0.029737527489702407,-0.029737527489702407,-0.018223386122099314,-0.04902469406800723,-0.03034984159970934,-0.021912295357267113,-0.005742425728943457,-0.025181380566062967
2026-08-26,0.001350668733456393,0.02466602877634862,0.02466602877634862,0.023670144987114096,0.02473526816348797,0.024193411086301037,0.020331712284913685,0.00617029929281121,0.027151363407076905
2026-08-27,0.03497600334110855,0.006898515434556348,0.006898515434556348,0.006128098887278057,0.019378177152481094,0.007772152604603252,0.010117261851306535,0.01551217197361554,0.006834173098039841
2026-08-28,-0.04826956233429888,-0.04479069490724281,-0.04479069490724281,-0.04778673534552883,-0.05277050342767913,-0.03592661588799106,-0.04592766402596417,-0.02995292934866456,-0.02672479488224582
2026-08-29,-0.00297409031866028,0.0015642944669232248,0.0015642944669232248,0.018156785563875753,0.02462603039000997,0.010150650050447463,0.004621565355819782,0.004934494276960466,0.008655780656193317
2026-08-30,-0.03262441118618705,-0.051851131733975674,-0.051851131733975674,-0.025968180069546855,-0.03768152761581865,-0.023755330212359888,-0.04956242757927487,-0.007004985299757127,-0.021560608628341204
2026-08-31,0.024122730736033295,-0.0039040893437059026,-0.0039040893437059026,0.010232427535498802,0.011497337915848928,0.013455460966739365,0.011351834085272504,0.011576555701449331,0.021207454085760555
2026-09-01,-0.03968950620298492,0.02164950592860489,0.02164950592860489,-0.014994640951549044,-0.014668420532010971,-0.018920934801284265,-0.005592231998672811,-0.014536411911792113,-0.014331481395696458
2026-09-02,-0.025177872295203765,-0.0033651785736864706,-0.0033651785736864706,-0.05101781998087973,0.0027798258268980462,-0.0023044752985677424,-0.0031486240462291542,-0.0012782964656052886,-0.016997639236246077
2026-09-03,0.041919465879610124,0.05617002213129181,0.05617002213129181,0.03252215111793395,0.061002649536855816,0.06875230056152541,0.09125559433717378,0.050819233149827614,0.057670850354971825
2026-09-04,0.010893762928364486,0.017096004149177984,0.017096004149177984,-0.002102110652563786,0.022171421097446686,-0.012269688860236784,0.03054909620048526,-0.01980549614822713,-0.0008653645563962758
2026-09-05,0.020605442453673888,0.026042751456849766,0.026042751456849766,0.02573655747825658,0.019961943944879962,0.025783507028786762,0.02781529812072117,0.0021463513345401086,0.03610918467096965
2026-09-06,0.0009812752109965932,0.026416270856345986,0.026416270856345986,0.005025824739892068,0.03333619782425561,0.030495920413469633,0.007052931994739711,0.006389437786344487,0.023654415352527134
2026-09-07,-0.05947175720152634,-0.0004397492520199801,-0.0004397492520199801,-0.0570474396898077,-0.02549068222724426,-0.02211841062634976,-0.01084254470754499,-0.015307343634069714,-0.021734678404359064
2026-09-08,0.0071923064667678,-0.014742091197500314,-0.014742091197500314,-0.008308983874565723,0.014513504629441214,-0.0016253424008323928,-0.011825655643034168,-0.008294695078534753,-0.0022559001029080006
2026-09-09,-0.029656676257017407,-0.05036987446661061,-0.05036987446661061,-0.002412353509073391,-0.03962894933237246,-0.021759879827249952,-0.02187076949394566,-0.0019038745382752298,-0.02135388616166637
2026-09-10,-0.025515300628395004,-0.045724754308208694,-0.0015,-0.057449896526078126,-0.0467419899330349,-0.0458110524021146,-0.04887458823887328,-0.022191153395704433,-0.045218194478776064
2026-09-11,0.02735347941072221,0.016964793076209045,0.0,0.02102533708083054,0.0009557822638522216,0.041896880905373024,0.026343278102551267,0.008580266197475872,0.021010878108311017
2026-09-12,-0.017610703663043924,0.011637315863573309,0.0,-0.014974469397111443,0.0037765458943359084,0.002655799216329479,0.022656950827135373,0.000686688498776844,-0.0017707367271540075
2026-09-13,0.10739603735830015,-0.03129351373382539,0.0,-0.031695796625112196,-0.0042401690545096305,-0.03232775192982158,-0.038784268022805636,-0.005651231587268546,-0.02655185212869103
2026-09-14,-0.05537099966247457,0.015449947508348442,0.0,0.026064716054369733,0.02808638403334021,0.05145942191504767,0.04953657764117721,0.01753207652949218,0.034735968448515904
2026-09-15,-0.07091297295983374,-0.03898227190383137,0.0,-0.044523562274939546,-0.06496889560001162,-0.047352175391288866,-0.07703469004573353,-0.03254579500163779,-0.04650676154929318
2026-09-16,0.0159556569530636,0.014209800476619133,0.0,0.025079723589075543,0.0453301358265756,0.12541309518605612,0.06914485236689098,0.007423277944405227,0.04961703806232242
2026-09-17,0.06378264735403824,0.0404586053339314,0.0,0.15065857059450025,0.04761914649305026,0.11802814659255803,0.012867119887569115,0.002768810491456053,0.059496035331637276
2026-09-18,0.054830538378157476,0.045829103942633925,0.0,0.1327409070730018,0.0724995223476762,0.10727974600838523,0.053010484863021456,0.0584537395535365,0.09410615181333934
2026-09-19,0.0641390466493241,-0.007675532249316103,-0.0067289227585272775,-0.02863013692524844,0.008175904592602964,-0.008001202067608135,-0.005340223606384194,0.004526489644968823,-0.009324110098003824
2026-09-20,0.03384743738549236,0.023944452564533945,0.023944452564533945,0.014119035435228341,0.01926744758336389,0.025427681057221978,0.046044090318843316,-0.0008860308782807635,0.03012837561714478
2026-09-21,0.015581962052288846,0.04800147801283041,0.04800147801283041,0.05196738873215019,0.020953663272306675,0.0645462063062298,0.066703286383551,0.06703786740249829,0.06114592881570448
2026-09-22,0.1053760025993528,0.042584401973308844,0.042584401973308844,0.0017278639137222615,0.028394905681589647,0.02620764202616036,0.034109617144910044,-0.004749942276610519,0.026078095654027147
2026-09-23,-0.07883200248784931,-0.05817993243633889,-0.05817993243633889,-0.0691045756594691,-0.06332300308604877,-0.04862582910860164,-0.06219843168133204,-0.021006730654125172,-0.049495642736051546
2026-09-24,0.05873768752917886,0.030697514785376055,0.030697514785376055,0.018393825494241213,0.03883581440970436,0.022516973905681973,0.010378357110729878,0.00014976729196081173,0.022375923249614633
2026-09-25,-0.03640439937791318,0.03343748727214845,0.03343748727214845,0.09456008540759298,0.07356468338001296,0.04117761115098066,0.041607290221498186,-0.003675501929623737,0.04133261631870596
2026-09-26,0.044208390518582524,0.02009454509600806,0.02009454509600806,-0.0016157808615460544,-0.003988979333836662,0.0006554029467778157,0.0009219544303810559,0.003960880375847742,0.0009219149329644455
2026-09-27,0.0904320549028747,0.006712258819031605,0.006712258819031605,0.008117888752793217,0.026613987457853813,0.011774857868578164,0.011646124237009885,0.00046071978880313225,0.013018931209018404
2026-09-28,-0.09799412971126013,-0.043651704606974207,-0.043651704606974207,-0.06868803218335853,-0.07205256741534327,-0.043647794386706025,-0.058218623646624584,-0.011506653092148933,-0.04657668912364138
2026-09-29,-0.039308087478525745,-0.009281135783739552,-0.009281135783739552,-0.005057683775538981,-0.014962839206949585,-0.004737905454573769,-0.002908047316940785,0.001959880004804848,-0.004760382426597317
