Islem_Zamani,Sembol,Sinyal,Kasa_Tipi,Giris_RSI,Giris_Vol_Oran,Giris_ATR_Pct,Giris_Fiyat,Cikis_Fiyat,Kar_Orani,Net_Kar_USDT,Cikis_Tipi,Sure_Saat
2026-05-31 10:39:42.666104,GENIUS/USDT,MSB,NORMAL,56.970890049758864,2.519001474677518,2.094748722686812,0.4886,0.4739,-3.00859598853868,-0.6017191977077361,🛑 STOP LOSS (%-3.0),0.91
2026-05-31 13:09:20.269573,TON/USDT,MSB,NORMAL,66.64696721883011,3.254287558760821,0.7482643344478551,1.887,1.884,-0.15898251192369442,-0.031796502384738884,⏳ ZAMAN AŞIMI,4.0
2026-05-31 13:20:26.825906,RENDER/USDT,MSB,NORMAL,67.8502410482173,2.534303349554723,0.8768488934686212,2.146,2.081,-3.02889095992544,-0.6057781919850881,🛑 STOP LOSS (%-3.0),3.14
2026-05-31 13:29:45.467176,ZEC/USDT,MSB,NORMAL,71.22409390129162,2.5350050275818465,0.7725783454259053,554.82,548.57,-1.1264914747125192,-0.22529829494250386,⏳ ZAMAN AŞIMI,4.0
2026-05-31 16:42:37.325806,XLM/USDT,MSB,NORMAL,75.31045134646587,2.5383429732876155,1.9420441864615765,0.2584,0.2588,0.15479876160989006,0.03095975232197801,🛡️ BAŞA BAŞ KORUMASI,2.27
2026-05-31 17:20:16.664414,TON/USDT,MSB,NORMAL,66.27307282804517,2.5222275330464523,0.8351652426871725,1.916,1.855,-3.183716075156574,-0.6367432150313147,🛑 STOP LOSS (%-3.0),1.87
2026-05-31 19:25:35.282602,BNB/USDT,MSB,NORMAL,64.6577313021952,2.503076256009921,0.4803331961795081,732.18,708.99,-3.167253953945743,-0.6334507907891487,🛑 STOP LOSS (%-3.0),2.93
2026-05-31 20:51:52.460586,GENIUS/USDT,MSB,NORMAL,55.93430845479165,3.089599319774937,1.3833046829730973,0.4639,0.4621,-0.38801465833153015,-0.07760293166630602,⏳ ZAMAN AŞIMI,4.0
2026-06-01 01:07:35.553998,STRAX/USDT,MSB,NORMAL,73.31335757119186,2.6439160815788822,3.7257031734886272,0.01758,0.01759,0.05688282138795826,0.005688282138795827,DİNAMİK KISMİ KÂR,0.03
2026-06-01 01:07:52.095033,STRAX/USDT,MSB,NORMAL,73.31335757119186,2.6439160815788822,3.7257031734886272,0.01758,0.01779,1.1945392491467683,0.11945392491467684,📈 TREND TAKİPLİ ÇIKIŞ,0.04
2026-06-01 01:15:30.565215,HIVE/USDT,MSB,NORMAL,64.03129315094495,2.5960662651562605,1.8926351397824355,0.0703,0.0681,-3.1294452347084034,-0.6258890469416807,🛑 STOP LOSS (%-3.0),0.13
2026-06-01 03:21:38.509149,ALLO/USDT,MSB,NORMAL,61.574443570897586,3.270969452939937,2.8468368190463176,0.2888,0.2794,-3.2548476454293693,-0.650969529085874,🛑 STOP LOSS (%-3.0),0.11
2026-06-01 04:07:10.621580,ZEC/USDT,MSB,NORMAL,74.83244801969758,2.5186709025305327,1.1007437943112386,569.79,588.46,3.276645781779265,0.3276645781779265,DİNAMİK KISMİ KÂR,2.65
2026-06-01 04:24:14.652051,ZEC/USDT,MSB,NORMAL,74.83244801969758,2.5186709025305327,1.1007437943112386,569.79,579.86,1.7673177837448972,0.17673177837448975,📈 TREND TAKİPLİ ÇIKIŞ,2.94
2026-06-01 04:51:26.507252,XLM/USDT,MSB,NORMAL,66.17128353305094,2.544144320528535,1.5621699902920854,0.2593,0.2665,2.7767065175472583,0.27767065175472583,DİNAMİK KISMİ KÂR,3.38
2026-06-01 04:56:30.437472,XLM/USDT,MSB,NORMAL,66.17128353305094,2.544144320528535,1.5621699902920854,0.2593,0.2629,1.3883532587736398,0.13883532587736397,📈 TREND TAKİPLİ ÇIKIŞ,3.47
2026-06-01 07:23:29.791560,NEAR/USDT,MSB,NORMAL,69.92526872491979,2.5978283333737995,1.3456231607729594,2.416,2.34,-3.1456953642384136,-0.6291390728476828,🛑 STOP LOSS (%-3.0),1.23
2026-06-07 05:52:19.640869,TON/USDT,MSB,NORMAL,74.03090076444398,2.6201916004875248,1.2911668348513077,1.713,1.715,0.11675423234092244,0.023350846468184493,🛡️ BAŞA BAŞ KORUMASI,1.4
2026-06-07 08:29:14.582701,SUI/USDT,MSB,NORMAL,83.15452117523549,2.8294671800363176,0.8660649620598447,0.7478,0.751,0.4279219042524713,0.08558438085049426,⏳ ZAMAN AŞIMI,4.0
2026-06-07 08:48:14.544758,ZEC/USDT,MSB,NORMAL,69.15095442709654,4.795429923222177,1.9306583489422116,396.01,406.6,2.6741748945733774,0.26741748945733773,DİNAMİK KISMİ KÂR,0.07
2026-06-07 08:48:36.134241,ZEC/USDT,MSB,NORMAL,69.15095442709654,4.795429923222177,1.9306583489422116,396.01,401.84,1.472185045832172,0.1472185045832172,📈 TREND TAKİPLİ ÇIKIŞ,0.08
2026-06-07 12:34:19.775123,FET/USDT,MSB,NORMAL,76.29860043076218,2.687408281895693,0.9903493414060996,0.2067,0.2071,0.19351717464925566,0.038703434929851135,🛡️ BAŞA BAŞ KORUMASI,0.09
2026-06-07 15:10:20.715607,XRP/USDT,MSB,NORMAL,83.17316249650679,2.530263512635124,0.6167655718723533,1.1647,1.1291,-3.056581093843915,-0.611316218768783,🛑 STOP LOSS (%-3.0),2.98
2026-06-07 15:43:50.885814,PORTAL/USDT,MSB,NORMAL,62.825196843210676,3.2241234038894024,2.384290856772299,0.01722,0.01764,2.4390243902439037,0.24390243902439038,DİNAMİK KISMİ KÂR,0.02
2026-06-07 15:44:38.592166,PORTAL/USDT,MSB,NORMAL,62.825196843210676,3.2241234038894024,2.384290856772299,0.01722,0.01746,1.3937282229965193,0.13937282229965195,📈 TREND TAKİPLİ ÇIKIŞ,0.03
2026-06-07 15:53:22.202716,BCH/USDT,MSB,NORMAL,71.55539979154857,2.5299765213611605,0.7444728161705128,224.5,222.8,-0.7572383073496608,-0.15144766146993216,⏳ ZAMAN AŞIMI,4.0
2026-06-07 18:55:55.710322,ZEC/USDT,MSB,NORMAL,75.27652713155771,2.5648041640161194,1.9036069912809273,435.12,421.63,-3.1002941717227452,-0.6200588343445491,🛑 STOP LOSS (%-3.0),1.19
2026-06-07 19:55:28.717492,NEAR/USDT,MSB,NORMAL,75.35065419071091,2.6270927360950838,1.4002076477593697,2.031,2.032,0.04923682914819743,0.009847365829639488,🛡️ BAŞA BAŞ KORUMASI,1.49
2026-06-07 21:29:56.143241,ONDO/USDT,MSB,NORMAL,60.94195565007298,2.6547940263453045,1.238539801131754,0.3486,0.3453,-0.9466437177280622,-0.18932874354561244,⏳ ZAMAN AŞIMI,4.0
2026-06-07 22:15:55.003312,LINK/USDT,MSB,NORMAL,79.51936646059406,3.3431584910898726,0.5943380632663569,7.577,7.592,0.19796753332453057,0.03959350666490611,🛡️ BAŞA BAŞ KORUMASI,1.83
2026-06-08 01:22:48.117615,TAO/USDT,MSB,NORMAL,64.75696465010341,3.422398626167487,0.91859541932146,212.9,213.3,0.18788163457022344,0.03757632691404469,🛡️ BAŞA BAŞ KORUMASI,0.25
2026-06-08 02:05:43.054015,PENGU/USDT,MSB,NORMAL,63.44902289494424,2.81662272832184,0.878732285060539,0.006823,0.006835,0.17587571449508807,0.03517514289901761,🛡️ BAŞA BAŞ KORUMASI,0.86
2026-06-08 04:24:50.997722,PENGU/USDT,Engulf,NORMAL,67.20469989362701,2.819856970035719,1.2068834958884596,0.007005,0.00679,-3.069236259814417,-0.6138472519628835,🛑 STOP LOSS (%-3.0),1.3
2026-06-08 05:14:33.705619,SUI/USDT,MSB,NORMAL,69.71559978347078,3.0744793441445086,0.8955871378670198,0.7617,0.7561,-0.7351975843508007,-0.14703951687016015,⏳ ZAMAN AŞIMI,4.0
2026-06-08 05:14:56.498491,ETH/USDT,MSB,NORMAL,78.84483121754295,4.5540552762610105,0.6872779293746654,1685.0,1685.61,0.03620178041542433,0.007240356083084866,⏳ ZAMAN AŞIMI,4.0
2026-06-08 05:19:25.760779,LINK/USDT,MSB,NORMAL,73.76422899610009,4.239312039091092,0.8256534472284598,7.949,7.906,-0.5409485469870443,-0.10818970939740885,⏳ ZAMAN AŞIMI,4.0
2026-06-08 10:40:19.080226,NEAR/USDT,MSB,NORMAL,59.66564147472769,2.567467447166416,1.4869020606120826,2.106,2.161,2.611585944919286,0.2611585944919286,DİNAMİK KISMİ KÂR,1.48
2026-06-08 11:01:55.415301,NEAR/USDT,MSB,NORMAL,59.66564147472769,2.567467447166416,1.4869020606120826,2.106,2.131,1.1870845204178497,0.11870845204178496,📈 TREND TAKİPLİ ÇIKIŞ,1.84
2026-06-08 11:22:29.807036,DASH/USDT,MSB,NORMAL,55.79752116639834,2.5861822772249514,0.9121132310463589,37.03,36.85,-0.4860923575479333,-0.09721847150958667,⏳ ZAMAN AŞIMI,4.0
2026-06-08 13:27:42.716620,ONDO/USDT,MSB,NORMAL,65.22521860271415,2.525511615717245,1.2175243179755193,0.3591,0.3602,0.30632135895295054,0.06126427179059011,⏳ ZAMAN AŞIMI,4.0
2026-06-08 17:13:57.512379,INJ/USDT,MSB,NORMAL,69.02721850415367,2.5115202588172068,1.175544960260047,5.686,5.604,-1.4421385860007008,-0.28842771720014015,⏳ ZAMAN AŞIMI,4.0
2026-06-08 18:41:53.469001,ONDO/USDT,MSB,NORMAL,66.69748581388428,2.5123843863803437,1.2030640337088723,0.3686,0.3677,-0.24416711882798603,-0.0488334237655972,⏳ ZAMAN AŞIMI,4.0
2026-06-08 22:14:23.244158,ADA/USDT,MSB,NORMAL,73.3347694118947,2.563133461079244,0.8397561347992676,0.1711,0.1716,0.29222676797194647,0.0584453535943893,⏳ ZAMAN AŞIMI,4.0
2026-06-09 01:46:49.444847,ONDO/USDT,Engulf,NORMAL,64.32198781981208,2.504193754169221,1.1094880063891142,0.3772,0.3658,-3.022269353128305,-0.604453870625661,🛑 STOP LOSS (%-3.0),3.54
2026-06-09 04:31:36.559620,ALLO/USDT,MSB,NORMAL,62.662078915811314,2.608898905577814,3.7448722892386384,0.4415,0.4606,4.32616081540204,0.432616081540204,DİNAMİK KISMİ KÂR,0.05
2026-06-09 04:32:42.902123,ALLO/USDT,MSB,NORMAL,62.662078915811314,2.608898905577814,3.7448722892386384,0.4415,0.4542,2.8765571913929757,0.2876557191392976,📈 TREND TAKİPLİ ÇIKIŞ,0.07
2026-06-09 10:27:56.528659,TON/USDT,MSB,NORMAL,62.63556486593001,2.8506453059866557,0.8624911406938617,1.749,1.752,0.17152658662092005,0.03430531732418401,🛡️ BAŞA BAŞ KORUMASI,2.8
2026-06-09 11:38:24.416502,SOL/USDT,MSB,BALİNA,62.45572886934049,3.7992345343918306,0.6148236128411596,67.03,66.57,-0.6862598836342054,-0.2745039534536822,⏳ ZAMAN AŞIMI,4.0
2026-06-09 11:38:48.353523,LINK/USDT,MSB,NORMAL,59.06589806018605,3.2147997473185717,0.5819468188239699,7.972,7.91,-0.7777220270948354,-0.15554440541896705,⏳ ZAMAN AŞIMI,4.0
2026-06-09 11:43:47.518457,SUI/USDT,MSB,NORMAL,59.82428972963715,2.766769532419034,0.7922432998655863,0.7574,0.7521,-0.6997623448640047,-0.13995246897280095,⏳ ZAMAN AŞIMI,4.0
2026-06-09 12:06:59.447847,STRAX/USDT,MSB,NORMAL,80.58587380569476,2.511084974078723,1.3187636545304828,0.00884,0.00857,-3.0542986425339493,-0.6108597285067898,🛑 STOP LOSS (%-3.0),0.4
2026-06-09 15:36:13.853175,TAO/USDT,MSB,NORMAL,58.67406389702101,2.568763019730484,0.6993303152490696,215.0,215.9,0.41860465116279333,0.08372093023255867,⏳ ZAMAN AŞIMI,4.0
2026-06-09 16:40:32.037745,LAYER/USDT,MSB,NORMAL,61.69966889639933,2.706203429858752,1.2401127291757403,0.0701,0.0679,-3.138373751783158,-0.6276747503566316,🛑 STOP LOSS (%-3.0),1.43
2026-06-09 17:47:54.466511,TON/USDT,MSB,NORMAL,58.70721952211311,2.609877270211616,0.7926955603246836,1.754,1.701,-3.021664766248571,-0.6043329532497143,🛑 STOP LOSS (%-3.0),2.73
2026-06-13 22:19:02.435978,RIF/USDT,MSB,NORMAL,80.43535582356633,2.5250035044537773,3.679893461590954,0.1168,0.1124,-3.767123287671234,-0.7534246575342467,🛑 STOP LOSS (%-3.0),0.11
2026-06-14 01:55:28.989086,ICP/USDT,MSB,NORMAL,71.28995965877087,2.526947474812996,1.2895646862720913,2.607,2.591,-0.61373225930188,-0.12274645186037601,⏳ ZAMAN AŞIMI,4.0
2026-06-14 08:23:47.836853,ENA/USDT,MSB,NORMAL,58.47685887648257,2.9351150267041057,0.7157812308995583,0.0852,0.0835,-1.9953051643192408,-0.39906103286384814,⏳ ZAMAN AŞIMI,4.0
2026-06-14 08:27:27.873164,FET/USDT,MSB,NORMAL,60.61658901681646,2.514842495172825,0.9078653241071514,0.2103,0.2081,-1.0461245839277127,-0.20922491678554253,⏳ ZAMAN AŞIMI,4.0
2026-06-14 12:15:03.930363,ZEC/USDT,MSB,NORMAL,60.17362540046624,2.517874801465964,0.7466553645306095,426.36,425.96,-0.0938174312787396,-0.01876348625574792,⏳ ZAMAN AŞIMI,4.0
2026-06-14 12:59:17.801219,BABY/USDT,MSB,NORMAL,62.00614638561798,2.9240297148654943,1.3385564400601992,0.01529,0.01503,-1.7004578155657282,-0.3400915631131456,⏳ ZAMAN AŞIMI,4.0
2026-06-14 14:09:23.148761,ICP/USDT,MSB,NORMAL,59.276845727135395,2.503758316571839,0.8819358399217871,2.468,2.472,0.16207455429497583,0.032414910858995165,🛡️ BAŞA BAŞ KORUMASI,3.22
2026-06-14 15:03:17.039023,TAO/USDT,MSB,NORMAL,59.87392003990167,2.502149430986945,1.349773059307835,276.0,267.7,-3.0072463768115987,-0.6014492753623197,🛑 STOP LOSS (%-3.0),1.31
2026-06-14 15:20:57.039395,XPL/USDT,MSB,NORMAL,64.33535593189404,2.796658188491925,1.3732425417962444,0.0909,0.0887,-2.4202420242024134,-0.48404840484048267,⏳ ZAMAN AŞIMI,4.0
2026-06-14 17:57:36.361032,TON/USDT,MSB,NORMAL,62.81941760350557,2.700694175682014,0.6075305259197756,1.736,1.727,-0.5184331797234963,-0.10368663594469926,⏳ ZAMAN AŞIMI,4.0
2026-06-14 20:36:29.117731,ZEC/USDT,MSB,BALİNA,55.282638162945055,6.02463120289552,0.714761991996478,425.56,424.94,-0.1456903844346284,-0.058276153773851355,⏳ ZAMAN AŞIMI,4.0
2026-06-14 21:51:02.813426,BABY/USDT,MSB,NORMAL,56.402445913488066,2.5051736043679766,1.3540529616742378,0.0153,0.01604,4.836601307189539,0.48366013071895386,DİNAMİK KISMİ KÂR,0.9
2026-06-15 13:38:00.388858,MEGA/USDT,MSB,NORMAL,59.50976162212545,3.298262703528521,1.941651835953368,0.06401,0.0656,2.483986877050474,0.24839868770504736,📈 TREND TAKİPLİ ÇIKIŞ,0.46
2026-06-15 14:30:23.981666,SOL/USDT,MSB,NORMAL,75.63752545602001,5.6827584116552785,0.4086796240657041,68.98,72.69,5.378370542186132,0.5378370542186132,🚀 MOON BAG (%50 VURKAÇ),1.33
2026-06-15 14:30:25.277453,XRP/USDT,MSB,NORMAL,76.60456989538393,5.972064846057448,0.33115108768457086,1.1541,1.2239,6.048002772723342,0.6048002772723342,🚀 MOON BAG (%50 VURKAÇ),1.33
2026-06-15 14:44:58.643772,XPL/USDT,MSB,NORMAL,65.46035489605792,2.6605992723453986,1.2813245150139077,0.0901,0.0934,3.662597114317422,0.36625971143174224,DİNAMİK KISMİ KÂR,1.57
2026-06-15 15:16:01.490491,XPL/USDT,MSB,NORMAL,65.46035489605792,2.6605992723453986,1.2813245150139077,0.0901,0.092,2.108768035516092,0.2108768035516092,📈 TREND TAKİPLİ ÇIKIŞ,2.09
2026-06-15 15:27:40.129435,NEAR/USDT,MSB,NORMAL,75.56854468493442,3.5076739287012737,0.7896897437182112,2.167,2.458,13.428703276419029,1.3428703276419032,DİNAMİK KISMİ KÂR,2.28
2026-06-15 15:48:13.691614,ETH/USDT,MSB,NORMAL,78.05978903545837,5.432356706677333,0.279318074582619,1690.82,1776.04,5.040158029831681,0.5040158029831681,🚀 MOON BAG (%50 VURKAÇ),2.63
2026-06-15 16:23:41.610493,XLM/USDT,MSB,NORMAL,83.86552787039885,2.6338662464977864,0.9150568863585014,0.1996,0.2056,3.0060120240480988,0.3006012024048099,DİNAMİK KISMİ KÂR,1.44
2026-06-15 18:03:30.499518,BABY/USDT,MSB,NORMAL,56.402445913488066,2.5051736043679766,1.3540529616742378,0.0153,0.01785,16.66666666666668,1.666666666666668,📈 TREND TAKİPLİ ÇIKIŞ,21.1
2026-06-15 18:21:24.944871,JTO/USDT,MSB,NORMAL,90.62504961834463,2.587787099885441,2.297373215303489,0.7483,0.7709,3.0201790725644884,0.30201790725644884,DİNAMİK KISMİ KÂR,0.62
2026-06-15 18:25:15.853249,ZEC/USDT,MSB,NORMAL,83.61778995427564,3.6573759199915785,1.4490165339450678,535.11,528.21,-1.2894545046812762,-0.2578909009362552,⏳ ZAMAN AŞIMI,4.0
2026-06-15 18:28:26.452040,JTO/USDT,MSB,NORMAL,90.62504961834463,2.587787099885441,2.297373215303489,0.7483,0.7601,1.5769076573566794,0.15769076573566795,📈 TREND TAKİPLİ ÇIKIŞ,0.73
2026-06-15 18:30:26.624994,MEGA/USDT,MSB,NORMAL,62.95150687555231,3.1350033782244062,2.0923109326440548,0.06796,0.06808,0.17657445556208815,0.03531489111241763,🛡️ BAŞA BAŞ KORUMASI,0.34
2026-06-15 18:47:34.514683,CHIP/USDT,MSB,NORMAL,55.297857132159734,2.5809841417694033,2.194574185828508,0.04137,0.04009,-3.094029489968568,-0.6188058979937135,🛑 STOP LOSS (%-3.0),0.82
2026-06-15 22:06:15.064828,XLM/USDT,MSB,NORMAL,83.86552787039885,2.6338662464977864,0.9150568863585014,0.1996,0.2222,11.322645290581166,1.1322645290581168,📈 TREND TAKİPLİ ÇIKIŞ,7.15
2026-06-16 00:33:51.576749,NEAR/USDT,MSB,NORMAL,75.56854468493442,3.5076739287012737,0.7896897437182112,2.167,2.434,12.321181356714368,1.232118135671437,📈 TREND TAKİPLİ ÇIKIŞ,11.39
2026-06-16 01:24:58.974350,ETH/USDT,MSB,NORMAL,78.05978903545837,5.432356706677333,0.279318074582619,1690.82,1798.6,6.374421878141965,0.6374421878141965,📈 TREND TAKİPLİ ÇIKIŞ,12.24
2026-06-16 02:36:44.696350,XRP/USDT,MSB,NORMAL,76.60456989538393,5.972064846057448,0.33115108768457086,1.1541,1.2352,7.027120700112658,0.7027120700112657,📈 TREND TAKİPLİ ÇIKIŞ,13.44
2026-06-16 03:39:53.955971,SPCXB/USDT,MSB,NORMAL,73.52946168402663,4.646422139810043,1.2491886582819494,204.93,205.26,0.16103059581319676,0.032206119162639345,🛡️ BAŞA BAŞ KORUMASI,0.27
2026-06-16 04:26:16.927579,UNI/USDT,MSB,NORMAL,84.6801950434275,2.562538535240661,1.2244114681239848,3.01,2.918,-3.056478405315603,-0.6112956810631206,🛑 STOP LOSS (%-3.0),0.27
2026-06-16 04:42:05.330219,BABY/USDT,MSB,NORMAL,64.7481203030457,2.543871374457096,1.6773428852498704,0.01953,0.01894,-3.02099334357399,-0.6041986687147981,🛑 STOP LOSS (%-3.0),1.7
2026-06-16 08:36:11.133516,ALLO/USDT,MSB,NORMAL,69.84658243993825,2.5807157905665217,2.022659088714551,0.3948,0.3828,-3.039513677811553,-0.6079027355623106,🛑 STOP LOSS (%-3.0),0.16
2026-06-16 11:20:03.591986,XPL/USDT,MSB,NORMAL,74.90815696762864,2.586458788537382,1.2733161962827593,0.0957,0.0958,0.10449320794148681,0.02089864158829736,🛡️ BAŞA BAŞ KORUMASI,0.36
2026-06-16 13:45:39.387522,ALLO/USDT,MSB,NORMAL,70.29446136621397,2.62070876792549,1.9012312590491267,0.4055,0.3929,-3.1072749691738593,-0.6214549938347719,🛑 STOP LOSS (%-3.0),0.54
2026-06-16 13:58:21.057459,INJ/USDT,MSB,NORMAL,65.06771880204961,3.2268815375721873,1.171615114624993,5.792,6.015,3.8501381215469586,0.3850138121546959,DİNAMİK KISMİ KÂR,3.84
2026-06-16 15:03:23.585836,JTO/USDT,MSB,NORMAL,68.43145167341956,2.565667493304955,2.6875665022499144,0.8261,0.8276,0.18157608037768513,0.036315216075537025,🛡️ BAŞA BAŞ KORUMASI,0.87
2026-06-16 15:37:07.356520,INJ/USDT,MSB,NORMAL,65.06771880204961,3.2268815375721873,1.171615114624993,5.792,5.93,2.3825966850828713,0.23825966850828711,📈 TREND TAKİPLİ ÇIKIŞ,5.49
2026-06-16 16:08:38.673199,XLM/USDT,MSB,NORMAL,73.55423531715344,3.1235903028589034,1.176825570767426,0.2256,0.226,0.17730496453901218,0.035460992907802434,🛡️ BAŞA BAŞ KORUMASI,3.9
2026-06-16 17:05:57.378287,SPCXB/USDT,MSB,NORMAL,65.55610329036831,2.5628060279971057,1.994467853622951,219.3,219.52,0.1003191974464199,0.02006383948928398,🛡️ BAŞA BAŞ KORUMASI,0.16
2026-06-16 17:23:51.715910,ETH/USDT,MSB,NORMAL,76.65891069670398,2.545387402542104,0.47959425129615074,1827.91,1773.06,-3.0006947825658883,-0.6001389565131777,🛑 STOP LOSS (%-3.0),1.76
2026-06-16 17:32:09.404428,SOL/USDT,MSB,NORMAL,75.63752545602001,5.6827584116552785,0.4086796240657041,68.98,72.61,5.262394897071608,0.5262394897071608,📈 TREND TAKİPLİ ÇIKIŞ,28.36
2026-06-17 02:09:36.441800,ENA/USDT,MSB,NORMAL,65.99604380717004,3.0636285035085393,1.0782762373676198,0.088,0.0868,-1.3636363636363553,-0.2727272727272711,⏳ ZAMAN AŞIMI,4.0
2026-06-17 08:55:56.126120,OPG/USDT,MSB,NORMAL,65.1074444884849,3.8607955186004057,1.2821181116451448,0.165,0.16,-3.030303030303033,-0.6060606060606065,🛑 STOP LOSS (%-3.0),0.36
2026-06-17 09:11:03.279177,STG/USDT,MSB,NORMAL,62.91028990957405,2.6062387279280417,2.2991855955186673,0.266,0.2573,-3.2706766917293386,-0.6541353383458677,🛑 STOP LOSS (%-3.0),0.71
2026-06-17 11:45:10.237608,BTC/USDT,MSB,NORMAL,78.13569113287207,6.602302126152096,0.24882804697754948,64781.0,64907.32,0.19499544619564335,0.03899908923912867,🛡️ BAŞA BAŞ KORUMASI,1.0
2026-06-20 03:55:20.076744,SYN/USDT,MSB,NORMAL,65.02007313563387,3.27826856737987,3.7639242090882563,0.1484,0.1433,-3.436657681940696,-0.6873315363881393,🛑 STOP LOSS (%-3.0),0.15
2026-06-20 12:10:27.227358,ETH/USDT,MSB,NORMAL,75.58401109444627,5.359730900998797,0.27960458763671003,1725.04,1725.43,0.02260817140472685,0.00452163428094537,⏳ ZAMAN AŞIMI,4.0
2026-06-20 12:11:09.831586,ADA/USDT,MSB,NORMAL,74.41868481066695,3.5316001483837667,0.4221714724390672,0.1646,0.1631,-0.9113001215066837,-0.18226002430133673,⏳ ZAMAN AŞIMI,4.0
2026-06-20 13:12:45.982180,SYN/USDT,MSB,NORMAL,68.36022659178586,2.6712091985212334,3.3170363950507937,0.152,0.1646,8.289473684210527,0.8289473684210528,DİNAMİK KISMİ KÂR,0.23
2026-06-20 13:25:34.258416,SYN/USDT,MSB,NORMAL,68.36022659178586,2.6712091985212334,3.3170363950507937,0.152,0.1795,18.092105263157894,1.8092105263157894,📈 TREND TAKİPLİ ÇIKIŞ,0.44
2026-06-20 14:26:20.031549,AVAX/USDT,MSB,NORMAL,74.94015466720789,3.2138667081813677,1.1034255179562862,6.238,6.172,-1.0580314203270393,-0.2116062840654079,⏳ ZAMAN AŞIMI,4.0
2026-06-20 15:06:59.570106,ASTER/USDT,MSB,NORMAL,80.36661900574177,2.7858465158022785,0.8490960934885775,0.653,0.645,-1.225114854517612,-0.24502297090352243,⏳ ZAMAN AŞIMI,4.0
2026-06-20 19:00:26.424487,ZEC/USDT,Engulf,NORMAL,55.59633421531094,2.5545108751022108,0.8657509660600258,473.04,473.92,0.18603077963808462,0.03720615592761692,🛡️ BAŞA BAŞ KORUMASI,1.1
2026-06-21 01:51:13.093466,AXS/USDT,MSB,NORMAL,65.34427419724072,2.5041094577720626,1.8597925514773295,1.212,1.174,-3.135313531353138,-0.6270627062706277,🛑 STOP LOSS (%-3.0),0.39
2026-06-21 02:56:19.566211,SOL/USDT,MSB,NORMAL,77.48870882252231,2.5007904034072914,0.3575070172141521,70.83,73.21,3.3601581250882333,0.3360158125088233,DİNAMİK KISMİ KÂR,3.21
2026-06-21 08:46:04.949715,SYN/USDT,MSB,NORMAL,56.033803228879634,2.585586818677712,3.026882205479876,0.1391,0.1348,-3.0913012221423424,-0.6182602444284684,🛑 STOP LOSS (%-3.0),0.07
2026-06-21 10:58:00.696972,TAO/USDT,MSB,NORMAL,79.36466476006191,2.632491469008185,0.671333134905603,238.4,236.0,-1.0067114093959755,-0.20134228187919512,⏳ ZAMAN AŞIMI,4.0
2026-06-21 13:57:45.406186,ENA/USDT,MSB,NORMAL,63.461712875448,2.5754732522245525,0.965744545361573,0.0918,0.0919,0.10893246187362635,0.021786492374725266,🛡️ BAŞA BAŞ KORUMASI,1.96
2026-06-21 15:21:23.446077,NEAR/USDT,MSB,BALİNA,63.924176331961164,3.6505029480930355,0.8861400718732864,2.251,2.205,-2.0435362061306006,-0.8174144824522404,🛑 STOP LOSS (%-2.0),3.61
2026-06-21 17:06:04.112299,RESOLV/USDT,MSB,NORMAL,73.16852999337065,2.660666932270753,2.635439371714606,0.0197,0.0202,2.53807106598985,0.253807106598985,DİNAMİK KISMİ KÂR,0.05
2026-06-21 17:45:03.592900,RESOLV/USDT,MSB,NORMAL,73.16852999337065,2.660666932270753,2.635439371714606,0.0197,0.0219,11.167512690355332,1.1167512690355332,📈 TREND TAKİPLİ ÇIKIŞ,0.7
2026-06-22 00:11:02.435482,SOL/USDT,MSB,NORMAL,77.48870882252231,2.5007904034072914,0.3575070172141521,70.83,72.5,2.3577580121417503,0.23577580121417502,📈 TREND TAKİPLİ ÇIKIŞ,24.46
2026-06-22 02:46:42.243579,TRUMP/USDT,MSB,NORMAL,65.01177579636482,2.9478546762272613,0.8423676875596278,1.922,1.88,-2.1852237252861624,-0.43704474505723245,⏳ ZAMAN AŞIMI,4.0
2026-06-22 04:59:35.105333,SYN/USDT,MSB,NORMAL,82.63899001992701,2.5749640158817213,3.880427687174305,0.2103,0.2107,0.19020446980504588,0.038040893961009174,🛡️ BAŞA BAŞ KORUMASI,0.35
2026-06-22 05:30:45.879522,EIGEN/USDT,MSB,NORMAL,75.18626391854527,2.7275908557448667,1.6795134575335127,0.298,0.3072,3.0872483221476466,0.30872483221476466,DİNAMİK KISMİ KÂR,0.84
2026-06-22 05:43:39.726797,EIGEN/USDT,MSB,NORMAL,75.18626391854527,2.7275908557448667,1.6795134575335127,0.298,0.3023,1.4429530201342369,0.1442953020134237,📈 TREND TAKİPLİ ÇIKIŞ,1.05
2026-06-22 08:03:27.317741,RESOLV/USDT,MSB,NORMAL,62.87935771412049,2.688541422339805,3.1448416504423657,0.023,0.023,0.0,0.0,🛡️ BAŞA BAŞ KORUMASI,0.39
2026-06-22 08:06:14.727405,ID/USDT,MSB,NORMAL,66.05160926226294,2.53209791685717,3.864147394498364,0.0368,0.0377,2.445652173913038,0.24456521739130382,DİNAMİK KISMİ KÂR,0.11
2026-06-22 08:07:20.660046,ID/USDT,MSB,NORMAL,66.05160926226294,2.53209791685717,3.864147394498364,0.0368,0.0371,0.8152173913043523,0.08152173913043524,📈 TREND TAKİPLİ ÇIKIŞ,0.13
2026-06-22 11:34:08.530420,SAGA/USDT,MSB,NORMAL,63.48047532580611,2.797470818699801,1.537310132149651,0.0157,0.01571,0.06369426751592097,0.012738853503184195,🛡️ BAŞA BAŞ KORUMASI,0.5
2026-06-22 12:09:16.976886,ENA/USDT,MSB,NORMAL,71.54771599403159,2.6281717846918684,0.9711824526949516,0.0926,0.0957,3.347732181425477,0.3347732181425477,DİNAMİK KISMİ KÂR,3.7
2026-06-22 12:56:28.508365,ENA/USDT,MSB,NORMAL,71.54771599403159,2.6281717846918684,0.9711824526949516,0.0926,0.0942,1.72786177105832,0.172786177105832,📈 TREND TAKİPLİ ÇIKIŞ,4.48
2026-06-22 15:36:07.813105,RESOLV/USDT,MSB,NORMAL,70.71748010029643,2.5671645385216544,3.5751675698613385,0.0243,0.0234,-3.7037037037036957,-0.7407407407407391,🛑 STOP LOSS (%-3.0),0.23
2026-06-22 18:49:21.347258,SUI/USDT,MSB,NORMAL,73.8791306939787,3.2512876475787795,0.46840856763162364,0.722,0.7232,0.16620498614958157,0.033240997229916316,🛡️ BAŞA BAŞ KORUMASI,0.66
2026-06-22 18:53:10.764216,ETH/USDT,MSB,NORMAL,75.23560116008227,2.620108386432204,0.3626411482524189,1767.73,1745.93,-1.2332200053175515,-0.2466440010635103,⏳ ZAMAN AŞIMI,4.0
2026-06-22 19:41:35.039006,ALLO/USDT,MSB,NORMAL,66.89323584865716,2.5568390554274476,1.6703554184044855,0.4494,0.4612,2.625723186470845,0.26257231864708447,DİNAMİK KISMİ KÂR,1.55
2026-06-22 19:45:28.639462,ALLO/USDT,MSB,NORMAL,66.89323584865716,2.5568390554274476,1.6703554184044855,0.4494,0.4545,1.1348464619492642,0.11348464619492642,📈 TREND TAKİPLİ ÇIKIŞ,1.62
2026-06-22 22:35:21.671950,ID/USDT,MSB,NORMAL,65.43154708740373,2.8003532799821893,2.0434350716619267,0.0392,0.038,-3.0612244897959178,-0.6122448979591836,🛑 STOP LOSS (%-3.0),0.1
2026-06-23 04:04:16.126212,RESOLV/USDT,MSB,NORMAL,74.0424034848319,3.3271012194390903,2.202864483746697,0.0241,0.0233,-3.319502074688791,-0.6639004149377582,🛑 STOP LOSS (%-3.0),0.05
2026-06-27 08:08:06.944146,JTO/USDT,Engulf,NORMAL,58.432709395147405,2.503215448851751,1.656642430385578,0.8386,0.8078,-3.672787979966617,-0.7345575959933234,🛑 STOP LOSS (%-3.0),0.47
2026-06-27 17:46:59.441937,AGLD/USDT,MSB,NORMAL,64.40867387671595,2.543942440977522,3.621347922134678,0.2241,0.217,-3.1682284694332865,-0.6336456938866573,🛑 STOP LOSS (%-3.0),0.04
2026-06-27 19:26:05.711177,AAVE/USDT,MSB,NORMAL,64.96422918704975,3.3338592886987026,1.0164424564254728,98.19,95.22,-3.0247479376718593,-0.6049495875343719,🛑 STOP LOSS (%-3.0),2.46
2026-06-27 22:25:12.203562,NEAR/USDT,MSB,NORMAL,74.60567752326783,2.6735059836756956,0.6150435081750597,1.863,1.865,0.10735373054213643,0.021470746108427287,🛡️ BAŞA BAŞ KORUMASI,1.19
2026-06-28 15:02:37.765952,SYN/USDT,MSB,NORMAL,87.26686441646915,2.726104387540159,3.945392984184347,0.47349,0.44561,-5.888191936471735,-1.177638387294347,🛡️ BAŞA BAŞ KORUMASI,0.07
2026-06-28 15:40:39.253294,LTC/USDT,MSB,NORMAL,74.14383405134588,3.535436070248428,0.36735879260315407,42.96,43.17,0.4888268156424601,0.09776536312849202,⏳ ZAMAN AŞIMI,4.0
2026-06-28 15:41:28.747185,S/USDT,MSB,NORMAL,64.89437249823283,2.5653837519750704,2.999532702399802,0.02616,0.02532,-3.2110091743119282,-0.6422018348623857,🛑 STOP LOSS (%-3.0),0.69
2026-06-28 15:43:10.508049,SOL/USDT,MSB,NORMAL,73.33005122747998,3.5503861305534703,0.4155372899752304,71.97,71.78,-0.26399888842572977,-0.05279977768514595,⏳ ZAMAN AŞIMI,4.0
2026-06-29 15:16:34.295892,RE/USDT,MSB,NORMAL,85.86558098253803,2.717310676320223,2.8029308934023596,0.7754,0.775,-0.05158627805003301,-0.010317255610006602,🛡️ BAŞA BAŞ KORUMASI,0.29
2026-06-29 16:02:41.925694,ENA/USDT,MSB,NORMAL,73.55175259165864,4.134756616122319,1.2919085691255838,0.0832,0.083,-0.2403846153846056,-0.048076923076921116,🛡️ BAŞA BAŞ KORUMASI,0.03
2026-06-29 23:46:58.824331,PUMP/USDT,MSB,NORMAL,71.82130386812965,2.5648288910101527,1.5096043579364784,0.001525,0.001473,-3.409836065573782,-0.6819672131147564,🛑 STOP LOSS (%-3.0),2.84
2026-06-30 00:26:01.141053,SOL/USDT,MSB,NORMAL,65.35204498601172,2.561934546334273,1.0961116647140636,75.58,75.47,-0.14554114845197066,-0.029108229690394137,⏳ ZAMAN AŞIMI,4.0
2026-07-01 21:12:57.053313,ADA/USDT,MSB,NORMAL,77.41925697407768,2.6387445797337405,0.8350173431331298,0.1566,0.1543,-1.4687100893997425,-0.29374201787994847,⏳ ZAMAN AŞIMI,4.0
2026-07-01 21:26:28.384451,ZEC/USDT,MSB,NORMAL,77.4929732540656,2.524767435580561,0.8686145756451744,414.31,411.26,-0.7361637421254644,-0.14723274842509287,⏳ ZAMAN AŞIMI,4.0
2026-07-01 22:02:46.558382,NEAR/USDT,MSB,NORMAL,74.75663880803258,3.3447810747997018,0.919795365546195,1.861,1.846,-0.8060182697474425,-0.1612036539494885,⏳ ZAMAN AŞIMI,4.0
2026-07-02 03:18:26.700049,ZEC/USDT,MSB,NORMAL,78.16166646965792,2.6915705219326593,0.7176705723107883,423.54,412.95,-2.500354157812729,-0.5000708315625457,🛑 STOP LOSS (%-2.5),2.12
2026-07-02 05:23:03.761360,SUI/USDT,MSB,NORMAL,74.23830777917367,3.008061210079563,0.5332201561636624,0.7279,0.722,-0.8105508998488825,-0.1621101799697765,⏳ ZAMAN AŞIMI,4.0
2026-07-02 06:46:30.723061,ENA/USDT,MSB,NORMAL,76.50837479280385,2.5867427353411223,0.9922592192099733,0.076,0.0761,0.13157894736842482,0.02631578947368497,🛡️ BAŞA BAŞ KORUMASI,1.08
2026-07-02 12:11:29.866403,NOM/USDT,MSB,NORMAL,62.84681740138219,3.201952523884024,2.893537370715894,0.00179,0.00171,-4.4692737430167595,-0.893854748603352,🛑 STOP LOSS (%-4.3),0.06
2026-07-02 13:34:23.437521,NOM/USDT,MSB,NORMAL,73.98941611656942,2.725717645703088,3.9323093223611787,0.00201,0.00189,-5.970149253731348,-1.1940298507462697,🛑 STOP LOSS (%-5.5),0.14
2026-07-02 13:37:23.417171,SYN/USDT,MSB,NORMAL,68.10832250914667,2.692538809028566,3.5475836947643273,0.5871,0.6069,3.372508942258566,0.33725089422585663,DİNAMİK KISMİ KÂR,0.44
2026-07-02 13:40:21.217245,SYN/USDT,MSB,NORMAL,68.10832250914667,2.692538809028566,3.5475836947643273,0.5871,0.5981,1.8736160790325345,0.18736160790325349,📈 TREND TAKİPLİ ÇIKIŞ,0.49
2026-07-02 15:31:27.381826,SOL/USDT,MSB,NORMAL,75.85670019748925,2.566495671569741,0.49760999467938105,79.56,81.56,2.513826043237808,0.2513826043237808,DİNAMİK KISMİ KÂR,2.9
2026-07-02 17:52:32.756364,SOL/USDT,MSB,NORMAL,75.85670019748925,2.566495671569741,0.49760999467938105,79.56,80.37,1.018099547511315,0.10180995475113151,📈 TREND TAKİPLİ ÇIKIŞ,5.26
2026-07-02 18:05:31.057141,TAO/USDT,MSB,NORMAL,78.4876011509933,2.5637466528996775,0.8906883823699369,218.2,212.7,-2.5206232813932172,-0.5041246562786434,🛑 STOP LOSS (%-2.5),1.35
2026-07-02 19:28:13.573014,PEPE/USDT,MSB,NORMAL,73.89391185159232,2.6873638603545036,0.9935808365338238,2.48e-06,2.41e-06,-2.8225806451612976,-0.5645161290322595,🛑 STOP LOSS (%-2.5),2.85
2026-07-02 20:43:10.938407,LINK/USDT,MSB,NORMAL,91.87096122717558,2.6756850547019093,0.5854686211024757,7.865,7.766,-1.2587412587412612,-0.2517482517482522,⏳ ZAMAN AŞIMI,4.0
2026-07-03 03:08:46.879650,BREV/USDT,MSB,NORMAL,67.00855136634046,3.6703303701618455,2.751549533040872,0.0994,0.0994,0.0,0.0,🛡️ BAŞA BAŞ KORUMASI,0.04
2026-07-03 05:28:01.614556,RE/USDT,MSB,NORMAL,58.644488472154414,2.564703193202753,1.8450606334433401,0.7133,0.6933,-2.803869339688773,-0.5607738679377545,🛑 STOP LOSS (%-2.8),0.49
2026-07-03 11:13:16.414786,THE/USDT,MSB,BALİNA,62.7323051154114,3.6400580862249257,3.65040123077359,0.065,0.0684,5.230769230769231,1.0461538461538462,🚀 MOON BAG (%50 VURKAÇ),0.02
2026-07-03 11:14:37.936675,THE/USDT,MSB,BALİNA,62.7323051154114,3.6400580862249257,3.65040123077359,0.065,0.0674,3.692307692307691,0.7384615384615383,📈 TREND TAKİPLİ ÇIKIŞ,0.04
2026-07-03 16:33:16.825131,XPL/USDT,MSB,NORMAL,77.21489085824483,3.549752841202834,1.2603473086222081,0.10528,0.10882,3.362462006079029,0.3362462006079029,DİNAMİK KISMİ KÂR,1.41
2026-07-03 17:44:41.050147,ZEC/USDT,MSB,NORMAL,80.61251435074719,2.6371171398399142,0.9531597566800833,460.6,458.74,-0.4038211029092517,-0.08076422058185036,⏳ ZAMAN AŞIMI,4.0
2026-07-03 18:13:32.008556,ALLO/USDT,MSB,NORMAL,67.25335586770194,2.5611699352935986,2.5718517756855386,0.3789,0.3638,-3.985220374769069,-0.7970440749538138,🛑 STOP LOSS (%-3.9),2.01
2026-07-03 18:14:48.032435,XPL/USDT,MSB,NORMAL,77.21489085824483,3.549752841202834,1.2603473086222081,0.10528,0.10993,4.416793313069911,0.441679331306991,📈 TREND TAKİPLİ ÇIKIŞ,3.1
2026-07-03 21:06:26.141740,AAVE/USDT,MSB,NORMAL,80.28615926255792,3.433208123511087,0.7683282223202704,90.29,88.03,-2.503045741499618,-0.5006091482999235,🛑 STOP LOSS (%-2.5),3.64
2026-07-03 22:32:08.771815,TLM/USDT,MSB,NORMAL,79.29569856458959,2.589323130328153,3.733104547835262,0.002135,0.002415,13.114754098360649,1.3114754098360648,DİNAMİK KISMİ KÂR,0.06
2026-07-03 22:37:39.236747,TLM/USDT,MSB,NORMAL,79.29569856458959,2.589323130328153,3.733104547835262,0.002135,0.002484,16.34660421545667,1.6346604215456668,📈 TREND TAKİPLİ ÇIKIŞ,0.15
2026-07-04 00:47:44.187283,PEPE/USDT,MSB,NORMAL,76.57689973123404,3.6252943177355874,1.0574568205094348,2.67e-06,2.81e-06,5.243445692883909,0.5243445692883909,🚀 MOON BAG (%50 VURKAÇ),1.38
2026-07-04 01:20:33.343051,PEPE/USDT,MSB,NORMAL,76.57689973123404,3.6252943177355874,1.0574568205094348,2.67e-06,2.74e-06,2.6217228464419544,0.26217228464419545,📈 TREND TAKİPLİ ÇIKIŞ,1.92
2026-07-04 02:25:20.270835,SUI/USDT,MSB,NORMAL,76.38593342296896,2.501564768994418,0.5504558148057416,0.7703,0.7687,-0.2077112813189582,-0.041542256263791634,⏳ ZAMAN AŞIMI,4.0
2026-07-04 05:35:49.783828,HMSTR/USDT,Engulf,NORMAL,66.40767995160147,2.8012207912279083,3.6279813638268212,0.0002727,0.0002844,4.290429042904275,0.4290429042904275,DİNAMİK KISMİ KÂR,0.18
2026-07-04 05:48:47.057497,HMSTR/USDT,Engulf,NORMAL,66.40767995160147,2.8012207912279083,3.6279813638268212,0.0002727,0.0002904,6.490649064906489,0.6490649064906489,📈 TREND TAKİPLİ ÇIKIŞ,0.4
2026-07-04 08:29:03.316171,ARPA/USDT,MSB,NORMAL,64.95495785073089,2.5797343237584434,2.494001970935681,0.01095,0.01053,-3.835616438356167,-0.7671232876712333,🛑 STOP LOSS (%-3.7),0.05
2026-07-04 10:18:33.949984,ARPA/USDT,MSB,NORMAL,72.14456622497525,2.5789900009415234,2.6564459487970153,0.01139,0.01093,-4.0386303775241466,-0.8077260755048293,🛑 STOP LOSS (%-4.0),0.69
2026-07-04 18:45:07.436054,ADA/USDT,MSB,NORMAL,76.98868743553643,2.5746909309134822,0.6163170460652777,0.1817,0.1908,5.008255365987891,0.500825536598789,🚀 MOON BAG (%50 VURKAÇ),1.54
2026-07-04 19:13:38.006703,XPL/USDT,MSB,NORMAL,71.27430713403564,2.5667471422093318,1.4188941686041223,0.11444,0.11152,-2.5515554002097223,-0.5103110800419444,🛑 STOP LOSS (%-2.5),2.02
2026-07-04 19:41:28.105751,ADA/USDT,MSB,NORMAL,76.98868743553643,2.5746909309134822,0.6163170460652777,0.1817,0.1931,6.274078150798015,0.6274078150798015,📈 TREND TAKİPLİ ÇIKIŞ,2.48
2026-07-04 22:10:33.709877,SUI/USDT,MSB,NORMAL,76.2019553769076,3.002645569191188,0.45847515556727236,0.7719,0.7745,0.33683119575073656,0.06736623915014732,⏳ ZAMAN AŞIMI,4.0
2026-07-05 02:14:41.017704,ETH/USDT,MSB,NORMAL,59.294330666302116,2.5517897824725666,0.3961088628723376,1713.99,1775.13,3.567115327393981,0.3567115327393981,DİNAMİK KISMİ KÂR,1.53
2026-07-05 08:07:07.729898,OGN/USDT,MSB,NORMAL,64.94008647423865,2.5742440234123456,2.7166590563503767,0.01989,0.01984,-0.25138260432378795,-0.0502765208647576,🛡️ BAŞA BAŞ KORUMASI,0.15
2026-07-05 09:49:37.237780,TLM/USDT,MSB,NORMAL,72.01298396259077,3.798723789376572,3.46057959003213,0.002749,0.002751,0.07275372862858609,0.014550745725717218,🛡️ BAŞA BAŞ KORUMASI,0.08
2026-07-05 12:34:11.247036,AIGENSYN/USDT,MSB,NORMAL,66.06786075379712,2.5783095168849273,1.8019787502598503,0.02966,0.03168,6.810519217801756,0.6810519217801757,DİNAMİK KISMİ KÂR,0.34
2026-07-05 12:34:25.673168,AIGENSYN/USDT,MSB,NORMAL,66.06786075379712,2.5783095168849273,1.8019787502598503,0.02966,0.03124,5.327039784221179,0.5327039784221179,📈 TREND TAKİPLİ ÇIKIŞ,0.35
2026-07-05 12:39:50.678901,ETH/USDT,MSB,NORMAL,59.294330666302116,2.5517897824725666,0.3961088628723376,1713.99,1754.85,2.3839112246862526,0.23839112246862523,📈 TREND TAKİPLİ ÇIKIŞ,11.95
2026-07-05 18:05:46.479059,TLM/USDT,MSB,NORMAL,67.26569892180136,2.653120369193466,3.78281805694363,0.003003,0.003086,2.7639027639027693,0.27639027639027697,DİNAMİK KISMİ KÂR,0.18
2026-07-05 18:21:06.759148,TLM/USDT,MSB,NORMAL,67.26569892180136,2.653120369193466,3.78281805694363,0.003003,0.003361,11.921411921411915,1.1921411921411915,📈 TREND TAKİPLİ ÇIKIŞ,0.43
2026-07-05 18:32:20.772938,SYN/USDT,MSB,NORMAL,64.4262212974193,2.55149977392081,3.322186410640487,0.42248,0.43833,3.751656883166061,0.3751656883166061,DİNAMİK KISMİ KÂR,0.55
2026-07-05 18:35:44.345866,SYN/USDT,MSB,NORMAL,64.4262212974193,2.55149977392081,3.322186410640487,0.42248,0.43038,1.8699110017042138,0.18699110017042136,📈 TREND TAKİPLİ ÇIKIŞ,0.61
2026-07-05 18:48:09.929855,HMSTR/USDT,MSB,NORMAL,63.969787828360445,2.5638069821833125,2.7243404329582432,0.0003576,0.0003429,-4.110738255033565,-0.8221476510067132,🛑 STOP LOSS (%-4.1),0.43
2026-07-06 00:04:23.894508,VANRY/USDT,MSB,NORMAL,65.98032623905775,2.6790892061049,3.527000051786188,0.005947,0.005624,-5.431309904153361,-1.0862619808306722,🛑 STOP LOSS (%-5.3),0.17
2026-07-06 00:23:03.576055,DOGE/USDT,MSB,NORMAL,75.15255593898318,2.6158521765402023,0.3874121773085697,0.07776,0.07749,-0.34722222222221255,-0.06944444444444252,⏳ ZAMAN AŞIMI,4.0
2026-07-06 03:26:00.158789,PEPE/USDT,MSB,NORMAL,74.4990779116376,3.1044086249999605,0.882130796477205,2.79e-06,2.72e-06,-2.508960573476709,-0.5017921146953418,🛑 STOP LOSS (%-2.5),0.95
2026-07-06 04:28:09.796805,NEAR/USDT,MSB,NORMAL,73.79360713635573,2.5104671006061636,0.5718136495108243,2.03,2.014,-0.7881773399014786,-0.1576354679802957,⏳ ZAMAN AŞIMI,4.0
2026-07-06 04:52:42.071297,SYN/USDT,MSB,NORMAL,67.04151237804167,2.7202845490968564,2.561727570628015,0.41832,0.42811,2.34031363549435,0.234031363549435,DİNAMİK KISMİ KÂR,0.04
2026-07-06 05:05:59.385370,SYN/USDT,MSB,NORMAL,67.04151237804167,2.7202845490968564,2.561727570628015,0.41832,0.44055,5.31411359724612,0.531411359724612,📈 TREND TAKİPLİ ÇIKIŞ,0.26
2026-07-06 05:21:05.584819,BTC/USDT,MSB,NORMAL,82.44022819359778,4.252076890544069,0.23627259183183635,63548.01,63551.17,0.004972618340049069,0.000994523668009814,⏳ ZAMAN AŞIMI,4.0
2026-07-06 05:23:13.231169,ETH/USDT,MSB,NORMAL,75.04974555621149,2.513361713041215,0.34134266955151427,1798.38,1789.7,-0.48265661317408237,-0.09653132263481648,⏳ ZAMAN AŞIMI,4.0
2026-07-06 05:28:49.200150,DOGE/USDT,MSB,NORMAL,74.26051787356326,4.827266256183854,0.45602293256790905,0.0785,0.07786,-0.8152866242038238,-0.16305732484076474,⏳ ZAMAN AŞIMI,4.0
2026-07-06 07:09:42.565475,XPL/USDT,MSB,NORMAL,55.883386851565845,2.569487938848025,0.9324991556265072,0.10773,0.11094,2.9796714007240235,0.2979671400724024,DİNAMİK KISMİ KÂR,1.36
2026-07-06 08:24:00.739100,XPL/USDT,MSB,NORMAL,55.883386851565845,2.569487938848025,0.9324991556265072,0.10773,0.10936,1.51304186391905,0.151304186391905,📈 TREND TAKİPLİ ÇIKIŞ,2.6
2026-07-07 04:10:00.010607,SOL/USDT,MSB,NORMAL,75.24258571292575,3.514787194447326,0.539091681669683,83.26,82.09,-1.4052366082152312,-0.2810473216430463,⏳ ZAMAN AŞIMI,4.0
2026-07-07 04:10:23.517316,ETH/USDT,MSB,NORMAL,77.79582378004157,6.8920656390642865,0.5186972227554855,1831.69,1797.17,-1.8845983763628116,-0.3769196752725623,⏳ ZAMAN AŞIMI,4.0
2026-07-07 04:10:43.943607,BTC/USDT,MSB,NORMAL,74.46940902971362,5.721029933507232,0.40517971953375137,64553.19,64076.71,-0.7381199906619691,-0.14762399813239382,⏳ ZAMAN AŞIMI,4.0
2026-07-07 05:32:51.835333,VANRY/USDT,MSB,NORMAL,64.09315276507151,2.5499009323264015,3.7936856762053974,0.008173,0.008562,4.759574207757255,0.4759574207757255,DİNAMİK KISMİ KÂR,1.09
2026-07-07 05:33:09.337254,VANRY/USDT,MSB,NORMAL,64.09315276507151,2.5499009323264015,3.7936856762053974,0.008173,0.008436,3.217912639177794,0.3217912639177794,📈 TREND TAKİPLİ ÇIKIŞ,1.1
2026-07-07 13:23:07.267726,BLUR/USDT,MSB,NORMAL,67.12735662401973,2.6106732192760043,3.361610215452034,0.02262,0.02317,2.4314765694075966,0.24314765694075968,DİNAMİK KISMİ KÂR,0.06
2026-07-07 13:23:36.118212,BLUR/USDT,MSB,NORMAL,67.12735662401973,2.6106732192760043,3.361610215452034,0.02262,0.02287,1.1052166224580027,0.11052166224580028,📈 TREND TAKİPLİ ÇIKIŞ,0.07
2026-07-07 16:00:56.306410,ALLO/USDT,MSB,NORMAL,62.920455671822396,2.8623496510902395,1.575074347106694,0.4302,0.419,-2.6034402603440356,-0.5206880520688072,🛑 STOP LOSS (%-2.5),2.83
2026-07-07 17:14:49.642998,TAO/USDT,MSB,NORMAL,65.52147531017079,2.5011175770908207,0.5941209238546283,217.3,211.7,-2.5770823745973415,-0.5154164749194682,🛑 STOP LOSS (%-2.5),1.89
2026-07-07 19:06:06.057864,ZEC/USDT,MSB,NORMAL,80.67280180077583,2.8265378195699693,0.9828760339609725,480.29,504.5,5.040704574319677,0.5040704574319678,🚀 MOON BAG (%50 VURKAÇ),0.48
2026-07-07 21:56:36.515190,ZEC/USDT,MSB,NORMAL,80.67280180077583,2.8265378195699693,0.9828760339609725,480.29,497.04,3.4874763163921796,0.34874763163921796,📈 TREND TAKİPLİ ÇIKIŞ,3.33
2026-07-09 13:01:39.063929,UNI/USDT,MSB,NORMAL,65.30741856585371,2.70184058925193,0.9056381852473967,3.388,3.366,-0.6493506493506435,-0.1298701298701287,⏳ ZAMAN AŞIMI,4.0
2026-07-09 15:56:09.237715,VANRY/USDT,MSB,NORMAL,68.49226759359765,2.6415690781797942,3.486038438675155,0.008567,0.008114,-5.287731994864017,-1.0575463989728031,🛑 STOP LOSS (%-5.2),0.3
2026-07-09 16:38:46.479832,SENT/USDT,MSB,NORMAL,76.9444423756547,2.549606888635468,1.1785326817765331,0.01472,0.01474,0.13586956521738577,0.027173913043477153,🛡️ BAŞA BAŞ KORUMASI,1.22
2026-07-09 17:12:59.350650,SNDKB/USDT,MSB,NORMAL,73.6839228918075,2.5547527249875213,0.9907694738741908,1784.99,1837.05,2.9165429498204443,0.2916542949820444,DİNAMİK KISMİ KÂR,1.99
2026-07-09 22:04:37.409371,SNDKB/USDT,MSB,NORMAL,73.6839228918075,2.5547527249875213,0.9907694738741908,1784.99,1895.84,6.210118824195089,0.6210118824195089,📈 TREND TAKİPLİ ÇIKIŞ,6.85
2026-07-09 22:54:10.399158,MUB/USDT,MSB,NORMAL,77.70027186292204,2.6192447468371727,0.8279244508568343,1019.46,993.38,-2.55821709532498,-0.511643419064996,🛑 STOP LOSS (%-2.5),2.18
2026-07-10 00:40:32.291373,ARB/USDT,MSB,NORMAL,65.28421392137678,2.5556529467031273,1.3979462153819893,0.0887,0.0884,-0.33821871476887794,-0.06764374295377558,🛡️ BAŞA BAŞ KORUMASI,3.96
2026-07-10 01:13:25.600594,ZEC/USDT,MSB,NORMAL,78.32324704543811,2.8104108902692335,0.7841415762208549,484.47,486.18,0.3529630317666686,0.07059260635333373,⏳ ZAMAN AŞIMI,4.0
2026-07-10 08:49:05.211071,AVAX/USDT,MSB,NORMAL,74.10286820573894,4.361284916041335,0.3728056529558157,6.809,6.807,-0.029372888823612563,-0.005874577764722513,⏳ ZAMAN AŞIMI,4.0
2026-07-10 08:49:25.980086,AAVE/USDT,MSB,NORMAL,75.92099699462841,2.9088055928880108,0.5595594440729725,93.21,92.99,-0.23602617744877039,-0.047205235489754076,⏳ ZAMAN AŞIMI,4.0
2026-07-10 08:50:09.504876,XLM/USDT,MSB,NORMAL,74.78460431117634,2.644403991303533,0.6459444345761227,0.191,0.1902,-0.41884816753926446,-0.0837696335078529,⏳ ZAMAN AŞIMI,4.0
2026-07-10 08:53:00.566992,UNI/USDT,MSB,NORMAL,78.11388793168966,2.698538605143019,0.7914664979853202,3.531,3.519,-0.33984706881903176,-0.06796941376380634,⏳ ZAMAN AŞIMI,4.0
2026-07-10 09:53:59.865327,ARB/USDT,MSB,NORMAL,74.78571382007964,3.1782139527817552,1.228875430272686,0.0928,0.0928,0.0,0.0,⏳ ZAMAN AŞIMI,4.0
2026-07-10 12:11:05.206287,DEXE/USDT,Engulf,NORMAL,63.55906032984362,2.591697744702703,2.861571913025311,35.894,34.317,-4.393491948515067,-0.8786983897030134,🛑 STOP LOSS (%-4.3),1.71
2026-07-10 16:19:52.208282,AAVE/USDT,MSB,NORMAL,80.22692136484176,2.9316703488017604,0.7011880762744561,97.71,95.18,-2.5892948521133836,-0.5178589704226767,🛑 STOP LOSS (%-2.5),3.37
2026-07-10 17:19:13.526441,UNI/USDT,MSB,NORMAL,65.65500252564097,3.2267922915929015,0.8759321805166111,3.586,3.593,0.19520356943670156,0.03904071388734031,🛡️ BAŞA BAŞ KORUMASI,0.66
2026-07-10 17:38:52.507866,SUI/USDT,MSB,NORMAL,83.42983036612739,3.3745759791294687,0.4214458624037312,0.7474,0.7356,-1.5788065293015685,-0.3157613058603137,⏳ ZAMAN AŞIMI,4.0
2026-07-11 04:27:40.204404,ARB/USDT,MSB,NORMAL,66.01214470575027,2.765377866674993,0.869222981716852,0.093,0.0926,-0.4301075268817178,-0.08602150537634357,⏳ ZAMAN AŞIMI,4.0
2026-07-11 08:50:52.699888,SKL/USDT,MSB,NORMAL,70.76175769864487,2.554573219609613,3.5433356317361246,0.00572,0.0054,-5.594405594405593,-1.1188811188811187,🛑 STOP LOSS (%-5.3),1.11
2026-07-11 12:37:55.160415,SUI/USDT,MSB,NORMAL,75.55703826837984,5.917368775480703,0.43630591554105985,0.7539,0.7459,-1.0611486934606722,-0.2122297386921344,⏳ ZAMAN AŞIMI,4.0
2026-07-11 16:24:23.858006,SNDKB/USDT,MSB,NORMAL,86.60245155324986,8.714580445552516,0.36067650542057167,1971.85,1941.19,-1.5548850064660018,-0.31097700129320033,⏳ ZAMAN AŞIMI,4.0
2026-07-11 17:08:12.686825,UNI/USDT,MSB,NORMAL,76.45782020204953,3.396779041455094,0.505176934674076,3.583,3.763,5.023723137035995,0.5023723137035995,🚀 MOON BAG (%50 VURKAÇ),3.72
2026-07-11 19:06:14.360502,ENA/USDT,MSB,NORMAL,74.72205731553468,3.2040348311745586,0.6584643345143368,0.084,0.0819,-2.5000000000000053,-0.5000000000000011,🛑 STOP LOSS (%-2.5),1.13
2026-07-11 19:21:21.861461,SXT/USDT,MSB,NORMAL,82.26162288655938,2.776524881125705,1.5302701054871202,0.00819,0.00796,-2.8083028083028,-0.56166056166056,🛑 STOP LOSS (%-2.5),0.01
2026-07-11 19:42:20.619432,UNI/USDT,MSB,NORMAL,76.45782020204953,3.396779041455094,0.505176934674076,3.583,3.685,2.846776444320398,0.2846776444320398,📈 TREND TAKİPLİ ÇIKIŞ,6.29
2026-07-11 21:39:29.038457,DOGE/USDT,MSB,NORMAL,77.31664183283989,2.6322513719559457,0.2649988141990809,0.07536,0.07517,-0.2521231422505251,-0.05042462845010502,⏳ ZAMAN AŞIMI,4.0
2026-07-12 02:07:51.686246,AAVE/USDT,MSB,NORMAL,78.68075335081512,2.556027957221176,0.6130767812012352,99.65,99.81,0.1605619668840909,0.03211239337681818,🛡️ BAŞA BAŞ KORUMASI,0.69
2026-07-12 06:29:21.812278,DEXE/USDT,MSB,NORMAL,69.73302516748613,4.458628677322214,1.7160964244620098,39.975,38.939,-2.591619762351473,-0.5183239524702946,🛑 STOP LOSS (%-2.6),0.08
2026-07-12 09:02:41.595273,ARB/USDT,MSB,NORMAL,73.3775103610651,2.9154654555348687,0.9824860688195698,0.1009,0.0982,-2.6759167492566975,-0.5351833498513395,🛑 STOP LOSS (%-2.5),2.38
2026-07-12 15:09:36.679547,SUI/USDT,MSB,NORMAL,73.47926783611675,2.5414365314370353,0.4090509771125743,0.7446,0.7415,-0.4163309159280139,-0.08326618318560278,⏳ ZAMAN AŞIMI,4.0
2026-07-12 19:13:31.039309,BNB/USDT,MSB,NORMAL,80.70152272524142,2.61331550466886,0.2272035576367936,582.6,581.26,-0.23000343288706346,-0.04600068657741269,⏳ ZAMAN AŞIMI,4.0
2026-07-12 19:51:19.570727,SXT/USDT,MSB,NORMAL,71.41584041893196,2.5467596284290264,3.314314014700121,0.01007,0.00954,-5.2631578947368505,-1.0526315789473701,🛑 STOP LOSS (%-5.0),0.38
2026-07-12 22:06:57.415222,ETH/USDT,MSB,NORMAL,75.0305189457768,3.0039891327459376,0.24297675732928825,1823.79,1821.57,-0.12172454065435315,-0.02434490813087063,⏳ ZAMAN AŞIMI,4.0
2026-07-14 20:04:26.823790,ZEC/USDT,MSB,NORMAL,79.2004102295412,2.512127311638718,0.8626252586108676,529.02,547.01,3.400627575516996,0.3400627575516995,DİNAMİK KISMİ KÂR,3.6
2026-07-14 20:23:19.172213,PEPE/USDT,MSB,NORMAL,81.94145087863552,2.545075015426591,0.9106309613641523,2.86e-06,2.83e-06,-1.0489510489510536,-0.20979020979021074,⏳ ZAMAN AŞIMI,4.0
2026-07-14 22:18:09.317379,ZEC/USDT,MSB,NORMAL,79.2004102295412,2.512127311638718,0.8626252586108676,529.02,538.67,1.8241276322256206,0.18241276322256203,📈 TREND TAKİPLİ ÇIKIŞ,5.83
2026-07-15 05:35:20.610815,ZEC/USDT,MSB,NORMAL,79.35924048850329,2.552972489957341,0.8762501993099935,562.48,552.93,-1.6978381453562914,-0.3395676290712583,⏳ ZAMAN AŞIMI,4.0
2026-07-15 05:50:34.253058,ADA/USDT,MSB,NORMAL,76.9466071270962,3.0656554038528956,0.46408206516661693,0.1619,0.1622,0.1852995676343561,0.03705991352687121,🛡️ BAŞA BAŞ KORUMASI,1.87
2026-07-15 07:24:40.151567,MUB/USDT,MSB,NORMAL,74.54180203875255,3.4062290254902874,0.43586491769453134,1000.62,1001.3,0.06795786612299873,0.013591573224599746,⏳ ZAMAN AŞIMI,4.0
2026-07-15 11:32:26.065914,BNB/USDT,MSB,NORMAL,75.85636990050442,2.893411195421238,0.20315347252695967,575.37,576.01,0.11123277195543499,0.022246554391087,⏳ ZAMAN AŞIMI,4.0
2026-07-15 15:53:24.716293,ETH/USDT,MSB,NORMAL,79.5104624209977,2.9490963581866545,0.381013228060457,1823.45,1927.17,5.688118676135898,0.5688118676135898,🚀 MOON BAG (%50 VURKAÇ),0.34
2026-07-15 16:23:13.349625,LTC/USDT,MSB,NORMAL,73.19727078514038,2.5069305761484504,0.3519967450473258,45.59,45.69,0.21934634788329527,0.04386926957665905,⏳ ZAMAN AŞIMI,4.0
2026-07-15 16:50:18.316685,XLM/USDT,MSB,NORMAL,74.28442484522199,3.976414307580033,0.41388980422992067,0.1875,0.1878,0.1599999999999972,0.03199999999999944,🛡️ BAŞA BAŞ KORUMASI,1.7
2026-07-15 18:21:21.534770,ZEC/USDT,MSB,NORMAL,81.1328424775517,2.5473568555816546,0.8949920316686257,586.59,571.23,-2.6185240116606168,-0.5237048023321234,🛑 STOP LOSS (%-2.5),2.41
2026-07-15 19:35:10.471865,SUI/USDT,MSB,NORMAL,74.27382670741432,2.538798862200007,0.4179447723792572,0.7443,0.7445,0.02687088539568575,0.005374177079137149,🛡️ BAŞA BAŞ KORUMASI,3.76
2026-07-15 20:07:23.909900,SOL/USDT,MSB,NORMAL,75.27557727534894,2.8763029817373846,0.3789189111647928,78.91,77.69,-1.5460651374984145,-0.30921302749968294,⏳ ZAMAN AŞIMI,4.0
2026-07-15 20:41:19.666011,DODO/USDT,MSB,NORMAL,67.70316242584688,2.5736887085334947,3.565444690466349,0.02927,0.02761,-5.6713358387427455,-1.1342671677485492,🛑 STOP LOSS (%-5.3),2.5
2026-07-16 00:04:05.162898,ONDO/USDT,MSB,NORMAL,75.50952240913095,4.818083843664495,0.7897837816111857,0.3435,0.3607,5.007278020378455,0.5007278020378455,🚀 MOON BAG (%50 VURKAÇ),1.01
2026-07-16 03:44:14.332503,ONDO/USDT,MSB,NORMAL,75.50952240913095,4.818083843664495,0.7897837816111857,0.3435,0.3602,4.861717612809313,0.4861717612809313,📈 TREND TAKİPLİ ÇIKIŞ,4.68
2026-07-17 00:07:16.270260,DOGE/USDT,MSB,NORMAL,74.04765681732088,5.520675658204875,0.2843653722056138,0.07295,0.07311,0.21932830705962092,0.04386566141192419,⏳ ZAMAN AŞIMI,20.6
2026-07-17 00:07:18.016807,ETH/USDT,MSB,NORMAL,79.5104624209977,2.9490963581866545,0.381013228060457,1823.45,1877.41,2.9592256436973887,0.2959225643697389,📈 TREND TAKİPLİ ÇIKIŞ,32.57
2026-07-17 00:07:19.268546,UNI/USDT,MSB,NORMAL,78.33381177559384,4.196160147681759,0.616479475422473,3.739,3.637,-2.7280021396095178,-0.5456004279219036,🛑 STOP LOSS (%-2.5),19.16
2026-07-17 02:00:46.281651,XRP/USDT,MSB,NORMAL,81.5851620821211,5.8253909850496735,0.3003381456992679,1.0873,1.0894,0.19313896808608397,0.03862779361721679,🛡️ BAŞA BAŞ KORUMASI,1.89
2026-07-17 04:44:24.269116,BTC/USDT,MSB,NORMAL,80.88364938667999,3.439650550481178,0.2404087920254394,63450.01,63756.0,0.48225366709949763,0.09645073341989953,⏳ ZAMAN AŞIMI,4.62
2026-08-05 05:51:51.401104,BICO/USDT,MSB,NORMAL,74.51083870885797,2.5396865810192244,3.2495404788794944,0.0256,0.02646,3.1528627622377763,0.3359374999999999,DİNAMİK KISMİ KÂR,0.2
2026-08-05 06:06:47.600865,BICO/USDT,MSB,NORMAL,74.51083870885797,2.5396865810192244,3.2495404788794944,0.0256,0.02688,4.7902097902098015,0.49999999999999994,📈 TREND TAKİPLİ ÇIKIŞ,0.45
2026-08-05 06:14:11.155685,ZEC/USDT,MSB,NORMAL,74.36059088338438,2.545956118440346,0.5810777781009726,515.59,519.16,0.4912269987232468,0.1356599999999976,⏳ ZAMAN AŞIMI,4.0
2026-08-05 06:41:17.186295,SNDKB/USDT,MSB,NORMAL,75.77245359110694,3.174296935595913,0.8466460786427469,1479.78,1445.32,-2.5238719436505574,-0.4652100000000005,🛑 STOP LOSS (%-2.5),1.66
2026-08-05 08:12:39.542615,SOXLB/USDT,MSB,NORMAL,64.92413701427336,2.689527446707976,0.9505340866981876,141.43,137.98,-2.634295634366342,-0.4864500000000024,🛑 STOP LOSS (%-2.5),3.0
2026-08-05 10:53:16.510224,CRCLB/USDT,MSB,NORMAL,84.86732797278066,3.735513695488005,1.258472858394423,69.0,67.38,-2.5429353255440117,-0.45360000000000134,🛑 STOP LOSS (%-2.5),0.24
2026-08-05 11:59:18.367495,PUMP/USDT,MSB,NORMAL,65.55715872098617,2.817442251183282,1.1074605881458703,0.002509741312256931,0.002521,0.24790302792245933,0.08974300000000109,⏳ ZAMAN AŞIMI,4.0
2026-08-05 13:53:06.526204,SOXLB/USDT,MSB,BALİNA,62.847204963982875,7.497501003099046,1.5820422486036843,140.35,140.74,0.07752133865424718,0.1111500000000042,🛡️ BAŞA BAŞ KORUMASI,0.16
2026-08-05 19:58:14.218365,SYN/USDT,MSB,NORMAL,71.60070933383746,2.5891657095456084,2.6247406864898943,0.13172303689064557,0.1387,5.086308659732517,0.5295515000000003,🚀 MOON BAG (%50 VURKAÇ),0.83
2026-08-05 20:04:38.319278,SYN/USDT,MSB,NORMAL,71.60070933383746,2.5891657095456084,2.6247406864898943,0.13172303689064557,0.1348,2.131466527267087,0.2335415000000013,📈 TREND TAKİPLİ ÇIKIŞ,0.94
2026-08-06 03:24:19.794231,MIRA/USDT,MSB,NORMAL,65.91526322273641,2.6103984362946,1.4012686956240035,0.0444,0.0442,-0.6493506493506338,-0.045039999999999726,DİNAMİK KISMİ KÂR,0.16
2026-08-06 03:24:23.791822,MIRA/USDT,MSB,NORMAL,65.91526322273641,2.6103984362946,1.4012686956240035,0.0444,0.0447,0.4745254745254745,0.0675599999999988,📈 TREND TAKİPLİ ÇIKIŞ,0.16
2026-08-06 12:02:30.241974,HOME/USDT,MSB,NORMAL,75.48042231336576,3.0890580347616368,3.085013498284793,0.01088,0.01035,-5.061390815067283,-0.9741400000000018,🛑 STOP LOSS (%-4.6),0.39
2026-08-06 13:30:45.380189,BICO/USDT,MSB,NORMAL,64.63219511510577,2.5477791784898294,3.242404864029733,0.03143,0.03271,3.8646050100075118,0.4072512000000011,DİNAMİK KISMİ KÂR,0.59
2026-08-06 13:44:08.963721,ZBT/USDT,MSB,NORMAL,79.41699675207062,2.5507416527511695,2.862986120391667,0.1626,0.1553,-4.6803749755779185,-0.8979000000000001,🛑 STOP LOSS (%-4.3),0.74
2026-08-06 14:30:11.279958,BICO/USDT,MSB,NORMAL,64.63219511510577,2.5477791784898294,3.242404864029733,0.03143,0.03521,11.802896435413137,1.2026636999999996,📈 TREND TAKİPLİ ÇIKIŞ,1.58
2026-08-06 15:32:10.392318,ADA/USDT,MSB,NORMAL,75.81267992910617,2.5053702025431326,0.6682987778695979,0.1966,0.207,5.079559301329387,0.5283199999999997,🚀 MOON BAG (%50 VURKAÇ),1.09
2026-08-06 16:12:19.049269,ADA/USDT,MSB,NORMAL,75.81267992910617,2.5053702025431326,0.6682987778695979,0.1966,0.2052,4.165824003056972,0.4368799999999999,📈 TREND TAKİPLİ ÇIKIŞ,1.76
2026-08-06 23:58:08.546758,SPCXB/USDT,MSB,NORMAL,64.92788892633486,3.4619955469804338,1.2641442228394055,114.13,114.49,0.11499934394879384,0.0629999999999999,⏳ ZAMAN AŞIMI,4.0
2026-08-07 01:06:42.259321,ZBT/USDT,MSB,NORMAL,63.1211333859648,2.6489860138085106,3.0853273862781405,0.188,0.1963,4.206272450953316,0.44114500000000006,DİNAMİK KISMİ KÂR,0.99
2026-08-07 01:26:52.780904,ZBT/USDT,MSB,NORMAL,63.1211333859648,2.6489860138085106,3.0853273862781405,0.188,0.1973,4.737124577550124,0.49429500000000015,📈 TREND TAKİPLİ ÇIKIŞ,1.33
2026-08-07 09:39:05.328415,EPIC/USDT,MSB,NORMAL,77.6268608775816,3.12483663903894,2.6869267146483433,0.9726,1.0005,2.6630679622659974,0.2859749999999992,DİNAMİK KISMİ KÂR,0.23
2026-08-07 09:55:47.656328,EPIC/USDT,MSB,NORMAL,77.6268608775816,3.12483663903894,2.6869267146483433,0.9726,1.0276,5.443846714667212,0.5637500000000005,📈 TREND TAKİPLİ ÇIKIŞ,0.51
2026-08-07 10:54:17.595537,SNXXB/USDT,MSB,NORMAL,74.09687968895355,4.321267309750806,1.1669755275289724,10.5,10.24,-2.671043242471795,-0.49399999999999955,🛑 STOP LOSS (%-2.5),2.5
2026-08-07 12:25:19.325867,SNDKB/USDT,MSB,NORMAL,74.76670941110625,2.9301214746219304,0.6088975236061146,1305.64,1302.19,-0.4635104792881797,-0.05278500000000069,⏳ ZAMAN AŞIMI,4.0
2026-08-07 12:32:41.096712,SPCXB/USDT,MSB,NORMAL,80.03557209973678,2.678136510412799,0.3630140682934833,116.59,114.69,-1.8261865075485366,-0.324900000000001,⏳ ZAMAN AŞIMI,4.0
2026-08-07 13:30:05.319953,SNXXB/USDT,MSB,NORMAL,67.70654041092965,3.026785104180334,1.401744002390173,10.69,10.38,-3.093912635540296,-0.5796999999999977,🛑 STOP LOSS (%-2.5),0.86
2026-08-07 13:35:38.072736,KORUB/USDT,MSB,NORMAL,78.4334607854358,4.6936360941548925,1.3302998210300567,18.3,17.82,-2.8175103584939505,-0.5232000000000006,🛑 STOP LOSS (%-2.5),0.66
2026-08-07 14:14:07.202304,SPCXB/USDT,MSB,BALİNA,64.94509012173832,6.243466405173616,0.8776921209676686,117.97,124.15,5.0283530151293325,1.0475100000000013,🚀 MOON BAG (%50 VURKAÇ),0.61
2026-08-07 14:40:20.475410,ERA/USDT,MSB,NORMAL,70.82082746890498,2.6537975395204,1.5193819161254953,0.0727,0.071,-2.5335050094334877,-0.467670000000002,🛑 STOP LOSS (%-2.5),0.13
2026-08-07 15:06:06.816700,SPCXB/USDT,MSB,BALİNA,64.94509012173832,6.243466405173616,0.8776921209676686,117.97,124.84,5.612078859514661,1.1644650000000007,📈 TREND TAKİPLİ ÇIKIŞ,1.48
2026-08-08 01:16:08.427559,HEI/USDT,MSB,NORMAL,67.88830634630663,2.569371978951342,3.7149409983632355,0.244,0.2437,-0.32250536348895964,-0.024539999999999566,🛡️ BAŞA BAŞ KORUMASI,0.54
2026-08-08 02:58:58.371377,MMT/USDT,MSB,NORMAL,74.12944734291814,2.5774416037600454,1.4390479484246201,0.1913,0.2019,5.330163824675072,0.5538499999999998,DİNAMİK KISMİ KÂR,0.54
2026-08-08 03:29:30.097597,MMT/USDT,MSB,NORMAL,74.12944734291814,2.5774416037600454,1.4390479484246201,0.1913,0.199,3.8172491387337337,0.4023250000000006,📈 TREND TAKİPLİ ÇIKIŞ,1.05
2026-08-08 03:53:05.555584,TUT/USDT,MSB,NORMAL,64.5163287907144,2.78915383937184,3.9371349443047405,0.04163045738045738,0.04176,0.11075077961479203,0.06231000000000114,🛡️ BAŞA BAŞ KORUMASI,0.21
2026-08-08 06:07:17.452611,MMT/USDT,MSB,NORMAL,68.54881021864455,2.746721916530449,2.5794423293663478,0.2142,0.2203,2.6423156675257604,0.28486999999999973,DİNAMİK KISMİ KÂR,0.4
2026-08-08 06:57:09.777105,MMT/USDT,MSB,NORMAL,68.54881021864455,2.746721916530449,2.5794423293663478,0.2142,0.2363,10.097045811331547,1.0320700000000005,📈 TREND TAKİPLİ ÇIKIŞ,1.23
2026-08-08 07:34:11.612786,SOL/USDT,MSB,NORMAL,74.57273492327418,2.5051220761958586,0.17681593637559725,74.46,74.7,0.12187651188458905,0.06432000000000244,⏳ ZAMAN AŞIMI,4.0
2026-08-08 11:55:33.604244,TST/USDT,MSB,NORMAL,66.79300800960085,2.808890866567447,3.570290304349441,0.01543,0.01548,0.12359642949405006,0.06480500000000185,🛡️ BAŞA BAŞ KORUMASI,0.43
2026-08-08 12:43:30.003327,SUI/USDT,MSB,NORMAL,77.75256979097917,2.8081900474319377,0.3026453860633794,0.6898,0.6918,0.08955961405947184,0.057800000000000046,⏳ ZAMAN AŞIMI,4.0
2026-08-08 15:33:15.824272,SPCXB/USDT,MSB,NORMAL,75.11834383607305,2.55771080375038,0.19116665282922196,133.8,133.51,-0.4161085551220089,-0.043210000000003045,⏳ ZAMAN AŞIMI,4.0
2026-08-08 18:22:42.254656,BNB/USDT,MSB,NORMAL,86.47627611642815,2.8105430243036653,0.18309476539201938,603.33,604.34,-0.03273043400335311,0.0333299999999997,⏳ ZAMAN AŞIMI,4.0
2026-08-08 18:40:21.742327,DOGE/USDT,MSB,NORMAL,77.71564993232596,3.80989851704807,0.22030561173655297,0.0711,0.07099,-0.3542027592660455,-0.030909999999999715,⏳ ZAMAN AŞIMI,4.0
2026-08-08 18:43:58.206569,SUI/USDT,MSB,NORMAL,72.32441697415345,2.506554579662726,0.3151723810797086,0.6973,0.695,-0.528984854239405,-0.06578000000000228,⏳ ZAMAN AŞIMI,4.0
2026-08-08 20:55:07.459004,SPCXB/USDT,MSB,NORMAL,93.00939883247936,6.131576484109826,0.44069066472644064,137.96,134.78,-2.5002107199845716,-0.45792000000000094,🛑 STOP LOSS (%-2.5),3.33
2026-08-08 23:11:36.891849,SOL/USDT,MSB,NORMAL,82.7899166358343,3.201243903226808,0.2160561699885879,75.47,75.81,0.24980981652507234,0.08976000000000091,⏳ ZAMAN AŞIMI,4.0
2026-08-08 23:37:30.178562,BICO/USDT,MSB,NORMAL,62.841634186556156,2.7758241803560515,2.9660360183273826,0.06113,0.0637,3.9959549692905125,0.42041345000000163,DİNAMİK KISMİ KÂR,1.68
2026-08-08 23:54:09.273216,BICO/USDT,MSB,NORMAL,62.841634186556156,2.7758241803560515,2.9660360183273826,0.06113,0.06308,2.9837494421168804,0.31899075000000005,📈 TREND TAKİPLİ ÇIKIŞ,1.96
2026-08-09 14:01:56.610736,ZEC/USDT,MSB,NORMAL,75.7902867023563,4.297039301355923,0.576983616422824,526.16,523.5,-0.7043397532982208,-0.10107999999999878,⏳ ZAMAN AŞIMI,4.0
2026-08-09 17:28:06.622556,PUMP/USDT,MSB,NORMAL,79.0718987795248,2.540383278371699,1.278057414714035,0.002703,0.00267,-1.418226612455246,-0.24416700000000033,⏳ ZAMAN AŞIMI,4.0
2026-08-09 19:12:39.558899,TST/USDT,MSB,NORMAL,76.784109384826,2.6877580199218856,3.065003574332953,0.01909,0.02239,17.052198717992333,1.7277150000000003,DİNAMİK KISMİ KÂR,0.54
2026-08-09 19:33:43.079852,TST/USDT,MSB,NORMAL,76.784109384826,2.6877580199218856,3.065003574332953,0.01909,0.02294,19.927531870957754,2.0156674999999993,📈 TREND TAKİPLİ ÇIKIŞ,0.89
2026-08-09 21:42:24.820369,BABY/USDT,MSB,NORMAL,73.97074494168827,2.6385447709803054,0.9316683830203346,0.01336,0.01303,-2.6649248954638165,-0.49401000000000067,🛑 STOP LOSS (%-2.5),3.83
2026-08-10 08:27:45.440056,TST/USDT,MSB,NORMAL,67.35706288804036,2.6276430399403057,3.986878964313197,0.02143,0.02026,-5.64852786038041,-1.092897000000001,🛑 STOP LOSS (%-5.5),0.08
2026-08-11 16:10:33.131492,BNB/USDT,MSB,NORMAL,78.43054756490685,3.402508143480134,0.23100406294629983,611.53,609.54,-0.5245633309669335,-0.06368000000000029,⏳ ZAMAN AŞIMI,4.0
2026-08-12 14:48:23.330411,LINK/USDT,MSB,NORMAL,76.01692026863675,3.1844986795973482,0.32283577586145634,8.874,8.749,-1.6055952161428682,-0.28125,⏳ ZAMAN AŞIMI,4.0
2026-08-12 19:22:42.574462,SNDKB/USDT,MSB,NORMAL,74.99208691918261,3.604756652480889,0.519533167478744,1338.46,1343.45,0.17227143252575414,0.07435100000000014,🛡️ BAŞA BAŞ KORUMASI,2.83
2026-08-13 15:10:44.238347,SKHYB/USDT,MSB,NORMAL,74.0662342071904,5.640966517816442,0.6120644794871135,156.96,165.19,5.0330976363086615,0.5226049999999993,🚀 MOON BAG (%50 VURKAÇ),1.52
2026-08-13 15:16:22.230790,SNDKB/USDT,MSB,NORMAL,74.30446962511249,2.5124963240686067,0.9928825093982583,1429.85,1504.81,5.032233214210372,0.5209720000000002,🚀 MOON BAG (%50 VURKAÇ),0.35
2026-08-14 01:13:17.991669,SKHYB/USDT,MSB,NORMAL,74.0662342071904,5.640966517816442,0.6120644794871135,156.96,163.79,4.142932755318082,0.433704999999999,📈 TREND TAKİPLİ ÇIKIŞ,11.57
2026-08-14 13:34:08.749655,SNDKB/USDT,MSB,NORMAL,74.30446962511249,2.5124963240686067,0.9928825093982583,1429.85,1574.86,9.921560063882708,1.0078194999999999,📈 TREND TAKİPLİ ÇIKIŞ,22.65
2026-08-16 16:22:14.723291,PLUME/USDT,MSB,NORMAL,73.81727552560048,2.690844982079145,1.044199843073711,0.01361,0.01327,-2.6929719802607255,-0.49946,🛑 STOP LOSS (%-2.5),0.23
2026-08-16 20:24:39.252580,ETH/USDT,MSB,NORMAL,74.950299985597,2.7272924929551743,0.07170369315057565,1887.99,1887.14,-0.24473167180489108,-0.008924999999999045,⏳ ZAMAN AŞIMI,4.0
2026-08-17 02:46:14.807626,ACE/USDT,MSB,NORMAL,69.51655934682067,2.5498473955856653,2.2446923027087187,0.1478,0.1531,3.378962039313909,0.35854500000000183,DİNAMİK KISMİ KÂR,0.15
2026-08-17 02:46:35.807127,ACE/USDT,MSB,NORMAL,69.51655934682067,2.5498473955856653,2.2446923027087187,0.1478,0.1515,2.298580985996436,0.2503050000000006,📈 TREND TAKİPLİ ÇIKIŞ,0.15
2026-08-17 05:38:57.586904,DOGE/USDT,MSB,NORMAL,73.4445251428801,2.571584745238072,0.2604162734058149,0.07024,0.07013,-0.356093223405296,-0.031239999999999712,⏳ ZAMAN AŞIMI,4.0
2026-08-17 06:53:53.650802,CHIP/USDT,MSB,NORMAL,73.18503059298459,2.651528727137542,1.6944038856460115,0.03066,0.03183,3.608622297467707,0.38141999999999915,DİNAMİK KISMİ KÂR,0.26
2026-08-17 06:54:45.526914,ETH/USDT,MSB,NORMAL,76.61558599893905,2.5475257025913542,0.2843998616785493,1904.0,1907.02,-0.041503664402818274,0.03170999999999981,⏳ ZAMAN AŞIMI,4.0
2026-08-17 06:56:06.887739,CHIP/USDT,MSB,NORMAL,73.18503059298459,2.651528727137542,1.6944038856460115,0.03066,0.03113,1.3300789230339218,0.15322000000000055,📈 TREND TAKİPLİ ÇIKIŞ,0.3
2026-08-17 09:30:58.434061,ACE/USDT,MSB,NORMAL,62.84050466697298,3.4336551804985507,3.744364041925837,0.1657,0.1663,0.16157650436468676,0.07242000000000208,🛡️ BAŞA BAŞ KORUMASI,0.58
2026-08-17 11:00:26.471289,ACE/USDT,MSB,NORMAL,76.38576657459141,2.562608343776782,3.9777805953576864,0.1917,0.197,2.559412418567352,0.2763949999999999,DİNAMİK KISMİ KÂR,0.3
2026-08-17 11:15:06.732375,ACE/USDT,MSB,NORMAL,76.38576657459141,2.562608343776782,3.9777805953576864,0.1917,0.1976,2.8717761112127347,0.3076849999999994,📈 TREND TAKİPLİ ÇIKIŞ,0.54
2026-08-17 11:38:30.881498,GPS/USDT,MSB,NORMAL,73.71269295563827,2.5611733872013183,3.8742775109000593,0.01649,0.01696,2.6447173202782714,0.2850079999999989,DİNAMİK KISMİ KÂR,1.49
2026-08-17 12:40:42.943522,GPS/USDT,MSB,NORMAL,73.71269295563827,2.5611733872013183,3.8742775109000593,0.01649,0.01671,1.1316760861939812,0.13340799999999878,📈 TREND TAKİPLİ ÇIKIŞ,2.52
2026-08-17 15:30:00.678019,SNDKB/USDT,MSB,NORMAL,65.83899051764227,5.232609144555456,0.868711081141719,1750.75,1800.0,2.607659369047366,0.28072500000000006,DİNAMİK KISMİ KÂR,1.78
2026-08-17 15:31:24.812602,TUT/USDT,MSB,NORMAL,67.6514604376808,2.5643813837660923,3.183439076507816,0.04023,0.04204,4.29034053195128,0.4497849999999998,DİNAMİK KISMİ KÂR,0.1
2026-08-17 15:33:44.515254,TUT/USDT,MSB,NORMAL,67.6514604376808,2.5643813837660923,3.183439076507816,0.04023,0.04131,2.4793997948360356,0.26837999999999945,📈 TREND TAKİPLİ ÇIKIŞ,0.14
2026-08-17 19:08:56.124155,SNDKB/USDT,MSB,NORMAL,65.83899051764227,5.232609144555456,0.868711081141719,1750.75,1774.61,1.160321329391743,0.13600199999999946,📈 TREND TAKİPLİ ÇIKIŞ,5.43
2026-08-17 21:15:27.861600,ALLO/USDT,MSB,NORMAL,74.33740452695184,2.542711947343028,1.3091252158330113,0.2948,0.3037,2.8131637697445084,0.30171000000000064,DİNAMİK KISMİ KÂR,2.31
2026-08-17 21:23:13.395031,ALLO/USDT,MSB,NORMAL,74.33740452695184,2.542711947343028,1.3091252158330113,0.2948,0.2995,1.3913156043413812,0.1593299999999994,📈 TREND TAKİPLİ ÇIKIŞ,2.44
2026-08-17 21:44:04.635659,SPCXB/USDT,MSB,NORMAL,75.335649206363,9.596515079665034,0.6966199530082137,146.15,145.92,-0.35685833154186575,-0.03128000000000248,⏳ ZAMAN AŞIMI,4.0
2026-08-18 06:35:45.913414,ACE/USDT,MSB,NORMAL,67.89272440228892,2.57954001171921,2.85665131227197,0.17147264150943395,0.1788,4.064855869698506,0.42718500000000004,DİNAMİK KISMİ KÂR,0.22
2026-08-18 06:45:39.475685,ACE/USDT,MSB,NORMAL,67.89272440228892,2.57954001171921,2.85665131227197,0.17147264150943395,0.1793,4.35586497447955,0.45633500000000005,📈 TREND TAKİPLİ ÇIKIŞ,0.38
2026-08-18 08:03:39.602146,NEAR/USDT,MSB,NORMAL,74.32499209826926,2.6682810794219924,0.4686211737394456,1.663,1.623,-2.600286063906011,-0.4800000000000004,🛑 STOP LOSS (%-2.5),1.58
2026-08-18 08:06:59.796880,ZEC/USDT,MSB,NORMAL,75.33249731996018,3.734390489255295,0.5090409876708242,502.31,504.31,0.19756477322523366,0.078,🛡️ BAŞA BAŞ KORUMASI,1.87
2026-08-18 10:55:31.271843,GPS/USDT,MSB,NORMAL,71.00780873310052,2.8078159103609446,2.29545349448988,0.0181,0.01751,-3.452955883895084,-0.6518910000000003,🛑 STOP LOSS (%-3.4),0.01
2026-08-18 11:02:22.187124,BFUSD/USDT,MSB,NORMAL,79.11109875254806,4.8675109899005,0.008048809256273525,0.9999,0.9997,-0.2197622359638419,-0.0039999999999995595,⏳ ZAMAN AŞIMI,4.0
2026-08-18 13:08:03.476319,ACE/USDT,MSB,NORMAL,75.0852933626908,2.6258351092409113,3.5465080813841587,0.219,0.2264,3.1724439943618186,0.33780999999999956,DİNAMİK KISMİ KÂR,0.46
2026-08-18 13:11:59.180091,ACE/USDT,MSB,NORMAL,75.0852933626908,2.6258351092409113,3.5465080813841587,0.219,0.2233,1.7597471022128646,0.19629499999999991,📈 TREND TAKİPLİ ÇIKIŞ,0.52
2026-08-18 18:26:16.643371,BTC/USDT,MSB,NORMAL,74.34842864334783,2.712805782189042,0.19268156466085853,64795.57,64781.31,-0.22176390579353206,-0.004278000000000611,⏳ ZAMAN AŞIMI,4.0
2026-08-18 18:28:31.500252,SOL/USDT,MSB,NORMAL,74.94564710917959,2.6705817829259035,0.2816127785898351,76.94,77.26,0.21527731431555006,0.08288000000000191,⏳ ZAMAN AŞIMI,4.0
2026-08-18 18:28:55.461645,ETH/USDT,MSB,NORMAL,74.92010715488087,4.0737382580321615,0.22949274169884354,1916.82,1916.36,-0.22375033174167505,-0.004784000000000378,⏳ ZAMAN AŞIMI,4.0
2026-08-19 00:03:43.278225,XRP/USDT,MSB,NORMAL,59.107748548890434,2.550596746321517,0.1531028447713109,1.0034,1.0007,-0.4683476778354185,-0.053730000000002914,⏳ ZAMAN AŞIMI,4.0
2026-08-19 01:38:04.459734,ACE/USDT,MSB,NORMAL,71.39231729792718,3.2322396465238916,2.7932266641707573,0.2506,0.2402,-4.3415483160096,-0.8299199999999993,🛑 STOP LOSS (%-4.2),0.14
2026-08-19 01:39:33.347170,GPS/USDT,MSB,BALİNA,63.24744902862821,8.082248766793626,1.4932406906727849,0.01852,0.01788,-3.648619199375124,-1.3822719999999962,🛑 STOP LOSS (%-2.0),1.77
2026-08-19 03:28:57.025470,ALLO/USDT,MSB,NORMAL,65.75840814764874,4.195335837588296,0.9636158801117287,0.3054,0.2982,-2.5526536332037204,-0.470879999999999,🛑 STOP LOSS (%-2.5),1.8
2026-08-19 06:37:37.085575,ACE/USDT,MSB,NORMAL,63.12794761802214,2.696306649832937,3.789509579448908,0.2483,0.2344,-5.786682105651083,-1.1189499999999997,🛑 STOP LOSS (%-5.5),0.92
2026-08-19 07:19:40.191284,LINK/USDT,MSB,NORMAL,74.62576762936799,3.6901236420219723,0.37234334794778834,9.653,9.663,-0.09641244490512416,0.020699999999999556,⏳ ZAMAN AŞIMI,4.0
2026-08-19 14:55:18.469553,ZEC/USDT,MSB,NORMAL,74.07552815194894,4.24335433716275,0.441484198613251,513.91,541.84,5.224144810842909,0.5306700000000012,🚀 MOON BAG (%50 VURKAÇ),1.69
2026-08-19 15:10:17.297603,SOL/USDT,MSB,NORMAL,74.15368216586693,4.571533533235194,0.2249195767224072,78.01,82.09,5.019848757831085,0.5222399999999998,🚀 MOON BAG (%50 VURKAÇ),2.44
2026-08-19 15:26:54.096160,ETH/USDT,MSB,NORMAL,74.93286313509687,2.623094119674067,0.1986052158258516,1937.08,2039.38,5.070792878214387,0.5268450000000009,🚀 MOON BAG (%50 VURKAÇ),2.63
2026-08-19 15:27:39.372362,BTC/USDT,MSB,NORMAL,77.31454438144044,4.5625561251495546,0.12792355268652122,64872.0,68317.59,5.10095467795245,0.5168384999999994,🚀 MOON BAG (%50 VURKAÇ),2.75
2026-08-19 15:28:04.400909,XRP/USDT,MSB,NORMAL,77.41349862290176,2.8496143729406134,0.19753338745591076,1.014,1.0671,5.02642328086116,0.5230349999999993,🚀 MOON BAG (%50 VURKAÇ),2.23
2026-08-19 15:29:06.874038,PUMP/USDT,MSB,NORMAL,79.75152385021326,3.3502060787252286,1.146029821250269,0.003163327671058898,0.00309,-2.513223589199399,-0.4618910000000005,🛑 STOP LOSS (%-2.5),0.02
2026-08-19 15:45:52.132179,SUI/USDT,MSB,NORMAL,74.47784817997662,2.9129119578959526,0.4113787097217083,0.6702,0.6916,2.986896720110687,0.3188599999999996,DİNAMİK KISMİ KÂR,0.83
2026-08-19 15:58:40.636187,SUI/USDT,MSB,NORMAL,74.47784817997662,2.9129119578959526,0.4113787097217083,0.6702,0.6815,1.4828949027695704,0.16836999999999963,📈 TREND TAKİPLİ ÇIKIŞ,1.04
2026-08-19 17:08:06.962251,UNI/USDT,MSB,NORMAL,79.54366198532576,3.40447227207568,0.8496360204960897,3.508,3.522,0.1984902212952488,0.0797999999999988,🛡️ BAŞA BAŞ KORUMASI,1.66
2026-08-19 17:17:53.273346,DOGE/USDT,MSB,NORMAL,91.57283333083073,2.6523136562107443,0.35444664402410825,0.07203,0.07231,0.18815004237746105,0.07756000000000068,🛡️ BAŞA BAŞ KORUMASI,2.14
2026-08-19 22:13:13.534331,PEPE/USDT,MSB,NORMAL,88.95828382998211,2.7915549282558576,1.220842777359549,2.93e-06,2.86e-06,-2.5841053144807242,-0.47781565999999825,🛑 STOP LOSS (%-2.5),0.38
2026-08-19 22:34:01.515542,LINK/USDT,MSB,NORMAL,84.10263132585054,2.548898375035083,0.9027971088024087,10.579,10.62,0.18698571491842186,0.07707999999999735,🛡️ BAŞA BAŞ KORUMASI,1.71
2026-08-19 22:34:02.525793,UNI/USDT,MSB,NORMAL,74.11743669656128,2.8074419153743513,0.9002526204917942,3.619,3.632,0.1586973402392089,0.07175999999999946,🛡️ BAŞA BAŞ KORUMASI,1.7
2026-08-19 23:40:36.920977,XPL/USDT,MSB,NORMAL,76.20927413531355,2.817455671215328,0.8192904442230956,0.08098,0.08056,-0.7174105223005911,-0.10373999999999749,⏳ ZAMAN AŞIMI,4.0
2026-08-19 23:56:20.638489,TRUMP/USDT,MSB,NORMAL,90.73222476090395,2.635678951176251,2.004667134406059,1.748,1.8,2.7690844624483164,0.29611400000000027,DİNAMİK KISMİ KÂR,1.47
2026-08-20 00:01:37.628198,TRUMP/USDT,MSB,NORMAL,90.73222476090395,2.635678951176251,2.004667134406059,1.748,1.773,1.227548195511584,0.14236249999999948,📈 TREND TAKİPLİ ÇIKIŞ,1.56
2026-08-20 01:08:37.044356,ENA/USDT,MSB,NORMAL,82.34439134396985,3.7067353943848818,1.0274966672906516,0.0944,0.0931,-1.5741673580656514,-0.2754179999999991,⏳ ZAMAN AŞIMI,4.0
2026-08-20 03:04:27.619102,ZEC/USDT,MSB,NORMAL,74.07552815194894,4.24335433716275,0.441484198613251,513.91,554.2,7.6244298209234005,0.7655100000000015,📈 TREND TAKİPLİ ÇIKIŞ,13.84
2026-08-20 03:10:52.874030,ETH/USDT,MSB,NORMAL,74.93286313509687,2.623094119674067,0.1986052158258516,1937.08,2229.86,14.884503235010216,1.507817000000001,📈 TREND TAKİPLİ ÇIKIŞ,14.37
2026-08-20 08:58:59.891854,PEPE/USDT,MSB,NORMAL,78.47475168323068,2.6935021930986176,1.188701604301357,3.05e-06,3.21e-06,5.03562011758735,0.5245901600000006,🚀 MOON BAG (%50 VURKAÇ),0.76
2026-08-20 09:28:59.560892,PEPE/USDT,MSB,NORMAL,78.47475168323068,2.6935021930986176,1.188701604301357,3.05e-06,3.12e-06,2.090696189056863,0.2295081950000006,📈 TREND TAKİPLİ ÇIKIŞ,1.26
2026-08-20 11:06:32.292220,ENA/USDT,MSB,NORMAL,75.47183532052998,3.0507811584451625,0.7013843477276336,0.0961,0.1013,5.2004187279941805,0.5410859999999996,🚀 MOON BAG (%50 VURKAÇ),2.95
2026-08-20 12:07:12.787537,ENA/USDT,MSB,NORMAL,75.47183532052998,3.0507811584451625,0.7013843477276336,0.0961,0.0988,2.6041596280930412,0.2809484999999994,📈 TREND TAKİPLİ ÇIKIŞ,3.96
2026-08-20 14:15:40.858643,PUMP/USDT,MSB,NORMAL,81.59275844876824,2.6355584673300805,1.7560111668420384,0.003646113582497721,0.003557,-2.6389873334307765,-0.4887880000000003,🛑 STOP LOSS (%-2.6),0.07
2026-08-20 15:04:45.608041,ACE/USDT,MSB,NORMAL,76.38988029351738,2.5729938915800106,3.6318811992850786,0.2482,0.2554,2.6952902053627352,0.2901600000000005,DİNAMİK KISMİ KÂR,0.35
2026-08-20 15:32:08.244255,ACE/USDT,MSB,NORMAL,76.38988029351738,2.5729938915800106,3.6318811992850786,0.2482,0.2753,10.696998408521386,1.0921299999999994,📈 TREND TAKİPLİ ÇIKIŞ,0.81
2026-08-20 18:11:25.063734,PEPE/USDT,MSB,NORMAL,65.57246557656306,2.6149000371656963,1.4324750485788569,3.2e-06,3.12e-06,-2.694805194805183,-0.49999999999999784,🛑 STOP LOSS (%-2.5),2.94
2026-08-20 18:54:34.076303,XRP/USDT,MSB,NORMAL,77.41349862290176,2.8496143729406134,0.19753338745591076,1.014,1.2418,22.220796954524776,2.24383,📈 TREND TAKİPLİ ÇIKIŞ,29.67
2026-08-21 00:08:09.023162,NEIRO/USDT,MSB,NORMAL,65.13970767655283,2.554338679281914,2.4925335055697384,9.024e-05,9.05e-05,0.0877447021064211,0.05762406000000019,🛡️ BAŞA BAŞ KORUMASI,2.02
2026-08-21 03:43:47.999768,HEMI/USDT,MSB,NORMAL,88.28984400808487,3.4758957115792977,3.05569477182206,0.01135,0.01083,-4.772144155404066,-0.9162920000000023,🛑 STOP LOSS (%-4.6),0.36
2026-08-21 03:52:52.918332,CRV/USDT,MSB,NORMAL,80.04698682801573,2.5877675986857573,2.0167512342700964,0.3067,0.3228,5.039140839597311,0.5248600000000001,🚀 MOON BAG (%50 VURKAÇ),1.16
2026-08-21 04:37:45.885412,CRV/USDT,MSB,NORMAL,80.04698682801573,2.5877675986857573,2.0167512342700964,0.3067,0.3143,2.2732402908470952,0.24776000000000167,📈 TREND TAKİPLİ ÇIKIŞ,1.91
2026-08-21 05:39:57.914336,NEIRO/USDT,MSB,NORMAL,71.16947366827937,2.5577936970178503,2.9463466104232277,0.000100293986198325,0.00010322,2.711807695092563,0.2919298600000161,DİNAMİK KISMİ KÂR,0.1
2026-08-21 05:42:05.804445,NEIRO/USDT,MSB,NORMAL,71.16947366827937,2.5577936970178503,2.9463466104232277,0.000100293986198325,0.00010141,0.910719030801551,0.11134525500001627,📈 TREND TAKİPLİ ÇIKIŞ,0.14
2026-08-21 07:21:06.020873,BOME/USDT,MSB,NORMAL,65.09613678370778,2.558098478892257,2.5237356078787063,0.001238502242319127,0.0012785,3.0232736645122316,0.3228619000000057,DİNAMİK KISMİ KÂR,1.18
2026-08-21 07:40:17.842568,BCH/USDT,MSB,NORMAL,86.45998114952795,4.034803880228615,1.2439536926095578,247.8,255.8,3.022159438624339,0.32,DİNAMİK KISMİ KÂR,1.23
2026-08-21 09:00:22.702459,PEOPLE/USDT,MSB,NORMAL,80.99748944286848,2.6144605221433963,2.409630754067888,0.01224,0.01295,5.5892636774989946,0.5800345000000005,🚀 MOON BAG (%50 VURKAÇ),0.3
2026-08-21 09:00:40.343556,PEOPLE/USDT,MSB,NORMAL,80.99748944286848,2.6144605221433963,2.409630754067888,0.01224,0.01271,3.632397014749976,0.3839665000000014,📈 TREND TAKİPLİ ÇIKIŞ,0.3
2026-08-21 09:01:38.848722,BOME/USDT,MSB,NORMAL,65.09613678370778,2.558098478892257,2.5237356078787063,0.001238502242319127,0.0014361,15.722896605088785,1.5950091000000068,📈 TREND TAKİPLİ ÇIKIŞ,2.86
2026-08-21 09:02:14.324751,ADA/USDT,MSB,NORMAL,74.70073706793956,2.6118773374827184,0.8812215717964428,0.2055,0.2148,4.316705192617625,0.45198000000000016,DİNAMİK KISMİ KÂR,0.14
2026-08-21 09:03:08.030891,ENA/USDT,MSB,NORMAL,80.69902182189385,2.605595455773435,2.331313431966529,0.1423,0.1372,-3.7766169178678033,-0.716244000000003,🛑 STOP LOSS (%-3.5),0.08
2026-08-21 09:03:12.064777,BCH/USDT,MSB,NORMAL,86.45998114952795,4.034803880228615,1.2439536926095578,247.8,261.3,5.237256690041199,0.54,📈 TREND TAKİPLİ ÇIKIŞ,2.61
2026-08-21 09:03:19.333830,FET/USDT,MSB,NORMAL,88.30065780730662,3.0796430374725436,1.2431447110116265,0.1616,0.1578,-2.5465870762900438,-0.4700599999999997,🛑 STOP LOSS (%-2.5),0.17
2026-08-21 09:03:26.287946,ADA/USDT,MSB,NORMAL,74.70073706793956,2.6118773374827184,0.8812215717964428,0.2055,0.2118,2.85976796925703,0.30618,📈 TREND TAKİPLİ ÇIKIŞ,0.16
2026-08-21 12:33:35.339091,CRV/USDT,MSB,NORMAL,69.15077625824763,2.5621481653740523,1.7199586356412604,0.3281,0.3201,-2.6332095213533617,-0.48720000000000047,🛑 STOP LOSS (%-2.6),0.42
2026-08-21 17:24:18.528427,PEPE/USDT,MSB,NORMAL,76.73860526923711,2.5796127643072584,1.7827360174339537,3.94e-06,3.84e-06,-2.7328001947291374,-0.5076142000000038,🛑 STOP LOSS (%-2.7),0.17
2026-08-21 19:01:42.034754,GALA/USDT,MSB,NORMAL,70.53441986153958,2.5976157470743453,2.3475631475880427,0.002153,0.002081,-3.537289463903496,-0.6685200000000001,🛑 STOP LOSS (%-3.5),0.86
2026-08-21 20:38:48.525281,ZEC/USDT,MSB,NORMAL,70.78147150318873,2.613262657937704,1.556581528051032,693.3185714285714,695.28,0.08253893171773574,0.054919999999999164,🛡️ BAŞA BAŞ KORUMASI,0.45
2026-08-21 21:58:56.474138,CRV/USDT,MSB,NORMAL,65.13627327654442,2.6394944734763928,1.084386343499474,0.327,0.3365,2.6995939839976617,0.2902250000000003,DİNAMİK KISMİ KÂR,2.24
2026-08-21 22:14:56.019803,AAVE/USDT,MSB,NORMAL,74.36572609133908,6.842009404877507,1.134988394667723,116.32,120.47,3.3608155943094227,0.35690000000000044,DİNAMİK KISMİ KÂR,1.27
2026-08-21 23:05:06.573691,SHIB/USDT,MSB,NORMAL,86.42669545008137,2.7860024183986383,1.490783810227161,5.96e-06,6.13e-06,2.64684979450081,0.28523484000000016,DİNAMİK KISMİ KÂR,0.37
2026-08-21 23:20:59.258479,SHIB/USDT,MSB,NORMAL,86.42669545008137,2.7860024183986383,1.490783810227161,5.96e-06,6.04e-06,1.139799797517933,0.13422816000000015,📈 TREND TAKİPLİ ÇIKIŞ,0.64
2026-08-21 23:50:12.287437,FET/USDT,MSB,NORMAL,73.79093739894606,3.3014240860656208,1.53299621785264,0.1735,0.1695,-2.500669359458961,-0.4611999999999972,🛑 STOP LOSS (%-2.5),0.43
2026-08-22 00:19:26.372556,CRV/USDT,MSB,NORMAL,65.13627327654442,2.6394944734763928,1.084386343499474,0.327,0.336,2.546994290113568,0.27495000000000025,📈 TREND TAKİPLİ ÇIKIŞ,4.58
2026-08-22 02:33:44.377559,DASH/USDT,MSB,NORMAL,82.9563874390355,2.630223446126451,1.8692597073853088,41.83,43.33,3.3789781817513234,0.35775,DİNAMİK KISMİ KÂR,0.31
2026-08-22 02:34:07.112455,DASH/USDT,MSB,NORMAL,82.9563874390355,2.630223446126451,1.8692597073853088,41.83,42.69,1.852032738956004,0.20510999999999985,📈 TREND TAKİPLİ ÇIKIŞ,0.32
2026-08-22 02:35:17.931306,TRUMP/USDT,MSB,NORMAL,80.77034234992911,2.624501094959578,1.8582276411024377,2.068,2.075,0.1380147898523193,0.06769700000000113,🛡️ BAŞA BAŞ KORUMASI,0.16
2026-08-22 03:14:34.858311,BCH/USDT,MSB,NORMAL,69.96501845715667,3.0335710769089217,1.4116488212695737,302.5,294.8,-2.7401689219870877,-0.5081999999999993,🛑 STOP LOSS (%-2.5),0.28
2026-08-22 03:30:08.894275,ENA/USDT,MSB,NORMAL,81.98620460173612,2.669935143750573,1.8608115385174435,0.1586,0.1537,-3.283160723261591,-0.6178899999999985,🛑 STOP LOSS (%-2.8),0.09
2026-08-22 03:41:05.958163,POL/USDT,MSB,NORMAL,75.30562689142609,2.543922578623293,1.0621789874860648,0.09871,0.10395,5.098072831838409,0.5305499999999994,🚀 MOON BAG (%50 VURKAÇ),1.1
2026-08-22 04:00:59.607832,TRUMP/USDT,MSB,NORMAL,94.38175425775104,2.7136176126481986,2.9991654534962637,2.609,2.746,5.040762227423793,0.5246415,🚀 MOON BAG (%50 VURKAÇ),0.07
2026-08-22 04:01:21.802539,TRUMP/USDT,MSB,NORMAL,94.38175425775104,2.7136176126481986,2.9991654534962637,2.609,2.686,2.745625397982628,0.29487149999999984,📈 TREND TAKİPLİ ÇIKIŞ,0.08
2026-08-22 05:07:26.349731,BONK/USDT,MSB,NORMAL,83.8202568410663,2.5993729635586544,1.9626363305745465,3.61e-06,3.51e-06,-2.9643486707198594,-0.5540166000000016,🛑 STOP LOSS (%-2.9),0.17
2026-08-22 05:09:23.054870,POL/USDT,MSB,NORMAL,75.30562689142609,2.543922578623293,1.0621789874860648,0.09871,0.10657,7.747009347657715,0.7958249999999992,📈 TREND TAKİPLİ ÇIKIŞ,2.57
2026-08-22 05:09:56.289155,AAVE/USDT,MSB,NORMAL,74.36572609133908,6.842009404877507,1.134988394667723,116.32,122.87,5.419966896927023,0.5633000000000009,📈 TREND TAKİPLİ ÇIKIŞ,8.19
2026-08-22 05:10:13.572722,SOL/USDT,MSB,NORMAL,74.15368216586693,4.571533533235194,0.2249195767224072,78.01,94.75,21.21611243518691,2.1427199999999993,📈 TREND TAKİPLİ ÇIKIŞ,64.43
2026-08-22 08:19:32.868757,ZAMA/USDT,MSB,NORMAL,73.35091413375253,2.6317978249653637,3.7097236170290837,0.06552468852459016,0.06188,-5.751000078103903,-1.1116299999999997,🛑 STOP LOSS (%-5.5),0.67
2026-08-22 13:20:03.856592,TUT/USDT,MSB,NORMAL,69.70503993148229,2.5762632814036213,2.6823154086878485,0.04349,0.04485,2.9211074048967998,0.3128,DİNAMİK KISMİ KÂR,1.62
2026-08-22 13:31:47.538248,TUT/USDT,MSB,NORMAL,69.70503993148229,2.5762632814036213,2.6823154086878485,0.04349,0.04418,1.3836014525828395,0.15869999999999912,📈 TREND TAKİPLİ ÇIKIŞ,1.82
2026-08-22 17:47:32.494534,ZEN/USDT,MSB,NORMAL,74.37225551652128,2.7135205125990858,1.5306474093308005,5.578,5.592,0.050684346130748646,0.050119999999997666,🛡️ BAŞA BAŞ KORUMASI,0.32
2026-08-22 20:55:30.709224,MUBARAK/USDT,MSB,NORMAL,63.2425666775239,2.592020927163813,2.0154586316859318,0.02530685768500949,0.02532,-0.14797212702182785,0.010388999999998217,🛡️ BAŞA BAŞ KORUMASI,1.97
2026-08-23 08:54:08.603862,ENA/USDT,MSB,NORMAL,65.69762638675746,2.538290132383375,1.8245458287666927,0.161,0.1616,0.172126010635317,0.07453199999999868,🛡️ BAŞA BAŞ KORUMASI,0.21
2026-08-23 11:45:41.444849,XPL/USDT,MSB,NORMAL,64.78177073023001,3.348167131886697,1.1830543119595507,0.09479,0.10356,9.033745029103207,0.924358,🚀 MOON BAG (%50 VURKAÇ),2.63
2026-08-23 11:51:30.308055,PORTAL/USDT,MSB,NORMAL,59.15299822041639,2.552904207750744,2.8074625198726326,0.01363,0.01308,-4.226954263638046,-0.8064100000000002,🛑 STOP LOSS (%-4.2),1.99
2026-08-23 13:31:11.615898,AAVE/USDT,MSB,NORMAL,78.11645398893616,2.541804918706257,1.2252159732353396,132.75,138.86,4.393640258047062,0.458250000000001,DİNAMİK KISMİ KÂR,0.85
2026-08-23 13:35:58.237824,UNI/USDT,MSB,NORMAL,77.50000593900957,2.5506198534224294,1.0529718791663565,4.377,4.613,5.181247813187517,0.5380800000000014,🚀 MOON BAG (%50 VURKAÇ),0.89
2026-08-23 14:21:15.125618,TRUMP/USDT,MSB,NORMAL,71.79022862401531,2.6275453408201095,2.3269399412861627,2.71,2.854,5.103236247147704,0.5317200000000004,🚀 MOON BAG (%50 VURKAÇ),0.97
2026-08-23 14:28:16.445475,AAVE/USDT,MSB,NORMAL,78.11645398893616,2.541804918706257,1.2252159732353396,132.75,137.63,3.468937841819203,0.36599999999999966,📈 TREND TAKİPLİ ÇIKIŞ,1.8
2026-08-23 14:34:10.974637,UNI/USDT,MSB,NORMAL,77.50000593900957,2.5506198534224294,1.0529718791663565,4.377,4.528,3.243158486475834,0.34427999999999953,📈 TREND TAKİPLİ ÇIKIŞ,1.86
2026-08-23 14:39:30.886690,TRUMP/USDT,MSB,NORMAL,71.79022862401531,2.6275453408201095,2.3269399412861627,2.71,2.839,4.550836617257306,0.4763325,📈 TREND TAKİPLİ ÇIKIŞ,1.27
2026-08-23 14:42:37.056908,XPL/USDT,MSB,NORMAL,64.78177073023001,3.348167131886697,1.1830543119595507,0.09479,0.10256,7.980889244735659,0.818958,📈 TREND TAKİPLİ ÇIKIŞ,5.58
2026-08-23 14:42:58.036912,ZEC/USDT,MSB,NORMAL,78.3683741803062,2.774043727184881,1.228325199221208,860.35,839.62,-2.6044705570479865,-0.4767900000000005,🛑 STOP LOSS (%-2.5),1.06
2026-08-23 17:27:09.909790,PENGU/USDT,MSB,NORMAL,80.01801775754215,2.5810074846026194,1.5710367949039497,0.009134,0.009459,3.3512250832154664,0.3557125000000007,DİNAMİK KISMİ KÂR,1.54
2026-08-23 17:31:18.529626,PENGU/USDT,MSB,NORMAL,80.01801775754215,2.5810074846026194,1.5710367949039497,0.009134,0.009328,1.9198887383691539,0.21233299999999972,📈 TREND TAKİPLİ ÇIKIŞ,1.61
2026-08-23 17:38:36.294409,ZRO/USDT,MSB,NORMAL,63.86613722572179,2.586256361803715,2.3531875349591314,1.264,1.243,-1.8578731395187047,-0.33221999999999857,⏳ ZAMAN AŞIMI,4.0
2026-08-23 19:47:00.430523,ZEC/USDT,MSB,NORMAL,69.68957466402196,2.5398415095411093,1.4664865312256092,879.7,859.42,-2.5005255060955918,-0.4461600000000019,🛑 STOP LOSS (%-2.5),1.38
2026-08-23 21:40:33.638201,ASTER/USDT,MSB,NORMAL,78.92136329259719,3.8166509283086696,0.9260189151504475,0.704,0.686,-2.7515098537825526,-0.5111999999999973,🛑 STOP LOSS (%-2.5),0.49
2026-08-23 23:06:29.484117,UNI/USDT,MSB,NORMAL,65.72582367258427,3.5521580136237403,1.115450056745774,4.628,4.519,-2.5503234880935737,-0.47087999999999997,🛑 STOP LOSS (%-2.5),1.92
2026-08-24 13:33:11.321496,TAO/USDT,MSB,NORMAL,57.62437931124965,2.5398460702244474,0.8911411944451019,237.8,238.5,0.09397667093211097,0.05886999999999904,🛡️ BAŞA BAŞ KORUMASI,3.4
2026-08-24 13:42:56.125947,ONDO/USDT,MSB,NORMAL,65.43132934766132,3.8542210202826563,1.0683113287507922,0.3859,0.377,-2.5014891819763485,-0.461020000000001,🛑 STOP LOSS (%-2.5),1.05
2026-08-24 13:52:07.706295,SPCXB/USDT,MSB,NORMAL,75.79714061086447,8.941641541862857,0.48925969468676345,137.43,134.12,-2.6034868863945433,-0.4799500000000003,🛑 STOP LOSS (%-2.5),0.27
2026-08-24 15:58:23.116919,VIRTUAL/USDT,MSB,NORMAL,75.67050347857872,2.5949847915325703,1.8276064702804506,0.8274,0.8063,-2.7448620994668818,-0.5085100000000002,🛑 STOP LOSS (%-2.7),0.85
2026-08-24 16:49:05.880895,INJ/USDT,MSB,NORMAL,76.31084117805148,2.5448718990843426,1.1978449674127196,5.681,5.977,5.000139800351056,0.5209600000000004,🚀 MOON BAG (%50 VURKAÇ),2.38
2026-08-24 16:52:17.150234,MSTRB/USDT,MSB,NORMAL,74.6338916310667,10.171753212265646,1.7152992154821287,126.69,123.56,-2.6654614625251423,-0.4914099999999993,🛑 STOP LOSS (%-2.6),2.22
2026-08-24 17:29:16.985114,INJ/USDT,MSB,NORMAL,76.31084117805148,2.5448718990843426,1.1978449674127196,5.681,5.833,2.4704392597369362,0.2675200000000002,📈 TREND TAKİPLİ ÇIKIŞ,3.05
2026-08-25 01:14:53.999155,ASTER/USDT,MSB,NORMAL,66.00254052549764,2.8499358306201428,0.9283915355580273,0.704,0.704,-0.19980019980019487,0.0,⏳ ZAMAN AŞIMI,4.0
2026-08-25 03:24:56.228562,PROM/USDT,MSB,NORMAL,79.48023591920993,2.594176210333057,2.8150063670429883,4.22,4.457,5.405092537793973,0.5605050000000003,🚀 MOON BAG (%50 VURKAÇ),0.61
2026-08-25 03:34:07.798135,PROM/USDT,MSB,NORMAL,79.48023591920993,2.594176210333057,2.8150063670429883,4.22,4.517,6.8240527245266955,0.7024050000000015,📈 TREND TAKİPLİ ÇIKIŞ,0.76
2026-08-25 04:26:05.717024,PORTAL/USDT,MSB,NORMAL,65.04294444148495,2.8723421918350054,2.1608183502170584,0.01769,0.01715,-3.2462732293144962,-0.6104700000000026,🛑 STOP LOSS (%-3.2),0.58
2026-08-25 05:27:43.906060,ONDO/USDT,MSB,NORMAL,71.63552863990189,2.8194344383956125,0.8519551786815037,0.3923,0.395,0.4870734669358428,0.1374300000000018,⏳ ZAMAN AŞIMI,4.0
2026-08-25 06:20:38.562136,MSTRB/USDT,MSB,NORMAL,74.65250292863198,3.0582309281911466,0.6765847940307758,126.97,127.08,-0.11333865787673217,0.01726999999999991,⏳ ZAMAN AŞIMI,4.0
2026-08-25 07:51:08.774488,SOL/USDT,MSB,NORMAL,79.08647327034656,2.8136351796331387,0.7783714268117158,99.99,100.39,0.19944052347293686,0.08000000000000114,🛡️ BAŞA BAŞ KORUMASI,3.7
2026-08-25 10:08:11.377789,POL/USDT,MSB,NORMAL,74.54008721925912,2.5389993688461296,0.9662354521250113,0.12114,0.12033,-0.867112085537036,-0.13364999999999855,⏳ ZAMAN AŞIMI,4.0
2026-08-25 13:30:11.303375,SNDKB/USDT,MSB,NORMAL,76.7291719390708,2.6910869985420582,0.6543519870751823,1559.59,1523.11,-2.534203016381022,-0.4669440000000002,🛑 STOP LOSS (%-2.5),3.29
2026-08-25 13:41:45.942795,ZRO/USDT,MSB,NORMAL,85.25942791065481,2.620388648356679,2.181660078315677,1.254,1.212,-3.5423906237303284,-0.6694800000000005,🛑 STOP LOSS (%-3.3),0.04
2026-08-25 17:22:20.514557,POL/USDT,MSB,NORMAL,65.21781575886953,2.5461720877213363,1.5853769316182593,0.12628,0.12336,-2.507502000691728,-0.462236000000001,🛑 STOP LOSS (%-2.5),0.39
2026-08-26 01:23:14.036128,ACE/USDT,MSB,NORMAL,63.386215001824255,2.9776677644122254,1.4675210391430127,0.2293,0.224,-2.5065645213922534,-0.46215999999999996,🛑 STOP LOSS (%-2.5),0.49
2026-08-26 02:31:05.905973,PROM/USDT,MSB,NORMAL,71.42302632418583,2.5419460926907558,2.2745253842697783,4.4836,4.484,-0.19089662233562746,0.001779999999999804,🛡️ BAŞA BAŞ KORUMASI,1.16
2026-08-26 03:03:37.159178,STX/USDT,MSB,NORMAL,76.0831224374331,2.5890489311800056,1.723029514911215,0.2859,0.279,-2.608409428976021,-0.48230999999999735,🛑 STOP LOSS (%-2.6),0.35
2026-08-26 03:55:42.709100,RE/USDT,MSB,NORMAL,76.61045389761566,2.562519883884017,1.1065301212783354,0.5831,0.5694,-2.544617104726852,-0.4685399999999978,🛑 STOP LOSS (%-2.5),0.47
2026-08-26 08:29:50.483795,ONG/USDT,MSB,NORMAL,72.06464118514953,2.8603530702978217,2.721638517857885,0.1091055737704918,0.10484,-4.101572582694772,-0.7806000000000002,🛑 STOP LOSS (%-4.1),0.56
2026-08-26 14:56:18.834939,BNB/USDT,MSB,NORMAL,75.08312560302485,2.588413702928591,0.3294359556229956,706.8,694.58,-1.9252648879134193,-0.3421599999999976,⏳ ZAMAN AŞIMI,4.0
2026-08-27 00:08:20.047426,ONT/USDT,MSB,NORMAL,71.49850734899049,2.5421446460748958,3.9242245222760763,0.06921,0.0713,2.8139610714383525,0.3009600000000012,DİNAMİK KISMİ KÂR,1.94
2026-08-27 00:08:54.838314,ONT/USDT,MSB,NORMAL,71.49850734899049,2.5421446460748958,3.9242245222760763,0.06921,0.07013,1.1268315559603184,0.1324800000000006,📈 TREND TAKİPLİ ÇIKIŞ,1.95
2026-08-27 01:46:10.589918,ZEC/USDT,MSB,NORMAL,76.57524764031773,2.6095510993061093,0.944221847247371,815.29,796.39,-2.5133619707329484,-0.45359999999999945,🛑 STOP LOSS (%-2.5),3.3
2026-08-27 04:09:08.369803,BICO/USDT,MSB,NORMAL,79.49889029337453,2.598009605839543,3.7806347008642662,0.03096,0.03106,0.12255186673792431,0.06455699999999961,🛡️ BAŞA BAŞ KORUMASI,0.49
2026-08-27 06:20:17.224607,SOL/USDT,MSB,NORMAL,81.80742956602815,3.4873804625285563,0.6069052628233836,100.58,101.02,0.2367884650644629,0.08711999999999956,⏳ ZAMAN AŞIMI,4.0
2026-08-27 06:32:08.423541,TUT/USDT,MSB,NORMAL,77.05953549860409,2.8237564088102105,1.9549260835676825,0.0566,0.0567,-0.0234747584570798,0.03530000000000102,🛡️ BAŞA BAŞ KORUMASI,0.85
2026-08-27 09:39:03.179705,TAO/USDT,MSB,NORMAL,77.19695156889345,2.501417019721697,1.007408592468718,250.8,251.7,0.15833448847803233,0.07172999999999818,🛡️ BAŞA BAŞ KORUMASI,1.44
2026-08-27 12:12:17.532299,SOXLB/USDT,MSB,NORMAL,74.0690889338032,2.8157926294309017,0.6127759016906862,126.3,125.62,-0.7371251076714077,-0.10743999999999883,⏳ ZAMAN AŞIMI,4.0
2026-08-27 12:13:39.843201,SNDKB/USDT,MSB,NORMAL,74.61666523129111,8.053202058693564,0.44395103736311414,1569.35,1568.3,-0.266573201227652,-0.013334999999999422,⏳ ZAMAN AŞIMI,4.0
2026-08-27 13:40:52.405343,HEI/USDT,MSB,NORMAL,71.45854178872256,4.962010611543797,1.495521396233248,0.1465,0.1504,2.4569969279867068,0.266175000000001,DİNAMİK KISMİ KÂR,0.51
2026-08-27 13:45:37.367086,HEI/USDT,MSB,NORMAL,71.45854178872256,4.962010611543797,1.495521396233248,0.1465,0.1481,0.8901678526251988,0.10920000000000124,📈 TREND TAKİPLİ ÇIKIŞ,0.59
2026-08-27 14:10:23.143674,ENA/USDT,MSB,NORMAL,65.70757927197354,4.116665645488974,1.6520249583859268,0.1563,0.1567,0.05560658151830992,0.05108400000000146,🛡️ BAŞA BAŞ KORUMASI,0.17
2026-08-27 14:41:29.093305,TRUMP/USDT,MSB,NORMAL,68.7027476766607,2.8383639941358676,1.4174616074349322,2.436,2.563,5.00324798354357,0.5215255000000009,DİNAMİK KISMİ KÂR,0.51
2026-08-27 14:55:38.696337,TRUMP/USDT,MSB,NORMAL,68.7027476766607,2.8383639941358676,1.4174616074349322,2.436,2.519,3.2006171168732895,0.34083950000000074,📈 TREND TAKİPLİ ÇIKIŞ,0.75
2026-08-27 18:26:51.236246,PROM/USDT,MSB,NORMAL,71.6779578894556,2.579657503731137,2.2770867892490343,5.141,5.082,-1.3451438660541783,-0.22951000000000063,🛡️ BAŞA BAŞ KORUMASI,0.22
2026-08-27 19:15:48.230003,HEMI/USDT,MSB,NORMAL,71.69115190270976,2.6182629182833868,2.4970740124791044,0.00948,0.01017,7.0641383932523185,0.7278464999999995,🚀 MOON BAG (%50 VURKAÇ),0.35
2026-08-27 19:25:07.355121,HEMI/USDT,MSB,NORMAL,71.69115190270976,2.6182629182833868,2.4970740124791044,0.00948,0.00994,4.642825528901472,0.48523099999999847,📈 TREND TAKİPLİ ÇIKIŞ,0.51
2026-08-27 21:04:36.474683,BMT/USDT,MSB,NORMAL,81.36784156165263,2.6824654011868696,1.7368758322215163,0.024,0.02465,2.5031218781218807,0.2708224999999991,DİNAMİK KISMİ KÂR,0.59
2026-08-27 22:10:28.864129,BMT/USDT,MSB,NORMAL,81.36784156165263,2.6824654011868696,1.7368758322215163,0.024,0.02775,15.393981018981037,1.5624375,📈 TREND TAKİPLİ ÇIKIŞ,1.69
2026-08-28 01:30:25.928994,TRUMP/USDT,MSB,NORMAL,63.51713831649916,2.681312780878428,1.4961619386840577,2.633,2.83,7.267210571426307,0.7484030000000003,🚀 MOON BAG (%50 VURKAÇ),1.15
2026-08-28 01:36:25.093988,ENA/USDT,MSB,NORMAL,77.72355128634085,2.92265511647873,1.6947717818251666,0.1817,0.1867,2.5464903835845027,0.27502500000000024,DİNAMİK KISMİ KÂR,0.21
2026-08-28 01:46:11.548970,TRUMP/USDT,MSB,NORMAL,63.51713831649916,2.681312780878428,1.4961619386840577,2.633,2.799,6.092198724177457,0.6306339999999997,📈 TREND TAKİPLİ ÇIKIŞ,1.41
2026-08-28 01:49:14.979186,ENA/USDT,MSB,NORMAL,77.72355128634085,2.92265511647873,1.6947717818251666,0.1817,0.1842,1.1733450918921629,0.13751250000000012,📈 TREND TAKİPLİ ÇIKIŞ,0.42
2026-08-28 02:41:56.634958,MOVR/USDT,MSB,NORMAL,63.83498106675077,3.0148187820207335,3.359588271079663,1.034,1.092,5.398276771584313,0.5598450000000005,DİNAMİK KISMİ KÂR,0.27
2026-08-28 02:46:54.961612,MOVR/USDT,MSB,NORMAL,63.83498106675077,3.0148187820207335,3.359588271079663,1.034,1.105,6.65301816172223,0.6853274999999995,📈 TREND TAKİPLİ ÇIKIŞ,0.35
2026-08-28 04:12:33.014457,VET/USDT,MSB,NORMAL,56.62163715655844,2.585640571594349,1.533662302941021,0.007277,0.007158,-1.8318221561316053,-0.32704769999999816,⏳ ZAMAN AŞIMI,4.0
2026-08-28 07:00:12.494645,HEMI/USDT,MSB,NORMAL,70.67885294950517,2.53957021940762,3.4776629692946557,0.01178,0.01218,3.1890011516497028,0.33953999999999945,DİNAMİK KISMİ KÂR,0.38
2026-08-28 07:05:16.503192,HEMI/USDT,MSB,NORMAL,70.67885294950517,2.53957021940762,3.4776629692946557,0.01178,0.01196,1.3251604083522597,0.15279299999999968,📈 TREND TAKİPLİ ÇIKIŞ,0.47
2026-08-28 13:50:24.027360,CHIP/USDT,MSB,NORMAL,77.73550710182974,2.691171196335531,2.8956275439513397,0.04414,0.04431,0.1845684899604397,0.07701000000000158,🛡️ BAŞA BAŞ KORUMASI,1.63
2026-08-28 15:48:20.170476,TRUMP/USDT,MSB,NORMAL,63.67651657530017,2.6313202933640354,2.151758373173874,2.849,2.761,-3.2824318538604245,-0.6174960000000005,🛑 STOP LOSS (%-3.2),1.15
2026-08-30 14:06:06.418037,UNI/USDT,MSB,NORMAL,76.94480755846098,2.5876315589918715,1.1230940102108746,5.168,5.184,0.10917874694965955,0.06192000000000006,🛡️ BAŞA BAŞ KORUMASI,1.93
2026-08-30 17:43:18.939308,SOL/USDT,MSB,NORMAL,76.787859418764,2.5750789512858523,0.3697258726502753,107.01,106.06,-1.0857939369293361,-0.17670000000000052,⏳ ZAMAN AŞIMI,4.0
2026-08-30 19:07:09.368329,LINK/USDT,MSB,NORMAL,74.34581219225895,2.7915271031310307,0.33986136669370554,11.581,11.631,0.23107882532805568,0.08600000000000121,⏳ ZAMAN AŞIMI,4.0
2026-08-30 19:38:12.135093,ZEC/USDT,MSB,NORMAL,79.99586324593248,3.2066299226373003,0.7700288456833414,868.78,864.1,-0.7374103370788216,-0.10763999999999885,⏳ ZAMAN AŞIMI,4.0
2026-08-30 20:14:35.516187,ETH/USDT,MSB,NORMAL,81.08191766512984,2.9005822020823087,0.31106834525133426,2507.74,2504.73,-0.3195887749310127,-0.023778999999998135,⏳ ZAMAN AŞIMI,4.0
2026-08-30 20:40:19.106087,PEPE/USDT,MSB,NORMAL,76.35946167022013,2.712270565249537,0.7232246385975588,3.75e-06,3.66e-06,-2.595004995004983,-0.4787233199999999,🛑 STOP LOSS (%-2.5),3.75
2026-08-31 09:23:52.371443,HEMI/USDT,MSB,NORMAL,67.27307852042615,2.769244492690495,3.6825452266331147,0.0163,0.01636,0.167562498850868,0.07361400000000126,🛡️ BAŞA BAŞ KORUMASI,0.7
2026-08-31 12:11:59.551902,SNDKB/USDT,MSB,NORMAL,78.24034829571197,4.568508869579017,0.4305788628165341,1505.89,1487.62,-1.4106121783309509,-0.24116400000000277,⏳ ZAMAN AŞIMI,4.0
2026-08-31 12:40:39.768735,DASH/USDT,MSB,NORMAL,72.21312730497573,4.946514059775157,0.8892689749149221,43.29,43.45,0.1690617075232734,0.0739200000000017,🛡️ BAŞA BAŞ KORUMASI,2.44
2026-08-31 16:14:36.989338,SNDKB/USDT,MSB,NORMAL,76.34213283285605,6.671592816243584,0.6149752347173534,1529.91,1494.52,-2.5083863721430517,-0.4600700000000012,🛑 STOP LOSS (%-2.5),2.54
2026-08-31 17:23:42.853288,0G/USDT,MSB,NORMAL,68.42998032947887,2.6987990710029544,3.2605525793687966,0.223,0.2337,4.588819252496388,0.4804299999999994,DİNAMİK KISMİ KÂR,0.23
2026-08-31 17:28:29.348589,DASH/USDT,MSB,NORMAL,74.09446887833165,3.325772088161407,1.2871093702684069,45.54373576309795,46.99,2.9694053427029536,0.3174550000000006,DİNAMİK KISMİ KÂR,1.01
2026-08-31 17:33:12.461925,0G/USDT,MSB,NORMAL,68.42998032947887,2.6987990710029544,3.2605525793687966,0.223,0.2347,5.036353780748406,0.5253299999999994,📈 TREND TAKİPLİ ÇIKIŞ,0.39
2026-08-31 17:53:59.493750,DASH/USDT,MSB,NORMAL,74.09446887833165,3.325772088161407,1.2871093702684069,45.54373576309795,46.97,2.925579249771384,0.3130649999999999,📈 TREND TAKİPLİ ÇIKIŞ,1.43
2026-08-31 19:07:20.875502,NEAR/USDT,MSB,NORMAL,62.798032864815184,2.6163594433640838,0.8472316146180723,1.885,1.878,-0.5704110213393958,-0.07420000000000124,⏳ ZAMAN AŞIMI,4.0
2026-09-01 01:08:02.942421,PUMP/USDT,MSB,NORMAL,77.15502774304663,2.8674092336190715,1.0414778323671139,0.004682,0.004573,-2.5232136509368517,-0.46532100000000254,🛑 STOP LOSS (%-2.5),0.84
2026-09-01 01:09:14.152330,0G/USDT,MSB,NORMAL,66.38928768975829,2.570353479419208,3.2057987690170098,0.2395,0.2492,3.8422120676818103,0.4055085000000006,DİNAMİK KISMİ KÂR,0.18
2026-09-01 01:15:04.281195,0G/USDT,MSB,NORMAL,66.38928768975829,2.570353479419208,3.2057987690170098,0.2395,0.2459,2.4670944921467046,0.2675520000000007,📈 TREND TAKİPLİ ÇIKIŞ,0.28
2026-09-01 06:32:45.600100,UNI/USDT,MSB,NORMAL,73.83833573032979,3.442956655754244,1.106752694510983,5.577,5.822,4.184465346380358,0.4385500000000002,DİNAMİK KISMİ KÂR,0.85
2026-09-01 06:38:05.767439,UNI/USDT,MSB,NORMAL,73.83833573032979,3.442956655754244,1.106752694510983,5.577,5.747,2.8423432404067124,0.3042999999999999,📈 TREND TAKİPLİ ÇIKIŞ,0.94
2026-09-03 03:21:54.950791,PROM/USDT,MSB,NORMAL,78.40745902620013,2.5661488338626164,2.2878414430659593,5.416,5.237,-3.49821891550104,-0.660510000000001,🛑 STOP LOSS (%-3.4),0.12
2026-09-03 12:07:14.475618,TRUMP/USDT,MSB,NORMAL,75.62349018101425,2.5576952086908475,0.9961810693132619,2.344,2.403,2.3122355460239468,0.25136950000000075,DİNAMİK KISMİ KÂR,0.77
2026-09-03 12:25:40.671910,TRUMP/USDT,MSB,NORMAL,75.62349018101425,2.5576952086908475,0.9961810693132619,2.344,2.372,0.992352357540084,0.11929400000000012,📈 TREND TAKİPLİ ÇIKIŞ,1.08
2026-09-03 14:36:44.936610,CRCLB/USDT,MSB,NORMAL,91.10668621200779,9.432285278344773,0.8504706794462654,97.036,99.78,2.6223662977033024,0.27440000000000003,DİNAMİK KISMİ KÂR,0.94
2026-09-03 14:45:24.906257,MUBARAK/USDT,MSB,NORMAL,71.34129806830629,2.7803440647705924,2.71360560823324,0.03081,0.03074,-0.4265452171975952,-0.0451430000000004,🛡️ BAŞA BAŞ KORUMASI,0.09
2026-09-03 15:22:44.250596,ZEC/USDT,MSB,NORMAL,76.9283587671847,2.5436606848951167,0.6561345132298482,855.94,905.28,5.553105211959811,0.5674099999999991,🚀 MOON BAG (%50 VURKAÇ),1.67
2026-09-03 19:15:36.574711,ARB/USDT,MSB,NORMAL,66.67402015453551,2.878253267664099,1.651694164685346,0.1384,0.1428,2.9730385221714952,0.31790000000000107,DİNAMİK KISMİ KÂR,0.61
2026-09-03 19:16:09.726516,ARB/USDT,MSB,NORMAL,66.67402015453551,2.878253267664099,1.651694164685346,0.1384,0.1407,1.4587291321395512,0.16617499999999974,📈 TREND TAKİPLİ ÇIKIŞ,0.62
2026-09-03 20:37:15.253758,PEPE/USDT,MSB,NORMAL,86.33329122924877,2.6751673042766106,1.0052774915269231,3.73e-06,3.74e-06,0.06776065757301156,0.05361930000000176,🛡️ BAŞA BAŞ KORUMASI,1.79
2026-09-03 21:55:52.520837,SPCXB/USDT,MSB,NORMAL,95.19116620334849,2.6127895537988493,0.5109437089993867,148.59,149.33,0.29721943713466203,0.09916000000000122,⏳ ZAMAN AŞIMI,4.0
2026-09-03 23:44:12.995819,CHIP/USDT,MSB,NORMAL,64.31951870911875,2.5594559432070993,2.5068445584603993,0.0567,0.05598,-1.4671043242471613,-0.25343999999999944,⏳ ZAMAN AŞIMI,4.0
2026-09-04 01:32:07.660747,ZEC/USDT,MSB,NORMAL,76.9283587671847,2.5436606848951167,0.6561345132298482,855.94,935.33,9.0568508062725,0.9129849999999998,📈 TREND TAKİPLİ ÇIKIŞ,11.83
2026-09-04 01:52:44.494953,CHIP/USDT,MSB,NORMAL,69.03789671932005,3.7389765932303063,2.16300469820173,0.05832,0.05976,2.2644022644022836,0.24624000000000065,DİNAMİK KISMİ KÂR,1.14
2026-09-04 02:21:19.303326,CHIP/USDT,MSB,NORMAL,69.03789671932005,3.7389765932303063,2.16300469820173,0.05832,0.06007,2.7948902948903047,0.29925000000000024,📈 TREND TAKİPLİ ÇIKIŞ,1.61
2026-09-04 03:15:16.931257,DASH/USDT,MSB,NORMAL,65.87570718884349,2.618223010494318,0.9946456545303372,47.06,50.05,6.141096472588188,0.6353749999999988,DİNAMİK KISMİ KÂR,3.8
2026-09-04 04:41:40.606055,DASH/USDT,MSB,NORMAL,65.87570718884349,2.618223010494318,0.9946456545303372,47.06,50.46,7.010583976159842,0.7224999999999996,📈 TREND TAKİPLİ ÇIKIŞ,5.24
2026-09-04 08:53:36.487877,ZEC/USDT,MSB,NORMAL,56.84259384945024,2.539057619948422,0.8734699882124516,950.14,1008.5,5.930180287643406,0.6127800000000002,🚀 MOON BAG (%50 VURKAÇ),1.76
2026-09-04 09:35:37.271812,ZEC/USDT,MSB,NORMAL,56.84259384945024,2.539057619948422,0.8734699882124516,950.14,997.36,4.7600640671135706,0.4958100000000003,📈 TREND TAKİPLİ ÇIKIŞ,2.46
2026-09-04 11:30:04.999057,XPL/USDT,MSB,NORMAL,56.95038625500006,2.5022366633936226,0.955988727877091,0.09468,0.10105,6.514683035595594,0.672672,🚀 MOON BAG (%50 VURKAÇ),3.02
2026-09-04 12:25:26.604056,XPL/USDT,MSB,NORMAL,56.95038625500006,2.5022366633936226,0.955988727877091,0.09468,0.0996,4.986268484367348,0.5195519999999993,📈 TREND TAKİPLİ ÇIKIŞ,3.94
2026-09-04 12:30:36.807909,CRCLB/USDT,MSB,NORMAL,91.10668621200779,9.432285278344773,0.8504706794462654,97.036,100.37,3.229173234119869,0.33340000000000036,📈 TREND TAKİPLİ ÇIKIŞ,22.84
2026-09-04 12:31:35.452127,LINK/USDT,MSB,NORMAL,59.52416536136038,2.5525530037707664,0.5215038249026536,11.983,11.705,-2.5151181956656266,-0.4614800000000008,🛑 STOP LOSS (%-2.5),3.83
2026-09-04 20:15:05.469437,NEAR/USDT,MSB,NORMAL,78.71877302205179,2.9233028214230146,1.2358312485659748,2.104,2.111,0.13223468546663697,0.06650000000000111,🛡️ BAŞA BAŞ KORUMASI,0.78
2026-09-04 21:45:57.499400,ZEN/USDT,MSB,NORMAL,67.65447771341483,2.8184810512849063,1.8324063182201416,6.51,6.856,5.104480772683546,0.5311100000000001,🚀 MOON BAG (%50 VURKAÇ),1.14
2026-09-04 21:54:00.741959,DASH/USDT,MSB,NORMAL,73.27987450548818,2.5461577783980553,1.6915925815152661,57.44,58.98,2.47590153579013,0.2679599999999998,DİNAMİK KISMİ KÂR,1.02
2026-09-04 22:11:13.354455,DASH/USDT,MSB,NORMAL,73.27987450548818,2.5461577783980553,1.6915925815152661,57.44,58.1,0.9469291154528063,0.11484000000000062,📈 TREND TAKİPLİ ÇIKIŞ,1.3
2026-09-04 22:23:17.789484,ZEN/USDT,MSB,NORMAL,67.65447771341483,2.8184810512849063,1.8324063182201416,6.51,6.692,2.5903129128935687,0.27937000000000056,📈 TREND TAKİPLİ ÇIKIŞ,1.76
2026-09-05 01:19:19.559838,DASH/USDT,MSB,NORMAL,82.41182228201653,2.63322324343406,2.133000741920066,63.6,65.41,2.6404256121237273,0.28416999999999926,DİNAMİK KISMİ KÂR,1.83
2026-09-05 02:24:11.909305,ZEN/USDT,MSB,NORMAL,76.12924237214771,2.6511733557340316,1.6523568940626232,7.108,7.518,5.556823592839368,0.5760500000000002,🚀 MOON BAG (%50 VURKAÇ),2.97
2026-09-05 02:34:07.016865,ZKC/USDT,MSB,NORMAL,76.86789314190263,2.8559308842194375,0.6559536529982879,0.0508,0.0496,-2.5572852344505757,-0.47243999999999986,🛑 STOP LOSS (%-2.5),0.59
2026-09-05 03:02:34.332564,DASH/USDT,MSB,NORMAL,82.41182228201653,2.63322324343406,2.133000741920066,63.6,66.56,4.4449889732908785,0.46472000000000013,📈 TREND TAKİPLİ ÇIKIŞ,3.55
2026-09-05 03:06:59.629486,ZEN/USDT,MSB,NORMAL,76.12924237214771,2.6511733557340316,1.6523568940626232,7.108,7.304,2.5521467839982397,0.27538000000000085,📈 TREND TAKİPLİ ÇIKIŞ,3.68
2026-09-05 06:18:04.452106,SNDKB/USDT,MSB,NORMAL,82.82569639604598,9.80192761721674,0.31733258468342784,1759.24,1767.47,0.2670807512671131,0.0929990000000002,⏳ ZAMAN AŞIMI,4.0
2026-09-05 08:10:28.037277,LTC/USDT,MSB,NORMAL,77.57436392835575,2.619207049392497,0.37848051739257915,51.73,53.58,3.369315779909271,0.35705000000000026,DİNAMİK KISMİ KÂR,2.72
2026-09-05 10:23:23.186944,LTC/USDT,MSB,NORMAL,77.57436392835575,2.619207049392497,0.37848051739257915,51.73,52.8,1.8644993127885274,0.20651000000000003,📈 TREND TAKİPLİ ÇIKIŞ,4.93
2026-09-05 10:24:41.748290,TRUMP/USDT,MSB,NORMAL,78.71305721233071,2.773087927659559,0.8315545887059893,2.4,2.387,-0.7403846153846061,-0.10832899999999918,⏳ ZAMAN AŞIMI,4.0
2026-09-05 11:33:31.345638,TUT/USDT,MSB,NORMAL,81.89236394294227,2.688969929175418,2.525586931412239,0.02949,0.02842,-3.8208993448057402,-0.7254599999999987,🛑 STOP LOSS (%-3.8),0.4
2026-09-05 12:03:17.215886,ASTER/USDT,MSB,NORMAL,79.47805397633965,3.8675092634169794,0.6685815190031875,0.757,0.797,5.073658178017504,0.5284000000000005,🚀 MOON BAG (%50 VURKAÇ),3.33
2026-09-05 12:03:31.063266,GRAM/USDT,MSB,NORMAL,74.43605744944807,2.575722343743847,0.43548402232782,1.429,1.424,-0.5489961403187513,-0.06995000000000162,⏳ ZAMAN AŞIMI,4.0
2026-09-05 12:51:55.503871,DASH/USDT,MSB,NORMAL,66.1726942313733,2.5883903106855124,1.9661605261603154,70.52,68.54,-3.0019045050241546,-0.5603399999999971,🛑 STOP LOSS (%-2.9),0.19
2026-09-05 13:42:02.082782,ASTER/USDT,MSB,NORMAL,79.47805397633965,3.8675092634169794,0.6685815190031875,0.757,0.823,8.501406123598995,0.8718599999999994,📈 TREND TAKİPLİ ÇIKIŞ,4.97
2026-09-05 13:52:40.087669,CAKE/USDT,MSB,NORMAL,82.563802192469,2.588081718108237,1.0823005266914214,2.253,2.201,-2.503222476591299,-0.46124000000000037,🛑 STOP LOSS (%-2.5),0.67
2026-09-05 16:27:19.626655,TAO/USDT,MSB,NORMAL,75.77986237729482,2.5597244042781755,0.7131834380087154,234.2,235.0,0.1411056919169689,0.06824000000000095,🛡️ BAŞA BAŞ KORUMASI,1.51
2026-09-05 16:36:38.437467,SUI/USDT,MSB,NORMAL,76.9172699997442,2.88248720909379,0.6455476078912092,0.8018,0.7971,-0.7848101013478772,-0.11702999999999818,⏳ ZAMAN AŞIMI,4.0
2026-09-05 16:49:07.028957,BNB/USDT,MSB,NORMAL,78.67437463202863,2.622656082925211,0.35892071043575674,737.16,775.74,5.023342277127087,0.5208300000000005,🚀 MOON BAG (%50 VURKAÇ),1.14
2026-09-05 18:20:33.358193,DOGE/USDT,MSB,NORMAL,85.26999576850582,4.022921156595113,0.855581122031224,0.09225,0.09255,0.12475329548501336,0.06479999999999884,🛡️ BAŞA BAŞ KORUMASI,0.4
2026-09-05 19:19:20.822032,UNI/USDT,MSB,NORMAL,82.10819905369249,2.6303071487481464,1.089972307460079,6.716,7.117,5.759086059860341,0.5954849999999997,🚀 MOON BAG (%50 VURKAÇ),2.34
2026-09-05 20:36:31.765525,UNI/USDT,MSB,NORMAL,82.10819905369249,2.6303071487481464,1.089972307460079,6.716,7.043,4.659441213937947,0.48559499999999994,📈 TREND TAKİPLİ ÇIKIŞ,3.63
2026-09-05 20:49:06.726068,ARB/USDT,MSB,NORMAL,89.50636084343436,2.627089945927996,1.955695402412209,0.1603,0.1609,0.17375014255864132,0.07487999999999868,🛡️ BAŞA BAŞ KORUMASI,0.62
2026-09-05 21:07:30.483260,ONDO/USDT,MSB,NORMAL,76.31172732265492,2.5587174995077078,0.5070093546187099,0.3666,0.3689,0.4263330777242616,0.1253500000000013,⏳ ZAMAN AŞIMI,4.0
2026-09-05 21:26:11.153439,NOM/USDT,MSB,BALİNA,63.046517264696476,6.095350581981129,2.0241389452171434,0.00189,0.00194,2.4404167261310294,0.5319000000000014,DİNAMİK KISMİ KÂR,0.1
2026-09-05 21:26:18.307454,NOM/USDT,MSB,BALİNA,63.046517264696476,6.095350581981129,2.0241389452171434,0.00189,0.00192,1.3843299557585353,0.3191400000000008,📈 TREND TAKİPLİ ÇIKIŞ,0.1
2026-09-06 02:04:52.799404,ENA/USDT,MSB,NORMAL,84.50014865579651,2.671594724586481,1.4460938455236958,0.1877,0.1826,-2.9114731831833502,-0.5434049999999994,🛑 STOP LOSS (%-2.5),0.84
2026-09-06 02:46:53.304291,UNI/USDT,MSB,NORMAL,76.70096214107481,2.5641255542081307,1.2754268759738587,7.42,7.234,-2.701530275654255,-0.5003399999999998,🛑 STOP LOSS (%-2.5),1.59
2026-09-06 04:46:41.417141,ZEC/USDT,MSB,NORMAL,80.61191464918146,4.115722951648309,1.1806570858937642,1105.12,1163.5,5.072329219933105,0.525420000000001,🚀 MOON BAG (%50 VURKAÇ),0.07
2026-09-06 05:30:55.613777,DASH/USDT,MSB,NORMAL,74.405084183715,5.646889052472101,1.9383551001598585,74.41,76.48,2.5765257454546773,0.277380000000001,DİNAMİK KISMİ KÂR,0.62
2026-09-06 06:01:09.717786,DASH/USDT,MSB,NORMAL,74.405084183715,5.646889052472101,1.9383551001598585,74.41,74.16,-0.535105265652225,-0.0335,📈 TREND TAKİPLİ ÇIKIŞ,1.13
2026-09-06 06:02:08.672085,ZEC/USDT,MSB,NORMAL,80.61191464918146,4.115722951648309,1.1806570858937642,1105.12,1158.61,4.63072742372729,0.48141000000000006,📈 TREND TAKİPLİ ÇIKIŞ,1.32
2026-09-06 06:06:41.371622,LINK/USDT,MSB,NORMAL,80.71380622257578,2.6241604147281485,0.5583432571890977,12.392,12.287,-1.045428103207297,-0.16904999999999784,⏳ ZAMAN AŞIMI,4.0
2026-09-06 07:12:58.633556,BNB/USDT,MSB,NORMAL,78.67437463202863,2.622656082925211,0.35892071043575674,737.16,758.29,2.6608789224775045,0.2852549999999999,📈 TREND TAKİPLİ ÇIKIŞ,15.54
2026-09-06 08:24:13.823785,NEAR/USDT,MSB,NORMAL,76.57240452740314,3.99613385672751,1.2622242856745545,2.367,2.309,-2.6452634817653533,-0.4871999999999986,🛑 STOP LOSS (%-2.5),0.16
2026-09-06 11:25:45.876565,ZEC/USDT,MSB,NORMAL,75.49376275923291,2.6631362483299923,1.5692418542758004,1193.95,1160.6,-2.98746858066762,-0.5336000000000022,🛑 STOP LOSS (%-2.5),2.2
2026-09-06 12:36:42.737257,RAY/USDT,MSB,NORMAL,72.34355769365325,2.5579470014090075,2.4399636415988484,1.2304,1.3156,6.710941853984787,0.6901200000000013,DİNAMİK KISMİ KÂR,0.12
