sembol,giris_ms,giris,giris_fiyat,kasa_tipi,rejim,btc_ok,btc_ok_eski,atr_pct,rsi,vol_oran,degisim_24s,ai_skor,V184_getiri,V184_cikislar,V184_durum,V184_sure_saat,ESKI_getiri,ESKI_cikislar,ESKI_durum,ESKI_sure_saat
BNB/USDT,1785890700000,2026-08-05 00:45,595.5976499999999,BALİNA,YATAY,True,True,0.2815500625681298,61.05585392292588,8.43842013924277,0.009376536615968822,0.06997355073690414,0.00928073017735429,💤 MOMENTUM ÖLDÜ (YATAY REJİM),KAPANDI,1.5,,,,
ZEC/USDT,1785896100000,2026-08-05 02:15,515.367555,NORMAL,YATAY,True,True,0.581717363765066,73.64672343434513,2.618465738642943,0.06254254419439342,0.5958006978034973,-0.010176275711937853,💤 MOMENTUM ÖLDÜ (YATAY REJİM),KAPANDI,1.5,,,,
SOL/USDT,1785896100000,2026-08-05 02:15,74.267115,NORMAL,YATAY,True,True,0.30684721788079194,60.032565053723566,2.543651934640607,0.006235597126203141,0.2761201560497284,-0.008770959006268418,💤 MOMENTUM ÖLDÜ (YATAY REJİM),KAPANDI,1.5,,,,
UNI/USDT,1785899700000,2026-08-05 03:15,3.945972,NORMAL,TREND,True,True,0.6125240963263173,69.43343484367084,3.6577687251831343,0.014664265500385909,0.1787622720003128,-0.009062469715510123,💤 MOMENTUM ÖLDÜ (YATAY REJİM),KAPANDI,1.5,,,,
SOXLB/USDT,1785906900000,2026-08-05 05:15,141.61076999999997,NORMAL,YATAY,True,True,0.9504671951168122,64.96396856185552,2.855621276902932,0.20953683131088696,0.7232848405838013,-0.02646250000097361,🛑 STOP LOSS (%-2.5),KAPANDI,2.9573766666666668,-0.02646250000097361,🛑 STOP LOSS (%-2.5),KAPANDI,2.9573766666666668
SNDKB/USDT,1785906900000,2026-08-05 05:15,1467.79353,NORMAL,YATAY,True,True,0.8607616448754116,72.23706416311063,5.083639908465711,0.14167204924475296,0.6781595349311829,-0.026462500000973346,🛑 STOP LOSS (%-2.5),KAPANDI,2.3276197222222224,-0.026462500000973346,🛑 STOP LOSS (%-2.5),KAPANDI,2.3276197222222224
BICO/USDT,1785907800000,2026-08-05 05:30,0.024882434999999998,NORMAL,YATAY,True,True,3.2645295546026523,71.34468301181248,2.527338416624713,0.49909584086799264,0.372156023979187,0.008484999998991528,🔒 KÂR KİLİDİ (+%1),KAPANDI,0.043132222222222225,,,,
BICO/USDT,1785908700000,2026-08-05 05:45,0.025672829999999997,NORMAL,YATAY,True,True,3.2470701979244163,74.57749456336362,3.0838758386469958,0.5392921415716856,0.8951704502105713,0.04826067364596669,DİNAMİK KISMİ KÂR + 📈 TREND TAKİPLİ ÇIKIŞ,KAPANDI,0.35899055555555553,0.039915330576041866,DİNAMİK KISMİ KÂR + 📈 TREND TAKİPLİ ÇIKIŞ,KAPANDI,0.35899055555555553
SOXLB/USDT,1785912300000,2026-08-05 06:45,141.89091,NORMAL,YATAY,True,True,0.9685785001534328,59.73324665322149,2.9058069644477724,0.1773202722895566,0.16292695701122284,-0.026462500000973686,🛑 STOP LOSS (%-2.5),KAPANDI,1.2550427777777777,,,,
PUMP/USDT,1785916800000,2026-08-05 08:00,0.0025162574999999998,NORMAL,YATAY,True,True,1.1044378452588968,66.83720434232242,2.867154720062838,0.11184792219274975,0.2599838674068451,-0.006959737827901967,💤 MOMENTUM ÖLDÜ (YATAY REJİM),KAPANDI,1.5,,,,
CRCLB/USDT,1785926700000,2026-08-05 10:45,68.20408499999999,NORMAL,YATAY,True,True,1.2719469053984112,82.87482108535345,4.91334921536396,0.13201594154765872,0.7363765239715576,-0.026462500000973357,🛑 STOP LOSS (%-2.5),KAPANDI,0.23874222222222222,-0.026462500000973357,🛑 STOP LOSS (%-2.5),KAPANDI,0.23874222222222222
ZEC/USDT,1785933000000,2026-08-05 12:30,524.12193,NORMAL,YATAY,True,True,0.5365413055022973,68.71845894362708,3.2316688345231688,0.07712552688393126,0.2020992487668991,-0.010436973526926544,💤 MOMENTUM ÖLDÜ (YATAY REJİM),KAPANDI,2.5444444444444443,,,,
SOXLB/USDT,1785937500000,2026-08-05 13:45,140.4702,BALİNA,YATAY,True,True,1.591682914798797,62.78790038820092,7.702039866959553,0.04557640750670244,0.7674034237861633,0.008484999998991471,🔒 KÂR KİLİDİ (+%1),KAPANDI,0.10028166666666667,0.0004969999989997591,🔒 KÂR KİLİDİ (+%1),KAPANDI,0.12768555555555555
SNDKB/USDT,1785937500000,2026-08-05 13:45,1427.303295,BALİNA,YATAY,True,True,1.172744633327614,55.49547986719335,7.062976100325164,0.026656111690835038,0.09378005564212799,-0.021470000000978384,🛑 STOP LOSS (%-2.0),KAPANDI,0.62415,,,,
SNDKB/USDT,1785938400000,2026-08-05 14:00,1439.1692249999999,NORMAL,YATAY,True,True,1.2025509052162449,60.50202485777813,3.1002682598916325,0.03970307621140279,0.06679842621088028,-0.026462500000973478,🛑 STOP LOSS (%-2.5),KAPANDI,0.35893583333333334,,,,
ETH/USDT,1785947400000,2026-08-05 16:30,1897.08807,NORMAL,YATAY,True,True,0.3964703441000304,70.03272037964375,2.5141673986398327,0.014222673905485372,0.18465662002563477,0.005401639365852267,💤 MOMENTUM ÖLDÜ (YATAY REJİM),KAPANDI,6.0,,,,
SYN/USDT,1785957300000,2026-08-05 19:15,0.13096544999999998,NORMAL,TREND,True,True,2.631418441018159,71.21709161937432,3.207257934819688,0.3159746657283602,0.9189518690109253,0.03494468666847761,DİNAMİK KISMİ KÂR + 📈 TREND TAKİPLİ ÇIKIŞ,KAPANDI,0.8252488888888889,0.03938316470978932,🚀 MOON BAG (%50 VURKAÇ) + 📈 TREND TAKİPLİ ÇIKIŞ,KAPANDI,0.8252488888888889
UNI/USDT,1785976200000,2026-08-06 00:30,4.112055,NORMAL,YATAY,True,True,0.7604559901856816,58.695724964491355,2.546909557814211,0.07003384535277268,0.5658653974533081,-0.007119368118065661,💤 MOMENTUM ÖLDÜ (YATAY REJİM),KAPANDI,2.0830555555555557,,,,
USD1/USDT,1785980700000,2026-08-06 01:45,1.000910205,NORMAL,YATAY,True,True,0.005425238544272227,64.58969034647451,2.8643506098039957,0.0003099690030996527,0.17316867411136627,-0.0029556414087629672,⏳ ZAMAN AŞIMI,KAPANDI,4.0,,,,
UNI/USDT,1785984300000,2026-08-06 02:45,4.128063,NORMAL,YATAY,True,True,0.8298037417420279,61.15432126932753,3.332841056416646,0.05659411011523696,0.041114870458841324,-0.026462500000973742,🛑 STOP LOSS (%-2.5),KAPANDI,3.5439338888888887,,,,
HOME/USDT,1786016700000,2026-08-06 11:45,0.010955475,NORMAL,TREND,True,True,3.0858474712877304,76.23265264288459,3.8858642478621044,0.14300626304801667,0.9255231618881226,-0.04771828050216415,🛑 STOP LOSS (%-4.6),KAPANDI,0.22620916666666666,-0.04771828050216415,🛑 STOP LOSS (%-4.6),KAPANDI,0.22620916666666666
BICO/USDT,1786021200000,2026-08-06 13:00,0.031405695,BALİNA,TREND,True,True,3.245511157790965,64.49622368966425,3.5594691658320023,0.32001682085786376,0.8663185238838196,-0.021470000000978557,🛑 STOP LOSS (%-2.0),KAPANDI,0.1937136111111111,-0.021470000000978557,🛑 STOP LOSS (%-2.0),KAPANDI,0.1937136111111111
BICO/USDT,1786023000000,2026-08-06 13:30,0.03307653,NORMAL,TREND,True,False,3.370785092280778,70.83906280647416,2.725487304229814,0.41827541827541825,0.8774768710136414,0.06900112778410444,DİNAMİK KISMİ KÂR + 📈 TREND TAKİPLİ ÇIKIŞ,KAPANDI,1.0071136111111112,,,,
BICO/USDT,1786024800000,2026-08-06 14:00,0.036148065,NORMAL,TREND,True,True,3.6747312564548147,78.87609139317429,2.74188457456981,0.5225453013063632,0.9228523373603821,0.00848499999899139,🔒 KÂR KİLİDİ (+%1),KAPANDI,0.08296305555555555,0.0004969999989997612,🔒 KÂR KİLİDİ (+%1),KAPANDI,0.09336944444444445
ADA/USDT,1786024800000,2026-08-06 14:00,0.19399694999999997,NORMAL,TREND,True,True,0.6223172722944867,68.12258225870693,3.0193985163874304,0.00937011972930768,0.14476138353347778,0.04314308671165404,DİNAMİK KISMİ KÂR + 📈 TREND TAKİPLİ ÇIKIŞ,KAPANDI,2.207153888888889,,,,
ADA/USDT,1786026600000,2026-08-06 14:30,0.19679835,NORMAL,TREND,True,True,0.6679180266637658,76.01125651022603,2.9146000145845163,0.027154046997388992,0.8614723086357117,0.027974270530705295,DİNAMİK KISMİ KÂR + 📈 TREND TAKİPLİ ÇIKIŞ,KAPANDI,1.7074658333333332,0.04637001109923763,🚀 MOON BAG (%50 VURKAÇ) + 📈 TREND TAKİPLİ ÇIKIŞ,KAPANDI,1.7074658333333332
ADA/USDT,1786027500000,2026-08-06 14:45,0.202101,NORMAL,TREND,True,True,0.8691418620869578,84.08471955428388,6.017409587627593,0.05759162303664933,0.8666541576385498,0.019396508939092172,DİNAMİK KISMİ KÂR + 📈 TREND TAKİPLİ ÇIKIŞ,KAPANDI,1.4580561111111112,0.019396508939092172,DİNAMİK KISMİ KÂR + 📈 TREND TAKİPLİ ÇIKIŞ,KAPANDI,1.4580561111111112
UNI/USDT,1786030200000,2026-08-06 15:30,4.136067,NORMAL,TREND,True,True,0.7247501856427889,70.84228877339669,2.6485960157402175,0.010757946210269154,0.06820246577262878,-0.02646250000097347,🛑 STOP LOSS (%-2.5),KAPANDI,2.271401388888889,,,,
SPCXB/USDT,1786046400000,2026-08-06 20:00,114.987465,NORMAL,TREND,True,True,1.3025627122503942,67.20636486325411,3.6933111823588813,0.06033766952670927,0.22109994292259216,-0.01028240836449469,💤 MOMENTUM ÖLDÜ (YATAY REJİM),KAPANDI,2.077777777777778,,,,
BABY/USDT,1786062600000,2026-08-07 00:30,0.011475734999999999,BALİNA,TREND,True,False,0.75505120166095,63.60264545414,4.482791916177094,0.06499535747446594,0.1695816069841385,-0.021470000000978366,🛑 STOP LOSS (%-2.0),KAPANDI,2.121008888888889,,,,
EPIC/USDT,1786075200000,2026-08-07 04:00,0.8987491499999999,NORMAL,YATAY,True,False,3.0753072395606083,55.45120400620219,2.5886271777281094,0.01744251897157101,0.2585887014865875,-0.0475604141814713,🛑 STOP LOSS (%-4.6),KAPANDI,0.13822472222222223,,,,
ADA/USDT,1786084200000,2026-08-07 06:30,0.2027013,NORMAL,YATAY,True,True,0.6025709545909886,59.98428856368265,2.619736904872586,0.071957671957672,0.06276589632034302,-0.007424449199366156,💤 MOMENTUM ÖLDÜ (YATAY REJİM),KAPANDI,1.5,,,,
SPCXB/USDT,1786090500000,2026-08-07 08:15,116.01798,NORMAL,YATAY,True,False,0.3365984237254401,75.70079446712299,7.052889144297162,0.06531924666972899,0.9078428745269775,-0.005918767819552214,⏳ ZAMAN AŞIMI,KAPANDI,4.0,,,,
SNDKB/USDT,1786090500000,2026-08-07 08:15,1296.08772,NORMAL,YATAY,True,False,0.5752137365917384,70.14153298599298,5.205974083587118,0.05801161375682984,0.2557383179664612,-0.00227205666700889,⏳ ZAMAN AŞIMI,KAPANDI,4.0,,,,
SNDKB/USDT,1786091400000,2026-08-07 08:30,1308.383865,NORMAL,YATAY,True,True,0.6366958325972578,75.44332325931173,3.931229602471619,0.053839087128904284,0.8681281805038452,-0.013280189876723067,⏳ ZAMAN AŞIMI,KAPANDI,4.0,-0.013280189876723067,⏳ ZAMAN AŞIMI,KAPANDI,4.0
SPCXB/USDT,1786092300000,2026-08-07 08:45,116.788365,NORMAL,YATAY,True,True,0.3816794897585494,81.18164311268792,5.171806218419664,0.05456680820308968,0.7216933965682983,-0.026462500000973603,🛑 STOP LOSS (%-2.5),KAPANDI,3.8103316666666665,-0.026462500000973603,🛑 STOP LOSS (%-2.5),KAPANDI,3.8103316666666665
ETH/USDT,1786092300000,2026-08-07 08:45,1914.1866149999998,NORMAL,YATAY,True,True,0.19575588811175884,68.95181416936171,3.724953826307099,-7.839530046305221e-05,0.22587944567203522,-0.0018699062789282828,⏳ ZAMAN AŞIMI,KAPANDI,8.0,,,,
EPIC/USDT,1786093200000,2026-08-07 09:00,0.9126561,NORMAL,YATAY,True,True,2.4424078308088224,67.23538070291545,4.504724144099916,0.009629219701162262,0.8673878908157349,0.059034435254260886,DİNAMİK KISMİ KÂR + 📈 TREND TAKİPLİ ÇIKIŞ,KAPANDI,0.42628055555555555,0.06706474794145179,🚀 MOON BAG (%50 VURKAÇ) + 📈 TREND TAKİPLİ ÇIKIŞ,KAPANDI,0.42628055555555555
EPIC/USDT,1786095000000,2026-08-07 09:30,0.98799375,NORMAL,YATAY,True,True,2.67877878777005,79.48382513291297,4.397245691913061,0.15026208503203264,0.9316442012786865,0.00848499999899164,🔒 KÂR KİLİDİ (+%1),KAPANDI,0.15371666666666667,0.03168737751884964,DİNAMİK KISMİ KÂR + 📈 TREND TAKİPLİ ÇIKIŞ,KAPANDI,0.4257372222222222
EPIC/USDT,1786095900000,2026-08-07 09:45,1.02441195,NORMAL,TREND,True,True,2.7828552824592494,82.87522367917158,3.5565915684802163,0.1839731729879741,0.8629759550094604,0.008484999998991601,🔒 KÂR KİLİDİ (+%1),KAPANDI,0.1430502777777778,0.0004969999989995187,🔒 KÂR KİLİDİ (+%1),KAPANDI,0.17575444444444444
ZEC/USDT,1786095900000,2026-08-07 09:45,509.12443499999995,NORMAL,TREND,True,True,0.49549901301970417,67.07313909711478,3.887946601819392,0.013665066432939632,0.22587944567203522,0.0035092109357612563,⏳ ZAMAN AŞIMI,KAPANDI,4.0,,,,
EPIC/USDT,1786096800000,2026-08-07 10:00,1.0338166500000001,NORMAL,TREND,True,True,2.8695238519686947,83.71906482611281,3.342541776134887,0.23408575182133062,0.8362294435501099,0.008484999998991383,🔒 KÂR KİLİDİ (+%1),KAPANDI,0.07724305555555555,0.0004969999989995617,🔒 KÂR KİLİDİ (+%1),KAPANDI,0.23787666666666665
EPIC/USDT,1786097700000,2026-08-07 10:15,1.0478236499999998,NORMAL,TREND,True,True,2.9221515907688267,84.67987450796133,2.8234787082306383,0.26165522226237803,0.8511374592781067,0.00848499999899148,🔒 KÂR KİLİDİ (+%1),KAPANDI,0.15781277777777777,0.0004969999989994762,🔒 KÂR KİLİDİ (+%1),KAPANDI,0.1590375
ETH/USDT,1786104900000,2026-08-07 12:15,1934.8169249999999,NORMAL,TREND,True,True,0.25173513207124965,79.46653071270184,2.8985947985261995,0.016895231685000844,0.9029675126075745,-0.008388202203888143,⏳ ZAMAN AŞIMI,KAPANDI,4.0,-0.008388202203888143,⏳ ZAMAN AŞIMI,KAPANDI,4.0
SNDKB/USDT,1786106700000,2026-08-07 12:45,1318.8090750000001,NORMAL,TREND,True,True,0.7519361926428029,68.15726940181693,4.6005428173625695,0.08202063649721314,0.07155894488096237,-0.02646250000097349,🛑 STOP LOSS (%-2.5),KAPANDI,0.7606716666666666,,,,
SPCXB/USDT,1786110300000,2026-08-07 13:45,120.210075,NORMAL,TREND,True,True,0.9124134678828827,73.8389402878705,8.012104106072636,0.09816287359473552,0.7320641875267029,0.04289876901737169,🚀 MOON BAG (%50 VURKAÇ) + 📈 TREND TAKİPLİ ÇIKIŞ,KAPANDI,1.3540541666666666,0.04289876901737169,🚀 MOON BAG (%50 VURKAÇ) + 📈 TREND TAKİPLİ ÇIKIŞ,KAPANDI,1.3540541666666666
SPCXB/USDT,1786111200000,2026-08-07 14:00,120.63028499999999,NORMAL,TREND,True,True,0.998377018050631,75.13285020800649,3.150359279611579,0.095991273520589,0.8985261917114258,0.04334825242444271,🚀 MOON BAG (%50 VURKAÇ) + 📈 TREND TAKİPLİ ÇIKIŞ,KAPANDI,1.104273611111111,0.04334825242444271,🚀 MOON BAG (%50 VURKAÇ) + 📈 TREND TAKİPLİ ÇIKIŞ,KAPANDI,1.104273611111111
SPCXB/USDT,1786112100000,2026-08-07 14:15,123.66179999999999,NORMAL,TREND,True,True,1.1528278185125624,81.5535518519533,2.589505164497322,0.1210884353741497,0.56974196434021,0.012566108627680801,DİNAMİK KISMİ KÂR + 📈 TREND TAKİPLİ ÇIKIŞ,KAPANDI,0.8437947222222222,,,,
SPCXB/USDT,1786113000000,2026-08-07 14:30,127.86389999999999,NORMAL,TREND,True,True,1.3071604276213848,86.70096517558682,2.5320612330476813,0.12470298336706853,0.19298893213272095,-0.026462500000973502,🛑 STOP LOSS (%-2.5),KAPANDI,0.6035263888888889,,,,
ZEC/USDT,1786119300000,2026-08-07 16:15,516.808275,NORMAL,TREND,True,True,0.5717936258376066,65.92075633419967,2.635393152118185,0.046516339472031376,0.40856972336769104,-0.006585532076720791,💤 MOMENTUM ÖLDÜ (YATAY REJİM),KAPANDI,3.25,,,,
HEI/USDT,1786149900000,2026-08-08 00:45,0.24342164999999996,NORMAL,YATAY,True,True,3.73045585150208,67.3413902786426,2.685746131950371,0.2573643410852713,0.862212061882019,0.008484999998991735,🔒 KÂR KİLİDİ (+%1),KAPANDI,0.34028055555555553,0.0004969999989996181,🔒 KÂR KİLİDİ (+%1),KAPANDI,0.34313333333333335
HEI/USDT,1786151700000,2026-08-08 01:15,0.24682335,NORMAL,YATAY,True,True,3.742161940387051,67.59184750897516,2.5512457220895497,0.2749354005167959,0.6947262287139893,-0.056417500000943595,🛑 STOP LOSS (%-5.5),KAPANDI,0.4739138888888889,-0.056417500000943595,🛑 STOP LOSS (%-5.5),KAPANDI,0.4739138888888889
SUI/USDT,1786153500000,2026-08-08 01:45,0.68044005,NORMAL,YATAY,True,True,0.26085523961050555,73.52266541943835,3.5170681976208824,0.007854179016004936,0.5942132472991943,-0.0018227312467265903,💤 MOMENTUM ÖLDÜ (YATAY REJİM),KAPANDI,2.3555555555555556,,,,
TUT/USDT,1786160700000,2026-08-08 03:45,0.041870924999999996,NORMAL,YATAY,True,True,3.91754070178522,65.12187597520251,3.4479157507125353,0.44859813084112155,0.9408406615257263,0.008484999998991579,🔒 KÂR KİLİDİ (+%1),KAPANDI,0.9943222222222222,0.017331729904328547,DİNAMİK KISMİ KÂR + 📈 TREND TAKİPLİ ÇIKIŞ,KAPANDI,0.9938344444444445
SOL/USDT,1786160700000,2026-08-08 03:45,74.49722999999999,NORMAL,YATAY,True,True,0.1826280970872876,74.23954684574402,4.859068722938387,0.024209078404401563,0.8169276118278503,0.00035194471115131316,⏳ ZAMAN AŞIMI,KAPANDI,4.0,0.00035194471115131316,⏳ ZAMAN AŞIMI,KAPANDI,4.0
DOGE/USDT,1786160700000,2026-08-08 03:45,0.0702351,NORMAL,YATAY,True,True,0.18581401419484542,67.21422871996975,4.160629895674036,0.014450867052023142,0.22587944567203522,-0.002427411515175148,⏳ ZAMAN AŞIMI,KAPANDI,4.0,,,,
SOL/USDT,1786161600000,2026-08-08 04:00,74.867415,NORMAL,YATAY,True,True,0.22220648634589152,80.23327373986528,4.247436831977067,0.030432387771963665,0.896721363067627,-0.0029955052443804676,⏳ ZAMAN AŞIMI,KAPANDI,4.0,-0.0029955052443804676,⏳ ZAMAN AŞIMI,KAPANDI,4.0
SOL/USDT,1786162500000,2026-08-08 04:15,74.73734999999999,NORMAL,YATAY,True,True,0.25450610010092223,73.69722194820807,3.412430578942271,0.028500619578686548,0.5942132472991943,-0.0015273594020361707,⏳ ZAMAN AŞIMI,KAPANDI,4.0,,,,
TST/USDT,1786167000000,2026-08-08 05:30,0.013776884999999999,NORMAL,TREND,True,True,2.8851413432337454,61.88363005297025,2.5540982870213056,0.26098901098901095,0.6005969047546387,-0.044712204469238605,🛑 STOP LOSS (%-4.3),KAPANDI,1.3745105555555555,,,,
SUI/USDT,1786167900000,2026-08-08 05:45,0.6838417499999999,NORMAL,TREND,True,True,0.27042318136030585,70.25635503052938,2.6850463907863538,0.019084538541822127,0.2021784782409668,0.011952392059108252,DİNAMİK KISMİ KÂR + 📈 TREND TAKİPLİ ÇIKIŞ,KAPANDI,17.075759444444444,,,,
BABY/USDT,1786171500000,2026-08-08 06:45,0.011795894999999999,NORMAL,TREND,True,True,0.677833303981318,62.620782243402736,2.5988695517476255,0.05267857142857135,0.05984274297952652,-0.02646250000097355,🛑 STOP LOSS (%-2.5),KAPANDI,1.2933269444444444,,,,
SUI/USDT,1786178700000,2026-08-08 08:45,0.6903449999999999,NORMAL,TREND,True,True,0.3024828492878052,78.29332813991303,3.1043117670958,0.019202363367798903,0.9003416299819946,-0.0014060777889727367,⏳ ZAMAN AŞIMI,KAPANDI,4.0,-0.0014060777889727367,⏳ ZAMAN AŞIMI,KAPANDI,4.0
TST/USDT,1786184100000,2026-08-08 10:15,0.013996995,NORMAL,TREND,True,True,3.301160786396672,56.64077506191446,2.7801868116462267,0.13371150729335501,0.30988678336143494,0.008484999998991593,🔒 KÂR KİLİDİ (+%1),KAPANDI,0.09150416666666666,,,,
BABY/USDT,1786184100000,2026-08-08 10:15,0.0118059,BALİNA,TREND,True,True,0.9174218909657252,58.9543456911342,11.977309761182267,0.05263157894736836,0.14327776432037354,0.04697515528895971,DİNAMİK KISMİ KÂR + 📈 TREND TAKİPLİ ÇIKIŞ,KAPANDI,3.7884152777777778,,,,
SOL/USDT,1786187700000,2026-08-08 11:15,75.467715,NORMAL,TREND,True,True,0.21624692452768376,81.94301955652855,4.247827072246063,0.025421424687330108,0.7216933965682983,0.0070498800932074284,💤 MOMENTUM ÖLDÜ (YATAY REJİM),KAPANDI,11.0,0.002291539670139389,⏳ ZAMAN AŞIMI,KAPANDI,12.0
TST/USDT,1786188600000,2026-08-08 11:30,0.0154077,NORMAL,TREND,True,True,3.5728607471732925,66.72953620315437,2.8168689032401586,0.21931908155186064,0.8544546961784363,0.008484999998991527,🔒 KÂR KİLİDİ (+%1),KAPANDI,0.423595,0.018167028790130095,DİNAMİK KISMİ KÂR + 📈 TREND TAKİPLİ ÇIKIŞ,KAPANDI,0.41098833333333334
TST/USDT,1786189500000,2026-08-08 11:45,0.015597795,NORMAL,TREND,True,True,3.735558291964791,67.9451107144165,2.5407964919693,0.2382843526608418,0.65528404712677,0.00848499999899145,🔒 KÂR KİLİDİ (+%1),KAPANDI,0.1431486111111111,0.0004969999989995641,🔒 KÂR KİLİDİ (+%1),KAPANDI,0.16038916666666667
SPCXB/USDT,1786189500000,2026-08-08 11:45,133.396665,NORMAL,TREND,True,True,0.19247563962682535,67.82955281760869,4.641835117527734,0.15138169257340262,0.22587944567203522,-0.0009017434613491817,⏳ ZAMAN AŞIMI,KAPANDI,4.0,,,,
TST/USDT,1786190400000,2026-08-08 12:00,0.01572786,NORMAL,TREND,True,True,3.7855748490877916,68.85058902262189,2.7610159400202767,0.25159235668789814,0.8588122725486755,-0.05641750000094368,🛑 STOP LOSS (%-5.5),KAPANDI,0.38969055555555554,-0.05641750000094368,🛑 STOP LOSS (%-5.5),KAPANDI,0.38969055555555554
SOL/USDT,1786190400000,2026-08-08 12:00,75.63779999999998,NORMAL,TREND,True,True,0.24155096315474023,76.97307679211596,2.8850687157477175,0.026894865525672218,0.9029675126075745,0.004257834333868107,⏳ ZAMAN AŞIMI,KAPANDI,8.0,0.004257834333868107,⏳ ZAMAN AŞIMI,KAPANDI,8.0
DOGE/USDT,1786196700000,2026-08-08 13:45,0.0706353,NORMAL,TREND,True,True,0.16727401104695272,65.51163048221457,2.7866056446572367,0.005984611000284801,0.38527894020080566,0.002794464201084079,⏳ ZAMAN AŞIMI,KAPANDI,8.0,,,,
BNB/USDT,1786197600000,2026-08-08 14:00,598.4790899999999,NORMAL,TREND,True,True,0.13592067807654895,73.80042049608228,2.593938782620391,0.009279881217520325,0.5681146383285522,0.00280471482608226,⏳ ZAMAN AŞIMI,KAPANDI,8.0,,,,
BNB/USDT,1786199400000,2026-08-08 14:30,607.46358,NORMAL,TREND,True,True,0.25415548446382297,90.0943448011756,7.227191209451896,0.023602400701328463,0.7216933965682983,-0.008003845235494378,⏳ ZAMAN AŞIMI,KAPANDI,4.0,-0.008003845235494378,⏳ ZAMAN AŞIMI,KAPANDI,4.0
SUI/USDT,1786200300000,2026-08-08 14:45,0.6998497499999999,NORMAL,TREND,True,True,0.3314574773781097,76.19384696677284,3.6411545920654733,0.04559043348281011,0.9078428745269775,-0.00940940120778345,⏳ ZAMAN AŞIMI,KAPANDI,4.0,-0.00940940120778345,⏳ ZAMAN AŞIMI,KAPANDI,4.0
BNB/USDT,1786200300000,2026-08-08 14:45,609.834765,NORMAL,TREND,True,True,0.291921542701483,91.66761550844505,3.93457381906528,0.030446984041114344,0.7216933965682983,-0.011092189983507958,⏳ ZAMAN AŞIMI,KAPANDI,4.0,-0.011092189983507958,⏳ ZAMAN AŞIMI,KAPANDI,4.0
DOGE/USDT,1786200300000,2026-08-08 14:45,0.07111554,NORMAL,TREND,True,True,0.22040268325111256,77.38658581084628,4.63380922225391,0.017172295363480305,0.9078428745269775,-0.003837095982778747,⏳ ZAMAN AŞIMI,KAPANDI,4.0,-0.003837095982778747,⏳ ZAMAN AŞIMI,KAPANDI,4.0
SUI/USDT,1786201200000,2026-08-08 15:00,0.7025511,NORMAL,TREND,True,True,0.37066358160932195,79.41515028238308,4.863249694409726,0.05151242887091967,0.9078428745269775,-0.014354143749144115,⏳ ZAMAN AŞIMI,KAPANDI,4.0,-0.014354143749144115,⏳ ZAMAN AŞIMI,KAPANDI,4.0
SOL/USDT,1786201200000,2026-08-08 15:00,76.51824,NORMAL,TREND,True,True,0.2921241830940385,83.67911126948833,2.8154328845629992,0.03743895822029297,0.703108549118042,-0.0074277951007732995,⏳ ZAMAN AŞIMI,KAPANDI,4.0,-0.0074277951007732995,⏳ ZAMAN AŞIMI,KAPANDI,4.0
DOGE/USDT,1786201200000,2026-08-08 15:00,0.07132564500000001,NORMAL,TREND,True,True,0.2531380683951484,80.77639941188266,4.784566011785903,0.022372006310053205,0.7216933965682983,-0.007890323215547312,⏳ ZAMAN AŞIMI,KAPANDI,4.0,-0.007890323215547312,⏳ ZAMAN AŞIMI,KAPANDI,4.0
SPCXB/USDT,1786211100000,2026-08-08 17:45,137.78886,NORMAL,TREND,True,True,0.5300857354759295,93.1406410631006,10.952429047626119,0.07686292907967784,0.7216933965682983,-0.020587147142842398,⏳ ZAMAN AŞIMI,KAPANDI,4.0,-0.020587147142842398,⏳ ZAMAN AŞIMI,KAPANDI,4.0
BICO/USDT,1786226400000,2026-08-08 22:00,0.06109053,NORMAL,TREND,True,True,2.9695479625885026,62.65414420317053,3.112296115678696,0.18863149698267478,0.8971668481826782,0.008484999998991551,🔒 KÂR KİLİDİ (+%1),KAPANDI,1.3928069444444444,0.01758297663883144,DİNAMİK KISMİ KÂR + 📈 TREND TAKİPLİ ÇIKIŞ,KAPANDI,1.391401388888889
BICO/USDT,1786235400000,2026-08-09 00:30,0.06677336999999998,NORMAL,YATAY,True,True,3.5631201032774,74.4571503512737,2.6425271707959395,0.2086200651937702,0.8932424783706665,0.051890107786635185,DİNAMİK KISMİ KÂR + 📈 TREND TAKİPLİ ÇIKIŞ,KAPANDI,1.0659930555555555,0.05991684294379361,🚀 MOON BAG (%50 VURKAÇ) + 📈 TREND TAKİPLİ ÇIKIŞ,KAPANDI,1.0659930555555555
ZEC/USDT,1786240800000,2026-08-09 02:00,513.346545,NORMAL,YATAY,True,False,0.3997651706258592,66.60891113610197,2.7228174187623844,0.01165266769194373,0.13920845091342926,-0.008766624052824013,⏳ ZAMAN AŞIMI,KAPANDI,4.0,,,,
SPCXB/USDT,1786243500000,2026-08-09 02:45,136.678305,BALİNA,TREND,True,False,0.4538968673798746,62.85174395149389,4.418753834196073,0.02977536559626115,0.2742030918598175,-0.0011709600157084692,⏳ ZAMAN AŞIMI,KAPANDI,4.0,,,,
SPCXB/USDT,1786251600000,2026-08-09 05:00,137.46869999999998,NORMAL,TREND,True,False,0.4252596983697664,66.76208014595034,3.150761105354048,0.03839177750906897,0.2020992487668991,-0.01627438606972822,⏳ ZAMAN AŞIMI,KAPANDI,4.0,,,,
SOL/USDT,1786258800000,2026-08-09 07:00,76.44820499999999,NORMAL,TREND,True,False,0.175426921266463,70.17705535969344,3.5334071346713825,0.02289156626506017,0.2557383179664612,-0.002995505244380451,💤 MOMENTUM ÖLDÜ (YATAY REJİM),KAPANDI,2.8444444444444446,,,,
ACE/USDT,1786263300000,2026-08-09 08:15,0.13616804999999998,NORMAL,TREND,True,True,3.0443292476455195,57.192249866994125,2.859942046926546,0.2827521206409047,0.30988678336143494,-0.047096441307563575,🛑 STOP LOSS (%-4.6),KAPANDI,0.07211,,,,
ZEC/USDT,1786266900000,2026-08-09 09:15,518.649195,NORMAL,TREND,True,False,0.4659589928629896,69.27097911247968,5.476865733177925,0.022384821710318636,0.24569851160049438,-0.0033801594602240114,⏳ ZAMAN AŞIMI,KAPANDI,8.0,,,,
ZEC/USDT,1786270500000,2026-08-09 10:15,526.633185,NORMAL,YATAY,True,True,0.5768323095030168,75.95611343029165,5.95538280001952,0.03800039439952663,0.9078428745269775,-0.007446671843304808,⏳ ZAMAN AŞIMI,KAPANDI,4.0,-0.007446671843304808,⏳ ZAMAN AŞIMI,KAPANDI,4.0
PUMP/USDT,1786279500000,2026-08-09 12:45,0.0026012999999999995,NORMAL,TREND,True,True,1.126345869640404,67.86206087333468,2.997350548073421,0.13043478260869557,0.19000259041786194,0.02161723282914621,DİNAMİK KISMİ KÂR + 📈 TREND TAKİPLİ ÇIKIŞ,KAPANDI,2.8562411111111112,,,,
PUMP/USDT,1786282200000,2026-08-09 13:30,0.0027023505,NORMAL,TREND,True,True,1.2788697722454663,78.9415057699997,2.7020605980381536,0.17129228100607108,0.8973402976989746,-0.026462500000973395,🛑 STOP LOSS (%-2.5),KAPANDI,2.1107733333333334,-0.026462500000973395,🛑 STOP LOSS (%-2.5),KAPANDI,2.1107733333333334
SPCXB/USDT,1786292100000,2026-08-09 16:15,136.70832,BALİNA,TREND,True,True,0.2918607809798075,62.33338078866347,5.071882774153834,0.021989528795811397,0.06997355073690414,-0.00197398424565555,⏳ ZAMAN AŞIMI,KAPANDI,4.0,,,,
BABY/USDT,1786298400000,2026-08-09 18:00,0.013386689999999998,NORMAL,TREND,True,True,0.962297393856213,75.53599548258407,4.426531623613508,0.060221870047543646,0.9543358087539673,-0.0264625000009735,🛑 STOP LOSS (%-2.5),KAPANDI,3.7062694444444446,-0.0264625000009735,🛑 STOP LOSS (%-2.5),KAPANDI,3.7062694444444446
TST/USDT,1786301100000,2026-08-09 18:45,0.01906953,NORMAL,TREND,True,True,3.119487546206863,76.49515944504158,4.307289366901995,0.21556122448979598,0.9227427244186401,0.008484999998991655,🔒 KÂR KİLİDİ (+%1),KAPANDI,0.227405,0.11443602883386574,DİNAMİK KISMİ KÂR + 📈 TREND TAKİPLİ ÇIKIŞ,KAPANDI,0.7941375
TST/USDT,1786302000000,2026-08-09 19:00,0.01938969,NORMAL,TREND,True,True,3.342733418482612,78.02400378039007,2.9301442447504478,0.23913043478260865,0.9232079386711121,0.008484999998991561,🔒 KÂR KİLİDİ (+%1),KAPANDI,0.12773083333333332,0.16942370675327012,DİNAMİK KISMİ KÂR + 📈 TREND TAKİPLİ ÇIKIŞ,KAPANDI,0.5443886111111111
TST/USDT,1786302900000,2026-08-09 19:15,0.024001994999999998,NORMAL,TREND,True,True,3.981285279092929,88.92155570763099,5.5856790126382085,0.5299744897959184,0.8494346737861633,-0.05641750000094371,🛑 STOP LOSS (%-5.5),KAPANDI,0.010311666666666667,-0.05641750000094371,🛑 STOP LOSS (%-5.5),KAPANDI,0.010311666666666667
ZEC/USDT,1786313700000,2026-08-09 22:15,520.38006,NORMAL,TREND,True,True,0.3316186060363578,62.282266695596064,2.730801655166078,0.020623614136300317,0.05659148842096329,-0.026462500000973523,🛑 STOP LOSS (%-2.5),KAPANDI,2.4936069444444446,,,,
SOL/USDT,1786313700000,2026-08-09 22:15,77.74885499999999,NORMAL,TREND,True,True,0.21851105844511767,69.51142815062096,3.255426357664444,0.01995012468827917,0.22042584419250488,-0.009923602364030977,💤 MOMENTUM ÖLDÜ (YATAY REJİM),KAPANDI,3.5944444444444446,,,,
BNB/USDT,1786313700000,2026-08-09 22:15,610.6951949999999,NORMAL,TREND,True,True,0.13401316734720736,69.00212687439353,3.284567771356993,0.017520170700806803,0.20825615525245667,-0.009692401373901056,💤 MOMENTUM ÖLDÜ (YATAY REJİM),KAPANDI,3.577777777777778,,,,
ETH/USDT,1786313700000,2026-08-09 22:15,1934.3066699999997,NORMAL,TREND,True,True,0.13151669051560175,74.44302824791072,4.479379979372624,0.0071892224178709,0.8169276118278503,-0.009885126340481021,💤 MOMENTUM ÖLDÜ (YATAY REJİM),KAPANDI,3.5444444444444443,-0.009044551311540699,⏳ ZAMAN AŞIMI,KAPANDI,4.0
BABY/USDT,1786320900000,2026-08-10 00:15,0.013386689999999998,NORMAL,TREND,True,True,0.9670198157828677,62.54312881197117,2.9230320053558416,0.06443914081145574,0.19824014604091644,-0.0264625000009735,🛑 STOP LOSS (%-2.5),KAPANDI,2.1262680555555558,,,,
PUMP/USDT,1786321800000,2026-08-10 00:30,0.002755377,NORMAL,TREND,True,True,1.2498121921017769,64.99672152690106,2.5715347227876166,0.13613861386138604,0.6667138338088989,-0.026462500000973554,🛑 STOP LOSS (%-2.5),KAPANDI,1.7545877777777779,-0.026462500000973554,🛑 STOP LOSS (%-2.5),KAPANDI,1.7545877777777779
TST/USDT,1786349700000,2026-08-10 08:15,0.02075037,NORMAL,TREND,True,True,3.9834845366190836,63.91244237934688,3.31898092951081,0.33033996151379097,0.8928200006484985,0.008484999998991563,🔒 KÂR KİLİDİ (+%1),KAPANDI,0.20768472222222223,0.020363635274927336,DİNAMİK KISMİ KÂR + 📈 TREND TAKİPLİ ÇIKIŞ,KAPANDI,0.14265055555555556
SPCXB/USDT,1786353300000,2026-08-10 09:15,137.198565,NORMAL,TREND,True,True,0.48446734369323835,70.72108505641424,3.4063150217026816,0.014725469883084319,0.2557383179664612,-0.005540182362184574,💤 MOMENTUM ÖLDÜ (YATAY REJİM),KAPANDI,1.5,,,,
SNDKB/USDT,1786537800000,2026-08-12 12:30,1328.9441399999998,NORMAL,TREND,True,True,0.42514968467448533,67.24062981042312,2.979230920514136,0.05563149696410963,0.2020992487668991,0.012802739035423897,DİNAMİK KISMİ KÂR + 📈 TREND TAKİPLİ ÇIKIŞ,KAPANDI,6.077609444444445,,,,
SNDKB/USDT,1786538700000,2026-08-12 12:45,1335.217275,NORMAL,TREND,True,False,0.5288129850581416,72.62532516683545,5.896605059849901,0.06074937207897513,0.46027547121047974,0.015031143265387188,DİNAMİK KISMİ KÂR + 📈 TREND TAKİPLİ ÇIKIŞ,KAPANDI,5.759124444444445,,,,
SNDKB/USDT,1786539600000,2026-08-12 13:00,1346.7030149999998,NORMAL,TREND,True,False,0.5579211646882759,79.36617039404088,3.4740949100670044,0.06972955360052135,0.9078428745269775,-0.026462500000973343,🛑 STOP LOSS (%-2.5),KAPANDI,0.6266152777777778,,,,
SNDKB/USDT,1786540500000,2026-08-12 13:15,1350.63498,NORMAL,TREND,True,False,0.5524535272101888,81.09009913314554,4.935798556561727,0.06858119874616109,0.7216933965682983,-0.026462500000973662,🛑 STOP LOSS (%-2.5),KAPANDI,0.36097944444444446,,,,
SPCXB/USDT,1786542300000,2026-08-12 13:45,136.658295,NORMAL,TREND,True,False,0.5607076460796127,72.52590922766883,6.750077909717071,0.011178560852827868,0.46027547121047974,0.012294377421956418,DİNAMİK KISMİ KÂR + 📈 TREND TAKİPLİ ÇIKIŞ,KAPANDI,1.2444025,,,,
SNDKB/USDT,1786634100000,2026-08-13 15:15,1482.410835,NORMAL,YATAY,False,True,1.3648320100023814,78.1994871780831,3.461499961449617,0.07192620727075427,0.8708146214485168,,,,,0.045507415468922244,🚀 MOON BAG (%50 VURKAÇ) + 📈 TREND TAKİPLİ ÇIKIŞ,KAPANDI,0.3275486111111111
ETH/USDT,1786897800000,2026-08-16 16:30,1889.094075,NORMAL,TREND,False,True,0.07169485593640573,75.30785323499441,3.2452449131041035,0.0013045622557259495,0.8036267757415771,,,,,-0.003982925949935289,⏳ ZAMAN AŞIMI,KAPANDI,4.0
ETH/USDT,1786898700000,2026-08-16 16:45,1891.115085,NORMAL,TREND,False,True,0.08222595575845851,79.21139343319415,2.850472969907277,0.0030353684098809453,0.9029675126075745,,,,,-0.0063343787064517485,⏳ ZAMAN AŞIMI,KAPANDI,4.0
ACE/USDT,1786934700000,2026-08-17 02:45,0.15507749999999998,NORMAL,TREND,False,True,2.4368580228185492,76.56010658899432,5.005937342578967,0.16804822908816863,0.9316442012786865,,,,,-0.03799804103772686,🛑 STOP LOSS (%-3.7),KAPANDI,0.20274555555555557
ACE/USDT,1786935600000,2026-08-17 03:00,0.15177585,NORMAL,TREND,True,True,2.688643743110807,68.92428096061705,4.228786773119722,0.13547904191616778,0.8673878908157349,0.061383718920754685,DİNAMİK KISMİ KÂR + 📈 TREND TAKİPLİ ÇIKIŞ,KAPANDI,0.5100316666666667,0.061383718920754685,DİNAMİK KISMİ KÂR + 📈 TREND TAKİPLİ ÇIKIŞ,KAPANDI,0.5100316666666667
ETH/USDT,1786935600000,2026-08-17 03:00,1903.3111799999997,NORMAL,TREND,True,True,0.2846770051802,75.32058106850401,2.871637650352832,0.009900674732310044,0.9029675126075745,-0.0005322905398285663,⏳ ZAMAN AŞIMI,KAPANDI,4.0,-0.0005322905398285663,⏳ ZAMAN AŞIMI,KAPANDI,4.0
ACE/USDT,1786936500000,2026-08-17 03:15,0.1644822,NORMAL,TREND,True,True,2.9810369182526806,78.09259725545597,4.198556762012208,0.21507760532150755,0.9227427244186401,0.00848499999899179,🔒 KÂR KİLİDİ (+%1),KAPANDI,0.2578936111111111,0.0004969999989996084,🔒 KÂR KİLİDİ (+%1),KAPANDI,0.2588447222222222
ACE/USDT,1786937400000,2026-08-17 03:30,0.16978485,NORMAL,TREND,True,True,2.984864457242988,80.65910654613009,2.8736103217979,0.222622478386167,0.8511374592781067,-0.04620580740931057,🛑 STOP LOSS (%-4.5),KAPANDI,0.010744722222222221,-0.04620580740931057,🛑 STOP LOSS (%-4.5),KAPANDI,0.010744722222222221
ACE/USDT,1786938300000,2026-08-17 03:45,0.1754877,NORMAL,TREND,True,True,3.292527826075443,82.97314863357215,2.8732528046024455,0.28404099560761353,0.8511374592781067,-0.050813835515993874,🛑 STOP LOSS (%-4.9),KAPANDI,0.23802944444444443,-0.050813835515993874,🛑 STOP LOSS (%-4.9),KAPANDI,0.23802944444444443
ZEC/USDT,1786944600000,2026-08-17 05:30,496.438095,NORMAL,TREND,True,True,0.4191909053891476,68.81318903096559,3.252324262653564,0.01801358199462455,0.2020992487668991,0.02343242367424663,DİNAMİK KISMİ KÂR + 📈 TREND TAKİPLİ ÇIKIŞ,KAPANDI,24.1271325,,,,
ZEC/USDT,1786947300000,2026-08-17 06:15,502.801275,NORMAL,TREND,True,True,0.5088494643469833,75.5521095460039,3.7727715313217116,0.03364939632653896,0.9078428745269775,0.012049377881591685,DİNAMİK KISMİ KÂR + 📈 TREND TAKİPLİ ÇIKIŞ,KAPANDI,2.5749875,0.000496999998999444,🔒 KÂR KİLİDİ (+%1),KAPANDI,25.825773055555555
CHIP/USDT,1786949100000,2026-08-17 06:45,0.03127563,NORMAL,TREND,True,True,1.8237191374606287,77.37908048901578,4.528465207241123,0.13301920985864446,0.8762226700782776,0.008484999998991686,🔒 KÂR KİLİDİ (+%1),KAPANDI,0.14406194444444445,0.000496999998999637,🔒 KÂR KİLİDİ (+%1),KAPANDI,0.1774636111111111
ZEC/USDT,1786949100000,2026-08-17 06:45,517.89882,NORMAL,TREND,True,True,0.7153760893805033,86.13547507263,8.87693068259787,0.06075944179184001,0.4175782799720764,-0.013916252260191404,⏳ ZAMAN AŞIMI,KAPANDI,4.0,,,,
CHIP/USDT,1786950000000,2026-08-17 07:00,0.031325654999999994,NORMAL,TREND,True,True,2.0466552434946728,77.68948143650593,5.378553300195665,0.14020393299344502,0.9316442012786865,0.008484999998991653,🔒 KÂR KİLİDİ (+%1),KAPANDI,0.27287694444444444,0.0004969999989996961,🔒 KÂR KİLİDİ (+%1),KAPANDI,0.2757238888888889
ETH/USDT,1786950000000,2026-08-17 07:00,1908.0035249999999,NORMAL,TREND,True,True,0.21490973244197137,70.25516487293916,3.9732974356543918,0.014075444809580118,0.2557383179664612,-0.002943225309677391,⏳ ZAMAN AŞIMI,KAPANDI,4.0,,,,
SOL/USDT,1786950000000,2026-08-17 07:00,75.87792,NORMAL,TREND,True,True,0.2180555188075669,71.2866421228263,3.933831107828906,0.0061024144335368735,0.46027547121047974,-0.003652813060015993,⏳ ZAMAN AŞIMI,KAPANDI,4.0,,,,
XRP/USDT,1786950000000,2026-08-17 07:00,1.006503,NORMAL,TREND,True,True,0.20326895351353153,68.82208134339069,2.6158970092425347,0.005597760895641901,0.18402832746505737,-0.006860632013314068,⏳ ZAMAN AŞIMI,KAPANDI,4.0,,,,
CHIP/USDT,1786950900000,2026-08-17 07:15,0.03211604999999999,NORMAL,TREND,True,True,2.1719354818693763,81.65296843472179,2.8821710193136494,0.17025154939846865,0.8671008944511414,-0.03403016368066429,🛑 STOP LOSS (%-3.3),KAPANDI,0.14402194444444444,-0.03403016368066429,🛑 STOP LOSS (%-3.3),KAPANDI,0.14402194444444444
ACE/USDT,1786957200000,2026-08-17 09:00,0.1632816,BALİNA,TREND,True,True,3.801217687127081,61.19657427527716,4.248898703225757,0.12551724137931042,0.27889785170555115,0.008484999998991605,🔒 KÂR KİLİDİ (+%1),KAPANDI,0.11987611111111111,,,,
ACE/USDT,1786958100000,2026-08-17 09:15,0.166083,NORMAL,TREND,True,True,3.7627447557428235,63.423138183626705,2.652480499987703,0.14403859407305308,0.9053579568862915,0.008484999998991419,🔒 KÂR KİLİDİ (+%1),KAPANDI,0.177545,0.000496999998999632,🔒 KÂR KİLİDİ (+%1),KAPANDI,0.2598261111111111
LINK/USDT,1786963500000,2026-08-17 10:45,9.517756499999999,NORMAL,TREND,True,True,0.3501805888973553,65.48097495961085,3.3114470404953757,0.01202127659574459,0.4471580386161804,-0.0041483539190690305,⏳ ZAMAN AŞIMI,KAPANDI,4.0,,,,
SNDKB/USDT,1786974300000,2026-08-17 13:45,1744.05159,BALİNA,TREND,True,True,0.8727377442781277,63.13699686887433,5.481515013161171,0.05262585822720611,0.7209041714668274,0.02171896149930349,DİNAMİK KISMİ KÂR + 📈 TREND TAKİPLİ ÇIKIŞ,KAPANDI,5.392862222222222,0.02171896149930349,DİNAMİK KISMİ KÂR + 📈 TREND TAKİPLİ ÇIKIŞ,KAPANDI,5.392862222222222
SPCXB/USDT,1786974300000,2026-08-17 13:45,145.662795,NORMAL,TREND,True,True,0.6993442012117017,73.81166131977062,9.788865690222368,0.04126734372764984,0.43334516882896423,0.008484999998991471,🔒 KÂR KİLİDİ (+%1),KAPANDI,0.6249258333333333,,,,
ETH/USDT,1786974300000,2026-08-17 13:45,1905.4722599999998,NORMAL,TREND,True,True,0.22725923391149985,58.41581107619643,2.753055181979968,0.01221877939761784,0.065648652613163,-0.0012522707456427682,⏳ ZAMAN AŞIMI,KAPANDI,4.0,,,,
SPCXB/USDT,1786975200000,2026-08-17 14:00,148.444185,NORMAL,TREND,True,True,0.8090930293744355,80.22678233595477,4.310624158077483,0.061377780957150074,0.681585967540741,-0.006288166850030449,⏳ ZAMAN AŞIMI,KAPANDI,4.0,-0.006288166850030449,⏳ ZAMAN AŞIMI,KAPANDI,4.0
SPCXB/USDT,1786976100000,2026-08-17 14:15,148.96444499999998,NORMAL,TREND,True,True,0.8628538629103187,81.15540654215421,2.682037636135031,0.06494528288391366,0.862519383430481,-0.017861177743255487,⏳ ZAMAN AŞIMI,KAPANDI,4.0,-0.017861177743255487,⏳ ZAMAN AŞIMI,KAPANDI,4.0
TUT/USDT,1786980600000,2026-08-17 15:30,0.041310645,NORMAL,TREND,True,True,3.3122919622970954,70.80396709197733,3.7763757196628536,0.27320382362010487,0.8785333633422852,0.00848499999899176,🔒 KÂR KİLİDİ (+%1),KAPANDI,0.02692111111111111,0.0004969999989996449,🔒 KÂR KİLİDİ (+%1),KAPANDI,0.05914861111111111
TUT/USDT,1786981500000,2026-08-17 15:45,0.04094046,NORMAL,TREND,True,True,3.6010612614466817,68.19628809059175,3.1802564231446993,0.2767550702028079,0.856744110584259,0.008484999998991749,🔒 KÂR KİLİDİ (+%1),KAPANDI,0.04421777777777778,0.08865147959843711,DİNAMİK KISMİ KÂR + 📈 TREND TAKİPLİ ÇIKIŞ,KAPANDI,0.5275044444444444
TUT/USDT,1786982400000,2026-08-17 16:00,0.044442209999999996,NORMAL,TREND,True,True,3.7587773234270183,76.905603167003,3.379876459569406,0.38293897882938976,0.9242936372756958,0.10153771125236932,🚀 MOON BAG (%50 VURKAÇ) + 📈 TREND TAKİPLİ ÇIKIŞ,KAPANDI,0.17602055555555557,0.024215568181131287,DİNAMİK KISMİ KÂR + 📈 TREND TAKİPLİ ÇIKIŞ,KAPANDI,0.05506111111111111
ETH/USDT,1786982400000,2026-08-17 16:00,1914.17661,NORMAL,TREND,True,True,0.26144664793672295,64.67834583641016,2.7209342631620053,0.015477214101461856,0.12536831200122833,-0.00611176311260205,⏳ ZAMAN AŞIMI,KAPANDI,4.0,,,,
ZEC/USDT,1786992300000,2026-08-17 18:45,517.088415,NORMAL,TREND,True,True,0.5074727646378628,64.69135571131439,3.1621261004361654,0.052264028015310826,0.17517443001270294,-0.010808264185929005,⏳ ZAMAN AŞIMI,KAPANDI,4.0,,,,
ALLO/USDT,1786993200000,2026-08-17 19:00,0.29244615,NORMAL,TREND,True,True,1.3201923781187492,72.17415995498479,2.8493212980275917,0.09887218045112767,0.3797593414783478,0.01868987814009817,DİNAMİK KISMİ KÂR + 📈 TREND TAKİPLİ ÇIKIŞ,KAPANDI,2.3219708333333333,,,,
XPL/USDT,1786994100000,2026-08-17 19:15,0.07713855,NORMAL,TREND,True,True,0.5349313751984248,59.32858346952912,3.239339405963112,0.007579717720857193,0.08116073161363602,-0.015538882156351318,⏳ ZAMAN AŞIMI,KAPANDI,4.0,,,,
XPL/USDT,1786995000000,2026-08-17 19:30,0.07705851,NORMAL,TREND,True,True,0.5445578806137017,57.788304072065266,3.1009246499433756,0.0057456254896841585,0.06429006159305573,-0.014516331008240463,⏳ ZAMAN AŞIMI,KAPANDI,4.0,,,,
SNDKB/USDT,1787004900000,2026-08-17 22:15,1801.4202599999999,BALİNA,TREND,True,True,0.6707132668359104,62.18048463307496,3.6872031866559114,0.08322153303773927,0.06103511154651642,-0.02147000000097859,🛑 STOP LOSS (%-2.0),KAPANDI,3.501671111111111,,,,
ETH/USDT,1787010300000,2026-08-17 23:45,1913.506275,NORMAL,TREND,True,True,0.18700253762865612,59.43889688537034,3.103286011048104,0.019357967839763734,0.08116073161363602,-0.011909665324023488,⏳ ZAMAN AŞIMI,KAPANDI,4.0,,,,
ACE/USDT,1787034600000,2026-08-18 06:30,0.1734867,NORMAL,TREND,True,True,2.9760377856262044,69.17283592920826,4.473568734000543,0.1208791208791209,0.8727133274078369,0.0390221700157295,DİNAMİK KISMİ KÂR + 📈 TREND TAKİPLİ ÇIKIŞ,KAPANDI,0.2589075,0.03327818505893465,DİNAMİK KISMİ KÂR + 📈 TREND TAKİPLİ ÇIKIŞ,KAPANDI,0.2589075
NEAR/USDT,1787034600000,2026-08-18 06:30,1.6648319999999999,NORMAL,TREND,True,True,0.4683429314270184,74.89343856599235,2.8004526830398295,0.01835985312117505,0.8029660582542419,-0.026462500000973534,🛑 STOP LOSS (%-2.5),KAPANDI,1.5269244444444445,-0.026462500000973534,🛑 STOP LOSS (%-2.5),KAPANDI,1.5269244444444445
ACE/USDT,1787035500000,2026-08-18 06:45,0.18199094999999998,NORMAL,TREND,True,True,3.187841726464369,74.71068168579214,4.232464016506624,0.19828722002635057,0.8865948915481567,0.008484999998991667,🔒 KÂR KİLİDİ (+%1),KAPANDI,0.07609861111111112,0.05958533987110612,🚀 MOON BAG (%50 VURKAÇ) + 📈 TREND TAKİPLİ ÇIKIŞ,KAPANDI,0.31021055555555554
ACE/USDT,1787036400000,2026-08-18 07:00,0.1962981,NORMAL,TREND,True,True,3.4834041449047426,80.9956029649881,3.380861254421201,0.32032301480484526,0.8466047644615173,-0.05367268558125686,🛑 STOP LOSS (%-5.2),KAPANDI,0.14146916666666667,-0.05367268558125686,🛑 STOP LOSS (%-5.2),KAPANDI,0.14146916666666667
BFUSD/USDT,1787036400000,2026-08-18 07:00,0.99999975,BALİNA,TREND,True,True,0.005592955035583389,64.71956610174206,13.773142771665963,-0.00010004001600638635,0.19656696915626526,-0.0030952555690186086,💤 MOMENTUM ÖLDÜ (YATAY REJİM),KAPANDI,1.5,,,,
ACE/USDT,1787037300000,2026-08-18 07:15,0.19139565,NORMAL,TREND,True,True,3.892331087270108,74.2017710955001,2.8581577281655526,0.29256756756756763,0.8998380303382874,0.008484999998991506,🔒 KÂR KİLİDİ (+%1),KAPANDI,0.30445694444444443,0.0004969999989996805,🔒 KÂR KİLİDİ (+%1),KAPANDI,0.4608
BFUSD/USDT,1787037300000,2026-08-18 07:15,1.00039995,NORMAL,TREND,True,True,0.008048059052471733,79.19038806917666,7.21410310303165,0.00030012004801927006,0.9078428745269775,-0.0029955052443806345,💤 MOMENTUM ÖLDÜ (YATAY REJİM),KAPANDI,1.5,-0.003294636505933525,⏳ ZAMAN AŞIMI,KAPANDI,4.0
XRP/USDT,1787052600000,2026-08-18 11:30,1.0006000499999999,NORMAL,YATAY,True,True,0.19326569511824843,63.26131337158113,2.596344923472429,-0.0008991008991008353,0.19398678839206696,-0.00528838629421331,💤 MOMENTUM ÖLDÜ (YATAY REJİM),KAPANDI,1.5,,,,
SOL/USDT,1787053500000,2026-08-18 11:45,76.41819,NORMAL,YATAY,True,True,0.22661081852272746,66.00022827242108,2.5793918241620024,0.007253066068838132,0.6248911619186401,-0.005867212351558508,💤 MOMENTUM ÖLDÜ (YATAY REJİM),KAPANDI,1.5,,,,
ACE/USDT,1787057100000,2026-08-18 12:45,0.21910949999999998,NORMAL,YATAY,True,True,3.5872768428251427,75.15850872878102,3.5992147732834328,0.23519458544839256,0.8865948915481567,0.008484999998991724,🔒 KÂR KİLİDİ (+%1),KAPANDI,0.5247886111111111,0.02584247850527548,DİNAMİK KISMİ KÂR + 📈 TREND TAKİPLİ ÇIKIŞ,KAPANDI,0.44352305555555555
SOL/USDT,1787063400000,2026-08-18 14:30,77.048505,NORMAL,YATAY,True,True,0.2888014201765381,75.66454124793411,3.241233984139776,0.01811210999471191,0.9003416299819946,0.00011163770772085256,⏳ ZAMAN AŞIMI,KAPANDI,4.0,0.00011163770772085256,⏳ ZAMAN AŞIMI,KAPANDI,4.0
ETH/USDT,1787063400000,2026-08-18 14:30,1919.189115,NORMAL,YATAY,True,True,0.23970741404909365,75.83083916454652,4.959697459493615,0.009674447982735535,0.9078428745269775,-0.003951849515062623,⏳ ZAMAN AŞIMI,KAPANDI,4.0,-0.003951849515062623,⏳ ZAMAN AŞIMI,KAPANDI,4.0
LINK/USDT,1787063400000,2026-08-18 14:30,9.512754,BALİNA,YATAY,True,True,0.3390552433828826,64.42546467433517,3.7314994046314776,0.0062440469890991945,0.19656696915626526,-0.0028906457055968347,⏳ ZAMAN AŞIMI,KAPANDI,4.0,,,,
XRP/USDT,1787063400000,2026-08-18 14:30,1.00600275,NORMAL,YATAY,True,True,0.2376777776787747,72.49118013140554,4.039232627886772,0.005097960815673819,0.46027547121047974,-0.006168468330624071,⏳ ZAMAN AŞIMI,KAPANDI,4.0,,,,
DOGE/USDT,1787063400000,2026-08-18 14:30,0.070385175,NORMAL,YATAY,True,True,0.1857398851194108,72.02936124866608,3.2923859147070527,0.0032800912721049347,0.4346320927143097,-0.0015782991395396672,⏳ ZAMAN AŞIMI,KAPANDI,4.0,,,,
SOL/USDT,1787064300000,2026-08-18 14:45,76.85840999999999,NORMAL,TREND,True,True,0.319975124477982,67.82462500739535,3.3415257741173874,0.015063424947145743,0.20825615525245667,0.0011575986129718234,⏳ ZAMAN AŞIMI,KAPANDI,4.0,,,,
ETH/USDT,1787064300000,2026-08-18 14:45,1913.3161799999998,BALİNA,TREND,True,True,0.2682768278892484,64.70393339575988,3.66818290747947,0.005811782402659116,0.19656696915626526,-0.0011030130797448326,⏳ ZAMAN AŞIMI,KAPANDI,4.0,,,,
LINK/USDT,1787087700000,2026-08-18 21:15,9.527761499999999,NORMAL,YATAY,True,True,0.35646649894408944,57.3256306078984,2.9843397329103025,-0.00010499790004192544,0.06429006159305573,-0.006450419486419297,💤 MOMENTUM ÖLDÜ (YATAY REJİM),KAPANDI,1.5,,,,
U/USDT,1787100300000,2026-08-19 00:45,1.0009001999999998,BALİNA,YATAY,True,True,0.013310207962277828,60.743127735725615,4.4677349546935545,0.0,0.06997355073690414,-0.0031948264148634756,⏳ ZAMAN AŞIMI,KAPANDI,4.0,,,,
ACE/USDT,1787103000000,2026-08-19 01:30,0.2509254,NORMAL,YATAY,True,True,2.7887743742864486,71.60938265420121,3.3370199469094453,0.5954198473282444,0.9057762622833252,-0.043268868191831907,🛑 STOP LOSS (%-4.2),KAPANDI,0.1414688888888889,-0.043268868191831907,🛑 STOP LOSS (%-4.2),KAPANDI,0.1414688888888889
ALLO/USDT,1787103900000,2026-08-19 01:45,0.3057528,NORMAL,YATAY,True,True,0.9723256329398964,66.0925476204845,4.8907762921053095,0.035230352303522894,0.7475258708000183,-0.026462500000973516,🛑 STOP LOSS (%-2.5),KAPANDI,1.7252180555555556,-0.026462500000973516,🛑 STOP LOSS (%-2.5),KAPANDI,1.7252180555555556
ALLO/USDT,1787105700000,2026-08-19 02:15,0.30605295,NORMAL,TREND,True,True,1.0254282859452937,65.76535968817461,2.5719357530292553,0.04724409448818889,0.7632881999015808,-0.026462500000973412,🛑 STOP LOSS (%-2.5),KAPANDI,1.2245391666666667,-0.026462500000973412,🛑 STOP LOSS (%-2.5),KAPANDI,1.2245391666666667
PLUME/USDT,1787107500000,2026-08-19 02:45,0.012396194999999999,BALİNA,TREND,True,True,0.640646642026568,63.27945622676947,4.542685638877857,0.03682008368200829,0.24607911705970764,-0.018284516866944406,⏳ ZAMAN AŞIMI,KAPANDI,4.0,,,,
PLUME/USDT,1787108400000,2026-08-19 03:00,0.01242621,NORMAL,TREND,True,True,0.6738173250894507,65.51005021655239,3.038535056603461,0.043697478991596705,0.3874114751815796,-0.019050328026274772,⏳ ZAMAN AŞIMI,KAPANDI,4.0,,,,
LINK/USDT,1787110200000,2026-08-19 03:30,9.66483,NORMAL,TREND,True,True,0.38974296433287914,75.50383230372435,6.32455034519458,0.02996055016526289,0.9078428745269775,-0.0046468584448039855,⏳ ZAMAN AŞIMI,KAPANDI,4.0,-0.0046468584448039855,⏳ ZAMAN AŞIMI,KAPANDI,4.0
LINK/USDT,1787112000000,2026-08-19 04:00,9.7098525,NORMAL,TREND,True,True,0.4527034689609833,79.24663335913637,2.9033589906639854,0.02992677491244833,0.9029675126075745,-0.0037146223451833085,⏳ ZAMAN AŞIMI,KAPANDI,4.0,-0.0037146223451833085,⏳ ZAMAN AŞIMI,KAPANDI,4.0
ACE/USDT,1787118300000,2026-08-19 05:45,0.2485242,NORMAL,TREND,True,True,3.8284356857945645,63.14631731968669,3.1258533085244924,0.6192959582790092,0.9067816734313965,-0.056417500000943456,🛑 STOP LOSS (%-5.5),KAPANDI,0.8766197222222222,-0.056417500000943456,🛑 STOP LOSS (%-5.5),KAPANDI,0.8766197222222222
XRP/USDT,1787122800000,2026-08-19 07:00,1.0049021999999999,NORMAL,TREND,True,True,0.1684057872287784,66.98043237852384,2.792010768552069,0.006009615384615419,0.16986137628555298,-0.0022013957304371375,💤 MOMENTUM ÖLDÜ (YATAY REJİM),KAPANDI,1.5,,,,
LINK/USDT,1787127300000,2026-08-19 08:15,9.716856,NORMAL,TREND,True,True,0.5180033409542538,64.0805000533639,2.872219867983925,0.031983848687705985,0.17316867411136627,0.002240000236728873,⏳ ZAMAN AŞIMI,KAPANDI,4.0,,,,
LINK/USDT,1787129100000,2026-08-19 08:45,9.8059005,NORMAL,TREND,True,True,0.5807484017092256,72.28609298559137,2.9534377439494364,0.03857157995125582,0.42537838220596313,-0.003402404334169592,⏳ ZAMAN AŞIMI,KAPANDI,4.0,,,,
SOL/USDT,1787129100000,2026-08-19 08:45,77.51874,NORMAL,TREND,True,True,0.24795601508383036,68.80980094682602,3.7098517848379804,0.01920547224414637,0.22587944567203522,0.1381497739250174,🚀 MOON BAG (%50 VURKAÇ) + 📈 TREND TAKİPLİ ÇIKIŞ,KAPANDI,68.42306333333333,,,,
ETH/USDT,1787129100000,2026-08-19 08:45,1925.3121749999998,NORMAL,TREND,True,True,0.21450723506050412,65.13203452297088,3.3183976745659347,0.012810458892321686,0.4471580386161804,0.0015119591484658728,⏳ ZAMAN AŞIMI,KAPANDI,4.0,,,,
XRP/USDT,1787129100000,2026-08-19 08:45,1.00820385,NORMAL,TREND,True,True,0.18352759562591922,71.44901275933698,2.575483962029097,0.010326849809504823,0.5664621591567993,-0.00032416244807182364,⏳ ZAMAN AŞIMI,KAPANDI,4.0,,,,
LINK/USDT,1787130000000,2026-08-19 09:00,9.794894999999999,NORMAL,TREND,True,True,0.5894564819922692,70.17046441964227,2.6469463355597176,0.035321489001691964,0.21697622537612915,-0.006967228972211812,⏳ ZAMAN AŞIMI,KAPANDI,4.0,,,,
SOL/USDT,1787143500000,2026-08-19 12:45,78.10903499999999,NORMAL,TREND,True,True,0.22662568420379228,74.93393673303781,4.711030643611654,0.023734592184631476,0.8169276118278503,0.12186005889034292,DİNAMİK KISMİ KÂR + 📈 TREND TAKİPLİ ÇIKIŞ,KAPANDI,64.4231175,0.12186005889034292,DİNAMİK KISMİ KÂR + 📈 TREND TAKİPLİ ÇIKIŞ,KAPANDI,64.4231175
ETH/USDT,1787143500000,2026-08-19 12:45,1934.0165249999998,NORMAL,TREND,True,True,0.18612360770837952,71.43000246218209,4.566678068083839,0.01760361337327132,0.46027547121047974,0.15399898437495835,🚀 MOON BAG (%50 VURKAÇ) + SIM_SINIR,SINIR,95.99972222222222,,,,
ZEC/USDT,1787143500000,2026-08-19 12:45,513.11643,NORMAL,TREND,True,True,0.3824063481756265,71.91962502024187,3.2709720296528504,0.016873203132745207,0.4346320927143097,0.06680243514601006,🚀 MOON BAG (%50 VURKAÇ) + 📈 TREND TAKİPLİ ÇIKIŞ,KAPANDI,14.260315,,,,
XRP/USDT,1787143500000,2026-08-19 12:45,1.01100525,NORMAL,TREND,True,True,0.1610021407060393,71.13265197544716,4.268538423895635,0.012423604849213454,0.46027547121047974,0.13812115855934926,🚀 MOON BAG (%50 VURKAÇ) + 📈 TREND TAKİPLİ ÇIKIŞ,KAPANDI,30.159570833333333,,,,
SPCXB/USDT,1787143500000,2026-08-19 12:45,144.01197,NORMAL,TREND,True,True,0.3934512404357078,65.65932555875352,4.027193450988967,0.012236286919831363,0.47292226552963257,-0.02646250000097344,🛑 STOP LOSS (%-2.5),KAPANDI,0.9090730555555555,,,,
SOL/USDT,1787144400000,2026-08-19 13:00,78.44920499999999,NORMAL,TREND,True,True,0.3051856711020156,79.75134415799054,7.421350946629298,0.02832786885245908,0.896721363067627,0.1167465134876812,DİNAMİK KISMİ KÂR + 📈 TREND TAKİPLİ ÇIKIŞ,KAPANDI,64.17314861111112,0.1167465134876812,DİNAMİK KISMİ KÂR + 📈 TREND TAKİPLİ ÇIKIŞ,KAPANDI,64.17314861111112
ETH/USDT,1787144400000,2026-08-19 13:00,1938.1786049999998,NORMAL,TREND,True,True,0.21336916536929385,74.92702905368124,5.000389523907679,0.019863331016909846,0.8169276118278503,0.1512223631609661,🚀 MOON BAG (%50 VURKAÇ) + SIM_SINIR,SINIR,95.99972222222222,0.1512223631609661,🚀 MOON BAG (%50 VURKAÇ) + SIM_SINIR,SINIR,95.99972222222222
ZEC/USDT,1787144400000,2026-08-19 13:00,514.03689,NORMAL,TREND,True,True,0.388829087097526,73.62279456545535,3.5198199043538825,0.017769061627146865,0.5942132472991943,0.06484746659851086,🚀 MOON BAG (%50 VURKAÇ) + 📈 TREND TAKİPLİ ÇIKIŞ,KAPANDI,14.010396111111111,,,,
XRP/USDT,1787144400000,2026-08-19 13:00,1.0117056,NORMAL,TREND,True,True,0.16919607840829676,72.56593810988406,2.883748812984229,0.013429544998997844,0.4326326251029968,0.13729873736572634,🚀 MOON BAG (%50 VURKAÇ) + 📈 TREND TAKİPLİ ÇIKIŞ,KAPANDI,29.909643055555556,,,,
ETH/USDT,1787145300000,2026-08-19 13:15,1936.7979149999999,NORMAL,TREND,True,True,0.2193296087861114,71.79257038889543,2.9426565394053164,0.019872399386758444,0.42537838220596313,0.15337695757399775,🚀 MOON BAG (%50 VURKAÇ) + SIM_SINIR,SINIR,95.99972222222222,,,,
XRP/USDT,1787145300000,2026-08-19 13:15,1.0141068,NORMAL,TREND,True,True,0.1976297497373038,76.81882491591801,2.8955926333599935,0.016242229797473584,0.9029675126075745,0.1366516112003601,🚀 MOON BAG (%50 VURKAÇ) + 📈 TREND TAKİPLİ ÇIKIŞ,KAPANDI,29.659890555555556,0.1366516112003601,🚀 MOON BAG (%50 VURKAÇ) + 📈 TREND TAKİPLİ ÇIKIŞ,KAPANDI,29.659890555555556
SPCXB/USDT,1787146200000,2026-08-19 13:30,145.17254999999997,NORMAL,TREND,True,True,0.43384028186324664,72.57371659193241,3.7905696496789774,0.02907801418439715,0.46027547121047974,-0.026462500000973464,🛑 STOP LOSS (%-2.5),KAPANDI,0.076415,,,,
XRP/USDT,1787146200000,2026-08-19 13:30,1.0236115499999998,NORMAL,TREND,True,True,0.253042638332965,86.05091978498865,3.131316188659266,0.026590407385109316,0.7039806246757507,0.11762333215278073,DİNAMİK KISMİ KÂR + 📈 TREND TAKİPLİ ÇIKIŞ,KAPANDI,29.410870555555555,0.11762333215278073,DİNAMİK KISMİ KÂR + 📈 TREND TAKİPLİ ÇIKIŞ,KAPANDI,29.410870555555555
ZEC/USDT,1787150700000,2026-08-19 14:45,525.152445,NORMAL,TREND,True,True,0.575769863805785,83.02644426135703,4.5698033892203185,0.03850186969511116,0.7216933965682983,0.035567906586175306,DİNAMİK KISMİ KÂR + 📈 TREND TAKİPLİ ÇIKIŞ,KAPANDI,12.324480555555555,0.0510020286841468,🚀 MOON BAG (%50 VURKAÇ) + 📈 TREND TAKİPLİ ÇIKIŞ,KAPANDI,12.324480555555555
ZEC/USDT,1787151600000,2026-08-19 15:00,540.8302799999999,NORMAL,TREND,True,True,0.7774987241031942,90.09194440391744,4.616827410312303,0.06703513620213175,0.412598192691803,0.012666798731019916,DİNAMİK KISMİ KÂR + 📈 TREND TAKİPLİ ÇIKIŞ,KAPANDI,2.4928930555555557,,,,
SOL/USDT,1787151600000,2026-08-19 15:00,80.93044499999999,NORMAL,TREND,True,True,0.50847604681653,89.0082745488781,4.474093969098586,0.053255208333333304,0.7216933965682983,0.05217564908029379,🚀 MOON BAG (%50 VURKAÇ) + 📈 TREND TAKİPLİ ÇIKIŞ,KAPANDI,10.141998888888889,0.05217564908029379,🚀 MOON BAG (%50 VURKAÇ) + 📈 TREND TAKİPLİ ÇIKIŞ,KAPANDI,10.141998888888889
ETH/USDT,1787151600000,2026-08-19 15:00,1971.5852999999997,NORMAL,TREND,True,True,0.39291173827282244,84.78857217031234,5.336119843695835,0.031177067743927367,0.7216933965682983,0.099820871090391,🚀 MOON BAG (%50 VURKAÇ) + 📈 TREND TAKİPLİ ÇIKIŞ,KAPANDI,12.143565277777778,0.099820871090391,🚀 MOON BAG (%50 VURKAÇ) + 📈 TREND TAKİPLİ ÇIKIŞ,KAPANDI,12.143565277777778
SUI/USDT,1787151600000,2026-08-19 15:00,0.6707352,NORMAL,TREND,True,True,0.42066804501197347,74.83679997679049,5.341768246884768,0.023042881123149783,0.8169276118278503,0.021231410403575155,DİNAMİK KISMİ KÂR + 📈 TREND TAKİPLİ ÇIKIŞ,KAPANDI,0.9105369444444444,0.021231410403575155,DİNAMİK KISMİ KÂR + 📈 TREND TAKİPLİ ÇIKIŞ,KAPANDI,0.9105369444444444
ZEC/USDT,1787152500000,2026-08-19 15:15,544.001865,NORMAL,TREND,True,True,0.9342562285382607,91.03744974504772,3.8088673715732457,0.06936632183455926,0.8402588367462158,0.008484999998991598,🔒 KÂR KİLİDİ (+%1),KAPANDI,1.8721330555555555,0.0004969999989997016,🔒 KÂR KİLİDİ (+%1),KAPANDI,2.2600769444444446
SOL/USDT,1787152500000,2026-08-19 15:15,81.42069,NORMAL,TREND,True,True,0.5947243302962755,90.3779970811135,4.1384132366983,0.057982319292771534,0.7216933965682983,0.04575017546209111,🚀 MOON BAG (%50 VURKAÇ) + 📈 TREND TAKİPLİ ÇIKIŞ,KAPANDI,9.89262861111111,0.04575017546209111,🚀 MOON BAG (%50 VURKAÇ) + 📈 TREND TAKİPLİ ÇIKIŞ,KAPANDI,9.89262861111111
UNI/USDT,1787152500000,2026-08-19 15:15,3.4527254999999997,NORMAL,TREND,True,True,0.7280611851963705,72.54330990531075,3.1500057731541533,0.05374045801526717,0.15108375251293182,0.019141757056891532,DİNAMİK KISMİ KÂR + 📈 TREND TAKİPLİ ÇIKIŞ,KAPANDI,1.9759938888888888,,,,
ETH/USDT,1787152500000,2026-08-19 15:15,2012.7358649999999,NORMAL,TREND,True,True,0.5440445971357195,91.18197928806498,4.630622522031472,0.051796973847939576,0.7216933965682983,0.06881146984145059,DİNAMİK KISMİ KÂR + 📈 TREND TAKİPLİ ÇIKIŞ,KAPANDI,11.923847222222221,0.06881146984145059,DİNAMİK KISMİ KÂR + 📈 TREND TAKİPLİ ÇIKIŞ,KAPANDI,11.923847222222221
SUI/USDT,1787152500000,2026-08-19 15:15,0.6827411999999999,NORMAL,TREND,True,True,0.5322724309745764,83.27354873660995,5.105029702802618,0.04262796027501925,0.7216933965682983,0.008484999998991674,🔒 KÂR KİLİDİ (+%1),KAPANDI,0.5232241666666667,0.0004969999989996568,🔒 KÂR KİLİDİ (+%1),KAPANDI,0.6100527777777778
XRP/USDT,1787152500000,2026-08-19 15:15,1.0431213,NORMAL,TREND,True,True,0.43988849786300144,86.00718962732364,3.7811377060742672,0.03979256008776311,0.7216933965682983,0.008484999998991478,🔒 KÂR KİLİDİ (+%1),KAPANDI,2.0729383333333335,0.05406412278359873,🚀 MOON BAG (%50 VURKAÇ) + 📈 TREND TAKİPLİ ÇIKIŞ,KAPANDI,7.560261111111111
PUMP/USDT,1787154300000,2026-08-19 15:45,0.0030955469999999997,NORMAL,TREND,True,True,1.2679899490600681,70.55710278871406,3.1095043437996535,0.0936726758571933,0.21458745002746582,0.013589310719117703,DİNAMİK KISMİ KÂR + 📈 TREND TAKİPLİ ÇIKIŞ,KAPANDI,1.7939494444444444,,,,
XRP/USDT,1787154300000,2026-08-19 15:45,1.0703349,NORMAL,TREND,True,True,0.680738858830428,91.84180802813725,3.1415201312351853,0.06660019940179485,0.6137866973876953,-0.007748471147590213,⏳ ZAMAN AŞIMI,KAPANDI,4.0,,,,
SUI/USDT,1787154300000,2026-08-19 15:45,0.6944470500000001,NORMAL,TREND,True,True,0.7371259389405902,79.08718521387301,3.1157022779983437,0.05856336739362522,0.694510817527771,-0.026462500000973513,🛑 STOP LOSS (%-2.5),KAPANDI,0.22762361111111112,-0.026462500000973513,🛑 STOP LOSS (%-2.5),KAPANDI,0.22762361111111112
XPL/USDT,1787167800000,2026-08-19 19:30,0.08088042,NORMAL,TREND,True,True,0.8321298104879862,75.6106405500524,2.5039597885360214,0.06564724492486151,0.5769467353820801,-0.004845464104021112,⏳ ZAMAN AŞIMI,KAPANDI,4.0,,,,
XPL/USDT,1787168700000,2026-08-19 19:45,0.08134064999999999,NORMAL,TREND,True,True,0.8254457379667605,77.93222446151374,5.037770901445613,0.07582373957919808,0.7083392143249512,-0.01170243256635469,⏳ ZAMAN AŞIMI,KAPANDI,4.0,-0.01170243256635469,⏳ ZAMAN AŞIMI,KAPANDI,4.0
XRP/USDT,1787171400000,2026-08-19 20:30,1.08164055,NORMAL,TREND,True,True,0.5842655520625721,75.92030918976711,2.6917539631126126,0.0802358113509194,0.9006802439689636,0.024395968528205265,DİNAMİK KISMİ KÂR + 📈 TREND TAKİPLİ ÇIKIŞ,KAPANDI,2.3590827777777776,0.024395968528205265,DİNAMİK KISMİ KÂR + 📈 TREND TAKİPLİ ÇIKIŞ,KAPANDI,2.3590827777777776
ETH/USDT,1787173200000,2026-08-19 21:00,2219.2290599999997,NORMAL,TREND,True,True,0.952490959291716,92.42228105566078,5.5982881559156,0.1594860482378646,0.8402588367462158,0.02541741532616167,DİNAMİK KISMİ KÂR + 📈 TREND TAKİPLİ ÇIKIŞ,KAPANDI,0.1916936111111111,0.02541741532616167,DİNAMİK KISMİ KÂR + 📈 TREND TAKİPLİ ÇIKIŞ,KAPANDI,0.1916936111111111
LINK/USDT,1787173200000,2026-08-19 21:00,10.5882915,NORMAL,TREND,True,True,0.9232488420667694,83.75417878217338,3.9841933811460577,0.11682144364710845,0.8402588367462158,0.008484999998991653,🔒 KÂR KİLİDİ (+%1),KAPANDI,1.0104297222222223,0.0004969999989996586,🔒 KÂR KİLİDİ (+%1),KAPANDI,1.559703611111111
UNI/USDT,1787173200000,2026-08-19 21:00,3.633816,NORMAL,TREND,True,True,0.8990011270039341,75.42656184670369,3.9932009251284124,0.10093967869051235,0.9520086646080017,0.012445145244892557,DİNAMİK KISMİ KÂR + 📈 TREND TAKİPLİ ÇIKIŞ,KAPANDI,1.0603525,0.0004969999989995805,🔒 KÂR KİLİDİ (+%1),KAPANDI,1.459121111111111
XRP/USDT,1787173200000,2026-08-19 21:00,1.09984965,NORMAL,TREND,True,True,0.6865248291693162,82.80381388257774,4.24910906745603,0.09908018396320739,0.6340911388397217,0.011518938961032617,DİNAMİK KISMİ KÂR + 📈 TREND TAKİPLİ ÇIKIŞ,KAPANDI,1.5590211111111112,,,,
ETH/USDT,1787174100000,2026-08-19 21:15,2260.819845,NORMAL,TREND,True,True,1.2404538654043242,93.9361329362794,5.614031978986153,0.18083955623605386,0.7363765239715576,-0.003988234385634444,⏳ ZAMAN AŞIMI,KAPANDI,4.0,-0.003988234385634444,⏳ ZAMAN AŞIMI,KAPANDI,4.0
LINK/USDT,1787174100000,2026-08-19 21:15,10.835415,NORMAL,TREND,True,True,1.0376114329016093,87.64017553221026,3.4381391881255983,0.13724666596660717,0.8402588367462158,-0.026462500000973554,🛑 STOP LOSS (%-2.5),KAPANDI,1.6422525,-0.026462500000973554,🛑 STOP LOSS (%-2.5),KAPANDI,1.6422525
ENA/USDT,1787174100000,2026-08-19 21:15,0.0942471,NORMAL,TREND,True,True,1.0448534446049433,81.88089275652365,5.071124287344057,0.1363088057901085,0.8402588367462158,-0.01569619944508917,⏳ ZAMAN AŞIMI,KAPANDI,4.0,-0.01569619944508917,⏳ ZAMAN AŞIMI,KAPANDI,4.0
UNI/USDT,1787174100000,2026-08-19 21:15,3.7208594999999995,NORMAL,TREND,True,True,1.0726100567292607,81.97597024829358,6.574906537720072,0.12458421530087693,0.8402588367462158,-0.026462500000973485,🛑 STOP LOSS (%-2.5),KAPANDI,1.309545,-0.026462500000973485,🛑 STOP LOSS (%-2.5),KAPANDI,1.309545
ZEC/USDT,1787174100000,2026-08-19 21:15,573.896805,NORMAL,TREND,True,True,1.1175780846561107,85.85262498560364,3.019483519326221,0.12424052369566074,0.7217981219291687,-0.02646250000097351,🛑 STOP LOSS (%-2.5),KAPANDI,1.3104994444444444,-0.02646250000097351,🛑 STOP LOSS (%-2.5),KAPANDI,1.3104994444444444
SOL/USDT,1787174100000,2026-08-19 21:15,86.14304999999999,NORMAL,TREND,True,True,0.8268220758496246,89.85257288139775,5.215542920926796,0.11818181818181817,0.412598192691803,-0.017585814923730958,⏳ ZAMAN AŞIMI,KAPANDI,4.0,,,,
CRCLB/USDT,1787184900000,2026-08-20 00:15,80.98047,NORMAL,TREND,True,True,0.8244407796555173,65.39991251051121,2.787134988293848,0.13823653494585852,0.1761782020330429,-0.000901475542027494,⏳ ZAMAN AŞIMI,KAPANDI,4.0,,,,
ARB/USDT,1787208300000,2026-08-20 06:45,0.08834415,NORMAL,TREND,True,True,0.782340815908405,59.129466126879734,2.862515149920869,0.16644649933949807,0.04973096400499344,0.0026500468210532203,⏳ ZAMAN AŞIMI,KAPANDI,4.0,,,,
SOL/USDT,1787208300000,2026-08-20 06:45,85.82289,NORMAL,TREND,True,True,0.4489511925352764,67.2461313854536,2.9339796711176893,0.11474983755685497,0.2020992487668991,0.004094407809955126,⏳ ZAMAN AŞIMI,KAPANDI,8.0,,,,
PEPE/USDT,1787212800000,2026-08-20 08:00,2.9814899999999995e-06,NORMAL,TREND,True,True,1.099409919438971,70.22715280583728,3.496359281782078,0.1505791505791505,0.3321298062801361,0.04840112855524879,🚀 MOON BAG (%50 VURKAÇ) + 📈 TREND TAKİPLİ ÇIKIŞ,KAPANDI,1.4763366666666666,,,,
ETH/USDT,1787213700000,2026-08-20 08:15,2285.172015,NORMAL,TREND,True,True,0.5490409028645935,67.55524467024208,2.763179527347263,0.1921322393419349,0.16986137628555298,-0.007190377113227124,⏳ ZAMAN AŞIMI,KAPANDI,4.0,,,,
PEPE/USDT,1787213700000,2026-08-20 08:15,3.04152e-06,NORMAL,TREND,True,True,1.2356724946266093,78.51034035973007,3.176586446354922,0.17374517374517362,0.9083192348480225,0.022685823326108107,DİNAMİK KISMİ KÂR + 📈 TREND TAKİPLİ ÇIKIŞ,KAPANDI,1.2265872222222223,0.037252252610957354,🚀 MOON BAG (%50 VURKAÇ) + 📈 TREND TAKİPLİ ÇIKIŞ,KAPANDI,1.2265872222222223
CRCLB/USDT,1787213700000,2026-08-20 08:15,83.631795,NORMAL,TREND,True,True,0.7424305423140692,70.3155383600222,3.609986305490034,0.17237026647966358,0.0832110047340393,0.008484999998991634,🔒 KÂR KİLİDİ (+%1),KAPANDI,2.2440902777777776,,,,
ENA/USDT,1787213700000,2026-08-20 08:15,0.09684839999999999,NORMAL,TREND,True,True,0.7694202503409894,78.37438813373464,5.103594699215038,0.13882352941176457,0.7125587463378906,0.02395845078915984,DİNAMİK KISMİ KÂR + 📈 TREND TAKİPLİ ÇIKIŞ,KAPANDI,3.8767919444444443,0.02395845078915984,DİNAMİK KISMİ KÂR + 📈 TREND TAKİPLİ ÇIKIŞ,KAPANDI,3.8767919444444443
SOL/USDT,1787213700000,2026-08-20 08:15,87.48371999999999,NORMAL,TREND,True,True,0.5010888021127714,79.65551905765906,2.923045877385927,0.13470023358422,0.8913280367851257,-0.00972277710972622,⏳ ZAMAN AŞIMI,KAPANDI,4.0,-0.00972277710972622,⏳ ZAMAN AŞIMI,KAPANDI,4.0
XRP/USDT,1787213700000,2026-08-20 08:15,1.12906425,NORMAL,TREND,True,True,0.517598645717282,76.57839666987167,3.5173505409850994,0.12378012348137823,0.9078428745269775,0.0950464757117035,🚀 MOON BAG (%50 VURKAÇ) + 📈 TREND TAKİPLİ ÇIKIŞ,KAPANDI,9.826973055555555,0.09606247497530024,🚀 MOON BAG (%50 VURKAÇ) + 📈 TREND TAKİPLİ ÇIKIŞ,KAPANDI,9.826973055555555
ZEC/USDT,1787213700000,2026-08-20 08:15,565.58265,NORMAL,TREND,True,True,0.6408926659042363,69.48057497711609,5.20672284841709,0.11945027525842589,0.1787622720003128,-0.006487578302254421,⏳ ZAMAN AŞIMI,KAPANDI,4.0,,,,
PEPE/USDT,1787214600000,2026-08-20 08:30,3.1515749999999996e-06,NORMAL,TREND,True,True,1.3794715622539873,86.11043312980009,4.4866422566159185,0.22093023255813948,0.6486271619796753,-0.026462500000973433,🛑 STOP LOSS (%-2.5),KAPANDI,1.3761227777777778,,,,
CRCLB/USDT,1787214600000,2026-08-20 08:30,83.36165999999999,NORMAL,TREND,True,True,0.7876690836151782,66.93862744266728,3.069823139999052,0.1672737461473801,0.061514366418123245,0.00848499999899163,🔒 KÂR KİLİDİ (+%1),KAPANDI,2.008916111111111,,,,
ENA/USDT,1787214600000,2026-08-20 08:30,0.09674834999999998,NORMAL,TREND,True,True,0.8628397262474691,77.11973105623493,4.042533138299701,0.13497652582159625,0.9612676501274109,0.025040585950265322,DİNAMİK KISMİ KÂR + 📈 TREND TAKİPLİ ÇIKIŞ,KAPANDI,3.6267583333333335,0.025040585950265322,DİNAMİK KISMİ KÂR + 📈 TREND TAKİPLİ ÇIKIŞ,KAPANDI,3.6267583333333335
XRP/USDT,1787214600000,2026-08-20 08:30,1.1412703499999999,NORMAL,TREND,True,True,0.5919582312271909,81.87878424938681,3.8425790817801353,0.13491194905979498,0.7216933965682983,0.07706578700321177,DİNAMİK KISMİ KÂR + 📈 TREND TAKİPLİ ÇIKIŞ,KAPANDI,9.577316388888889,0.07706578700321177,DİNAMİK KISMİ KÂR + 📈 TREND TAKİPLİ ÇIKIŞ,KAPANDI,9.577316388888889
SOL/USDT,1787214600000,2026-08-20 08:30,87.573765,NORMAL,TREND,True,True,0.5137895853405623,80.17120508458054,3.4493238472155956,0.1341020989893753,0.896721363067627,-0.00960195568375294,⏳ ZAMAN AŞIMI,KAPANDI,4.0,-0.00960195568375294,⏳ ZAMAN AŞIMI,KAPANDI,4.0
UNI/USDT,1787214600000,2026-08-20 08:30,3.7088534999999996,NORMAL,TREND,True,True,0.7255651591901654,68.03471254694253,3.5232291276269327,0.1148872180451126,0.07155894488096237,-0.008643494019634856,⏳ ZAMAN AŞIMI,KAPANDI,4.0,,,,
PEPE/USDT,1787215500000,2026-08-20 08:45,3.16158e-06,NORMAL,TREND,True,True,1.4350943227640216,86.54681919823058,2.756385487382836,0.22480620155038755,0.7768012285232544,-0.026462500000973475,🛑 STOP LOSS (%-2.5),KAPANDI,1.1243125,-0.026462500000973475,🛑 STOP LOSS (%-2.5),KAPANDI,1.1243125
XRP/USDT,1787215500000,2026-08-20 08:45,1.1520757499999998,NORMAL,TREND,True,True,0.6232939941407013,85.0817642830258,3.4391801950809406,0.14270120075419257,0.6340911388397217,0.06665954818459752,DİNAMİK KISMİ KÂR + 📈 TREND TAKİPLİ ÇIKIŞ,KAPANDI,9.327620277777777,,,,
CRCLB/USDT,1787220900000,2026-08-20 10:15,85.56276,NORMAL,TREND,True,True,0.8924969898179926,75.07333451286216,2.5099010950908585,0.19809470439899135,0.9001544713973999,-0.02646250000097352,🛑 STOP LOSS (%-2.5),KAPANDI,0.92754,-0.02646250000097352,🛑 STOP LOSS (%-2.5),KAPANDI,0.92754
PUMP/USDT,1787234400000,2026-08-20 14:00,0.0035757869999999995,NORMAL,TREND,True,True,1.6655116506598213,77.95842898893358,2.514123206437448,0.1838357071878105,0.3392247259616852,0.028998321617428047,DİNAMİK KISMİ KÂR + 📈 TREND TAKİPLİ ÇIKIŞ,KAPANDI,1.3940772222222222,,,,
PUMP/USDT,1787235300000,2026-08-20 14:15,0.0035747864999999997,NORMAL,TREND,True,True,1.7929493869607713,77.72458236414862,3.043578248856894,0.19139713237745903,0.88194739818573,0.029292602214018325,DİNAMİK KISMİ KÂR + 📈 TREND TAKİPLİ ÇIKIŞ,KAPANDI,1.1440727777777777,0.036330828603048884,🚀 MOON BAG (%50 VURKAÇ) + 📈 TREND TAKİPLİ ÇIKIŞ,KAPANDI,1.1440727777777777
ACE/USDT,1787237100000,2026-08-20 14:45,0.24862425,NORMAL,TREND,True,True,3.6334038480889106,76.45354754724744,2.7790173304718375,0.24937154348919055,0.9228523373603821,0.008484999998991629,🔒 KÂR KİLİDİ (+%1),KAPANDI,0.12537055555555557,0.0004969999989997248,🔒 KÂR KİLİDİ (+%1),KAPANDI,0.22756888888888888
PUMP/USDT,1787238900000,2026-08-20 15:15,0.0037358669999999995,NORMAL,TREND,True,True,2.0469199249155876,79.9721057166533,2.798308197242063,0.22667542706964516,0.9296926259994507,-0.032157743176390946,🛑 STOP LOSS (%-3.1),KAPANDI,0.5277041666666666,-0.032157743176390946,🛑 STOP LOSS (%-3.1),KAPANDI,0.5277041666666666
PEPE/USDT,1787238900000,2026-08-20 15:15,3.2015999999999996e-06,NORMAL,TREND,True,True,1.432542442961562,65.60388215802817,2.6149000371656963,0.19402985074626855,0.8655855059623718,-0.02646250000097339,🛑 STOP LOSS (%-2.5),KAPANDI,2.934550277777778,-0.02646250000097339,🛑 STOP LOSS (%-2.5),KAPANDI,2.934550277777778
XLM/USDT,1787247000000,2026-08-20 17:30,0.18949470000000002,NORMAL,TREND,True,True,1.1353548140993597,72.80538306649386,3.000962875399015,0.14787878787878794,0.44684186577796936,-0.02646250000097354,🛑 STOP LOSS (%-2.5),KAPANDI,0.5424247222222223,,,,
NEIRO/USDT,1787264100000,2026-08-20 22:15,8.9374665e-05,NORMAL,TREND,True,True,2.559525707443779,62.24442324431503,3.002012549076091,0.3073320649787794,0.39246058464050293,0.008484999998991494,🔒 KÂR KİLİDİ (+%1),KAPANDI,1.8942269444444444,,,,
PUMP/USDT,1787268600000,2026-08-20 23:30,0.003911955,NORMAL,TREND,True,True,1.730875610174903,68.10589525128114,2.7501968476135534,0.3178294573643412,0.6366104483604431,-0.027424189452367163,🛑 STOP LOSS (%-2.6),KAPANDI,0.5611072222222222,,,,
ADA/USDT,1787274000000,2026-08-21 01:00,0.20460224999999999,NORMAL,TREND,True,True,0.895550358229282,73.1419845889668,4.115329247462481,0.1000537923614846,0.6695991158485413,0.008484999998991655,🔒 KÂR KİLİDİ (+%1),KAPANDI,3.2937558333333334,0.04731224084481275,🚀 MOON BAG (%50 VURKAÇ) + 📈 TREND TAKİPLİ ÇIKIŞ,KAPANDI,8.059783333333334
FIL/USDT,1787275800000,2026-08-21 01:30,0.7509753,NORMAL,TREND,True,True,0.7599780686515851,68.04001730661652,3.7648406722318595,0.11547035220686586,0.07155894488096237,-0.002729849903385133,⏳ ZAMAN AŞIMI,KAPANDI,4.0,,,,
PENGU/USDT,1787277600000,2026-08-21 02:00,0.0072986475,NORMAL,TREND,True,True,0.7187660022159392,65.1376116501221,2.9422360157309853,0.11715160796324664,0.20995892584323883,0.008484999998991447,🔒 KÂR KİLİDİ (+%1),KAPANDI,1.1268780555555555,,,,
PENGU/USDT,1787278500000,2026-08-21 02:15,0.007365680999999999,NORMAL,TREND,True,True,0.7583559493402869,70.06483475749059,2.581243179592358,0.13331280788177335,0.11939805001020432,0.02643923834061218,DİNAMİK KISMİ KÂR + 📈 TREND TAKİPLİ ÇIKIŞ,KAPANDI,6.807988333333333,,,,
PENGU/USDT,1787279400000,2026-08-21 02:30,0.007428712499999999,NORMAL,TREND,True,True,0.7972585559753654,73.77339683670374,3.706605333433803,0.14955875522526707,0.23945041000843048,-0.0005785246510336045,⏳ ZAMAN AŞIMI,KAPANDI,4.0,,,,
CRV/USDT,1787280300000,2026-08-21 02:45,0.30715349999999997,NORMAL,TREND,True,True,2.0210904026966405,80.255864830631,2.7829230117225396,0.17805065234075212,0.9296926259994507,0.008484999998991572,🔒 KÂR KİLİDİ (+%1),KAPANDI,0.4741341666666667,0.03670934291449693,🚀 MOON BAG (%50 VURKAÇ) + 📈 TREND TAKİPLİ ÇIKIŞ,KAPANDI,1.8757666666666666
HEMI/USDT,1787283000000,2026-08-21 03:30,0.011335665,NORMAL,TREND,True,True,3.0474142698987188,88.40493197606611,4.649564928465059,0.2831257078142697,0.8466047644615173,-0.04714264722836087,🛑 STOP LOSS (%-4.6),KAPANDI,0.22717777777777778,-0.04714264722836087,🛑 STOP LOSS (%-4.6),KAPANDI,0.22717777777777778
NEIRO/USDT,1787291100000,2026-08-21 05:45,0.00010303149,NORMAL,TREND,True,True,3.2411279817020784,73.9266619047651,6.093862720646228,0.4948468573087532,0.8876813054084778,0.053817086716253154,DİNAMİK KISMİ KÂR + 📈 TREND TAKİPLİ ÇIKIŞ,KAPANDI,0.37627083333333333,0.05641746056768352,🚀 MOON BAG (%50 VURKAÇ) + 📈 TREND TAKİPLİ ÇIKIŞ,KAPANDI,0.37627083333333333
NEIRO/USDT,1787292000000,2026-08-21 06:00,0.00010886440499999999,NORMAL,TREND,True,True,3.448951346508496,78.75897500995099,2.6211906200651867,0.5803921568627448,0.9248450398445129,0.008484999998991704,🔒 KÂR KİLİDİ (+%1),KAPANDI,0.12519833333333333,0.0004969999989996276,🔒 KÂR KİLİDİ (+%1),KAPANDI,0.12633916666666667
NEIRO/USDT,1787292900000,2026-08-21 06:15,0.000106263105,NORMAL,TREND,True,True,3.739084654608445,72.3255922770405,2.984431441588971,0.5354922654329912,0.9111902713775635,-0.05641750000094357,🛑 STOP LOSS (%-5.5),KAPANDI,0.8269288888888889,-0.05641750000094357,🛑 STOP LOSS (%-5.5),KAPANDI,0.8269288888888889
BOME/USDT,1787292900000,2026-08-21 06:15,0.0012362177999999998,NORMAL,TREND,True,True,2.5330123494370578,64.43490319977634,3.0426192704796886,0.32760287955302436,0.8852658867835999,0.13197729171589906,DİNAMİK KISMİ KÂR + 📈 TREND TAKİPLİ ÇIKIŞ,KAPANDI,2.773206666666667,0.09900550381822512,DİNAMİK KISMİ KÂR + 📈 TREND TAKİPLİ ÇIKIŞ,KAPANDI,2.773206666666667
BOME/USDT,1787298300000,2026-08-21 07:45,0.0014629311,NORMAL,TREND,True,True,2.9628178778960788,85.34486376404371,2.8043678667983265,0.3376635257524472,0.8468044400215149,0.00848499999899147,🔒 KÂR KİLİDİ (+%1),KAPANDI,0.4414513888888889,0.0004969999989997345,🔒 KÂR KİLİDİ (+%1),KAPANDI,0.4431702777777778
BOME/USDT,1787299200000,2026-08-21 08:00,0.0014530261499999999,NORMAL,TREND,True,True,3.2393323548224253,82.84847093175634,2.766205410532855,0.28057490521118056,0.8468044400215149,0.008484999998991574,🔒 KÂR KİLİDİ (+%1),KAPANDI,0.19292083333333335,0.000496999998999473,🔒 KÂR KİLİDİ (+%1),KAPANDI,0.20940944444444445
XRP/USDT,1787300100000,2026-08-21 08:15,1.3464729,NORMAL,TREND,True,True,1.0035151655703627,72.40712378419478,2.7872602606416175,0.19255649091714666,0.5568382143974304,0.014813561305619389,DİNAMİK KISMİ KÂR + 📈 TREND TAKİPLİ ÇIKIŞ,KAPANDI,0.8073533333333334,,,,
XRP/USDT,1787301000000,2026-08-21 08:30,1.35417675,NORMAL,TREND,True,True,1.0410929922547791,74.55177258260005,2.8020180484633523,0.186552117121066,0.9024039506912231,0.011866342578573282,DİNAMİK KISMİ KÂR + 📈 TREND TAKİPLİ ÇIKIŞ,KAPANDI,0.5418552777777778,0.0004969999989997263,🔒 KÂR KİLİDİ (+%1),KAPANDI,0.5582072222222222
ENA/USDT,1787302800000,2026-08-21 09:00,0.14197094999999998,NORMAL,TREND,True,True,2.3377377838552165,80.3515724671191,2.8650974199973036,0.46288659793814424,0.9318698048591614,-0.0365134676586549,🛑 STOP LOSS (%-3.5),KAPANDI,0.05780388888888889,-0.0365134676586549,🛑 STOP LOSS (%-3.5),KAPANDI,0.05780388888888889
XRP/USDT,1787302800000,2026-08-21 09:00,1.40039985,NORMAL,TREND,True,True,1.1291639134724383,83.26719391782491,2.5558932225290953,0.21364779328882344,0.5904324054718018,-0.02646250000097353,🛑 STOP LOSS (%-2.5),KAPANDI,0.042665555555555554,,,,
FET/USDT,1787302800000,2026-08-21 09:00,0.162081,NORMAL,TREND,True,True,1.2884777032099801,88.6017959569734,4.246479962783132,0.2134831460674158,0.7363765239715576,-0.026462500000973548,🛑 STOP LOSS (%-2.5),KAPANDI,0.044318611111111114,-0.026462500000973548,🛑 STOP LOSS (%-2.5),KAPANDI,0.044318611111111114
PUMP/USDT,1787310000000,2026-08-21 11:00,0.004100049,NORMAL,TREND,True,True,2.018886116891896,68.74243488449036,4.711551080084314,0.22511210762331846,0.8580158948898315,-0.03173786681671651,🛑 STOP LOSS (%-3.0),KAPANDI,1.9427158333333334,-0.03173786681671651,🛑 STOP LOSS (%-3.0),KAPANDI,1.9427158333333334
CRV/USDT,1787314500000,2026-08-21 12:15,0.32886434999999997,NORMAL,TREND,True,True,1.71937860729626,69.205512289705,3.688795749383846,0.21425932766900635,0.687282145023346,-0.027251993091752427,🛑 STOP LOSS (%-2.6),KAPANDI,0.2772911111111111,-0.027251993091752427,🛑 STOP LOSS (%-2.6),KAPANDI,0.2772911111111111
ZEC/USDT,1787329800000,2026-08-21 16:30,674.567115,NORMAL,TREND,True,True,1.4791951420030327,71.86905442723393,2.9530507210252863,0.16717446248658385,0.7871510982513428,-0.010433519881256173,💤 MOMENTUM ÖLDÜ (YATAY REJİM),KAPANDI,1.5,0.051111540001013894,🚀 MOON BAG (%50 VURKAÇ) + 📈 TREND TAKİPLİ ÇIKIŞ,KAPANDI,3.9942752777777777
PEPE/USDT,1787332500000,2026-08-21 17:15,3.971985e-06,NORMAL,YATAY,True,True,1.787280162774818,77.9164585810968,2.6715557149849603,0.24451410658307204,0.8772493004798889,-0.02826898863893163,🛑 STOP LOSS (%-2.7),KAPANDI,0.07732805555555555,-0.02826898863893163,🛑 STOP LOSS (%-2.7),KAPANDI,0.07732805555555555
GALA/USDT,1787336100000,2026-08-21 18:15,0.0021680835,NORMAL,YATAY,True,True,2.3323446873280314,71.55444727578433,3.057980710241932,0.3689197725837019,0.9160581231117249,-0.03643269255541923,🛑 STOP LOSS (%-3.5),KAPANDI,0.7199316666666666,-0.03643269255541923,🛑 STOP LOSS (%-3.5),KAPANDI,0.7199316666666666
CRV/USDT,1787341500000,2026-08-21 19:45,0.3273636,NORMAL,YATAY,True,True,1.092195843739426,65.58760576481048,2.665707155756668,0.21140318400592362,0.6642478704452515,0.009192813762411852,💤 MOMENTUM ÖLDÜ (YATAY REJİM),KAPANDI,1.5944444444444446,0.027572294378900783,DİNAMİK KISMİ KÂR + 📈 TREND TAKİPLİ ÇIKIŞ,KAPANDI,4.573079444444445
CRV/USDT,1787342400000,2026-08-21 20:00,0.3319659,NORMAL,YATAY,True,True,1.1358244648309896,71.70522150166533,3.0526485817272304,0.22390261895979324,0.44684186577796936,0.00571851836861319,💤 MOMENTUM ÖLDÜ (YATAY REJİM),KAPANDI,1.5,,,,
ZEC/USDT,1787343300000,2026-08-21 20:15,694.2669599999999,NORMAL,YATAY,True,True,1.5641124363104812,71.21896783624152,2.873645474322186,0.2040533037201553,0.7638515830039978,0.014909335563367064,DİNAMİK KISMİ KÂR + 📈 TREND TAKİPLİ ÇIKIŞ,KAPANDI,0.24334833333333333,0.0004969999989994217,🔒 KÂR KİLİDİ (+%1),KAPANDI,0.35518361111111113
CRV/USDT,1787343300000,2026-08-21 20:15,0.3277638,NORMAL,YATAY,True,True,1.271061983003081,61.07156773359559,3.1856070498909808,0.18139199423007568,0.06430209428071976,0.026290196034115736,DİNAMİK KISMİ KÂR + 📈 TREND TAKİPLİ ÇIKIŞ,KAPANDI,4.0730933333333335,,,,
ZEC/USDT,1787344200000,2026-08-21 20:30,702.7912200000001,NORMAL,YATAY,True,True,1.738825682838268,74.59544987903503,4.840221500435076,0.21797028072061453,0.7832680344581604,0.008484999998991648,🔒 KÂR KİLİDİ (+%1),KAPANDI,0.9937305555555556,0.025947236591326833,DİNAMİK KISMİ KÂR + 📈 TREND TAKİPLİ ÇIKIŞ,KAPANDI,2.0212908333333335
AAVE/USDT,1787346000000,2026-08-21 21:00,116.508225,NORMAL,YATAY,True,True,1.1354902006658996,74.79894416915099,7.235190109675467,0.19632216971440308,0.8541746139526367,0.042115846420284285,DİNAMİK KISMİ KÂR + 📈 TREND TAKİPLİ ÇIKIŞ,KAPANDI,8.159577222222222,0.042115846420284285,DİNAMİK KISMİ KÂR + 📈 TREND TAKİPLİ ÇIKIŞ,KAPANDI,8.159577222222222
AAVE/USDT,1787346900000,2026-08-21 21:15,117.51872999999999,NORMAL,YATAY,True,True,1.1882403326366038,76.94285354867587,3.871506380622824,0.20397703977039772,0.9198305606842041,0.04286099653619064,DİNAMİK KISMİ KÂR + 📈 TREND TAKİPLİ ÇIKIŞ,KAPANDI,7.1246286111111115,0.04786392625686042,DİNAMİK KISMİ KÂR + 📈 TREND TAKİPLİ ÇIKIŞ,KAPANDI,7.1246286111111115
DASH/USDT,1787349600000,2026-08-21 22:00,39.11955,NORMAL,YATAY,True,True,1.3725254216245806,87.52503177023509,3.1751811104583516,0.18448954862163003,0.6144950985908508,-0.02646250000097371,🛑 STOP LOSS (%-2.5),KAPANDI,0.5258238888888889,,,,
SHIB/USDT,1787352300000,2026-08-21 22:45,5.962979999999999e-06,NORMAL,YATAY,True,True,1.490794823023868,86.42669545008137,3.1295837008995777,0.2064777327935221,0.7753912210464478,0.016990710936479105,DİNAMİK KISMİ KÂR + 📈 TREND TAKİPLİ ÇIKIŞ,KAPANDI,0.5934488888888889,0.016990710936479105,DİNAMİK KISMİ KÂR + 📈 TREND TAKİPLİ ÇIKIŞ,KAPANDI,0.5934488888888889
SHIB/USDT,1787353200000,2026-08-21 23:00,6.153075e-06,NORMAL,YATAY,True,True,1.6667820375002462,89.49078151444331,4.483367318160604,0.24746450304259637,0.7658712267875671,-0.026464227967633442,🛑 STOP LOSS (%-2.5),KAPANDI,0.39117083333333336,-0.026464227967633442,🛑 STOP LOSS (%-2.5),KAPANDI,0.39117083333333336
SHIB/USDT,1787354100000,2026-08-21 23:15,6.133064999999999e-06,NORMAL,YATAY,True,True,1.7392110536659053,87.24713525730792,2.669901521777172,0.2434077079107504,0.7675702571868896,-0.027549033557253494,🛑 STOP LOSS (%-2.6),KAPANDI,0.14325222222222223,-0.027549033557253494,🛑 STOP LOSS (%-2.6),KAPANDI,0.14325222222222223
DASH/USDT,1787364900000,2026-08-22 02:15,41.92095,NORMAL,YATAY,True,True,1.867470735535887,83.0878951678068,2.650720073147831,0.25524266027561393,0.7675702571868896,0.023459946333262607,DİNAMİK KISMİ KÂR + 📈 TREND TAKİPLİ ÇIKIŞ,KAPANDI,0.3190791666666667,0.023459946333262607,DİNAMİK KISMİ KÂR + 📈 TREND TAKİPLİ ÇIKIŞ,KAPANDI,0.3190791666666667
DASH/USDT,1787365800000,2026-08-22 02:30,43.70184,NORMAL,YATAY,True,True,2.005148164704228,87.55744334878493,2.5827850413838647,0.3003870199464125,0.6158292293548584,-0.03153210663782614,🛑 STOP LOSS (%-3.0),KAPANDI,0.07188388888888889,,,,
TRUMP/USDT,1787365800000,2026-08-22 02:30,2.1200595,NORMAL,YATAY,True,True,1.9878445404053036,83.59061320119342,3.7588387225963533,0.2765060240963857,0.8629759550094604,0.12261246622537504,DİNAMİK KISMİ KÂR + 📈 TREND TAKİPLİ ÇIKIŞ,KAPANDI,1.6705358333333333,0.12261246622537504,DİNAMİK KISMİ KÂR + 📈 TREND TAKİPLİ ÇIKIŞ,KAPANDI,1.6705358333333333
TRUMP/USDT,1787366700000,2026-08-22 02:45,2.1900945,NORMAL,YATAY,True,True,2.1750816429418696,86.51435960442781,4.210406990889839,0.3210621605310804,0.8629759550094604,0.008484999998991494,🔒 KÂR KİLİDİ (+%1),KAPANDI,0.4706402777777778,0.04252609069034052,🚀 MOON BAG (%50 VURKAÇ) + 📈 TREND TAKİPLİ ÇIKIŞ,KAPANDI,0.8757066666666666
POL/USDT,1787366700000,2026-08-22 02:45,0.0994497,NORMAL,YATAY,True,True,1.1124874205763142,77.14400855981191,3.733602372770131,0.22233152975897696,0.9198305606842041,0.0616033606167564,🚀 MOON BAG (%50 VURKAÇ) + 📈 TREND TAKİPLİ ÇIKIŞ,KAPANDI,2.4075,0.0616033606167564,🚀 MOON BAG (%50 VURKAÇ) + 📈 TREND TAKİPLİ ÇIKIŞ,KAPANDI,2.4075
DASH/USDT,1787367600000,2026-08-22 03:00,46.783379999999994,NORMAL,YATAY,True,True,2.569196084971679,87.18738662718799,3.690275238079952,0.3991621783363255,0.8629759550094604,-0.039980134363623236,🛑 STOP LOSS (%-3.9),KAPANDI,0.8273166666666667,-0.039980134363623236,🛑 STOP LOSS (%-3.9),KAPANDI,0.8273166666666667
BCH/USDT,1787367600000,2026-08-22 03:00,305.3526,NORMAL,YATAY,True,True,1.4066167931727946,72.47554932800536,3.629432256259825,0.35104028331119963,0.7857953906059265,-0.02646250000097349,🛑 STOP LOSS (%-2.5),KAPANDI,0.026466666666666666,-0.02646250000097349,🛑 STOP LOSS (%-2.5),KAPANDI,0.026466666666666666
TRUMP/USDT,1787367600000,2026-08-22 03:00,2.1980985,NORMAL,YATAY,True,True,2.174865071833128,86.79453574863597,2.5992425102116945,0.32990314769975804,0.75801020860672,0.043894102963516354,🚀 MOON BAG (%50 VURKAÇ) + 📈 TREND TAKİPLİ ÇIKIŞ,KAPANDI,0.6257419444444444,0.043894102963516354,🚀 MOON BAG (%50 VURKAÇ) + 📈 TREND TAKİPLİ ÇIKIŞ,KAPANDI,0.6257419444444444
ENA/USDT,1787369400000,2026-08-22 03:30,0.156078,NORMAL,YATAY,True,True,1.8918767557260692,79.50680382485947,3.8129395385087554,0.273469387755102,0.8762226700782776,0.008484999998991681,🔒 KÂR KİLİDİ (+%1),KAPANDI,0.45938,0.0004969999989995657,🔒 KÂR KİLİDİ (+%1),KAPANDI,0.4754480555555556
POL/USDT,1787369400000,2026-08-22 03:30,0.101740845,NORMAL,YATAY,True,True,1.2341917984140809,78.35841322285637,3.1730721831781743,0.23861144945188784,0.9083192348480225,0.057463116454634734,🚀 MOON BAG (%50 VURKAÇ) + 📈 TREND TAKİPLİ ÇIKIŞ,KAPANDI,1.6108827777777779,0.057463116454634734,🚀 MOON BAG (%50 VURKAÇ) + 📈 TREND TAKİPLİ ÇIKIŞ,KAPANDI,1.6108827777777779
POL/USDT,1787370300000,2026-08-22 03:45,0.103781865,NORMAL,YATAY,True,True,1.305330562001275,81.77584212722846,3.0782900586196367,0.26608080068351025,0.7069167494773865,0.048290328600875336,🚀 MOON BAG (%50 VURKAÇ) + 📈 TREND TAKİPLİ ÇIKIŞ,KAPANDI,1.36111,0.048290328600875336,🚀 MOON BAG (%50 VURKAÇ) + 📈 TREND TAKİPLİ ÇIKIŞ,KAPANDI,1.36111
TRUMP/USDT,1787371200000,2026-08-22 04:00,2.7263625,NORMAL,YATAY,True,True,2.978167808198033,95.31648866565533,3.6636967628045634,0.6317365269461079,0.8466047644615173,0.008484999998991556,🔒 KÂR KİLİDİ (+%1),KAPANDI,0.09102638888888889,0.000496999998999462,🔒 KÂR KİLİDİ (+%1),KAPANDI,0.09198222222222223
POL/USDT,1787371200000,2026-08-22 04:00,0.10515255,NORMAL,YATAY,True,True,1.3424527243151554,83.61239027535416,2.903339905005311,0.26886393818664733,0.6050796508789062,0.04206684328303621,🚀 MOON BAG (%50 VURKAÇ) + 📈 TREND TAKİPLİ ÇIKIŞ,KAPANDI,1.1233375,,,,
TRUMP/USDT,1787372100000,2026-08-22 04:15,2.6843414999999995,NORMAL,YATAY,True,True,3.4130931634084516,90.13961616722423,4.0628001387729045,0.6133493686109439,0.8466047644615173,0.11514726638758817,🚀 MOON BAG (%50 VURKAÇ) + 📈 TREND TAKİPLİ ÇIKIŞ,KAPANDI,0.6100141666666666,0.11514726638758817,🚀 MOON BAG (%50 VURKAÇ) + 📈 TREND TAKİPLİ ÇIKIŞ,KAPANDI,0.6100141666666666
BONK/USDT,1787374800000,2026-08-22 05:00,3.5917949999999997e-06,NORMAL,YATAY,True,True,1.968165968997992,83.4905761458677,2.903801636485109,0.34962406015037595,0.8671008944511414,-0.030978205801636315,🛑 STOP LOSS (%-3.0),KAPANDI,0.1261988888888889,-0.030978205801636315,🛑 STOP LOSS (%-3.0),KAPANDI,0.1261988888888889
ZAMA/USDT,1787384700000,2026-08-22 07:45,0.06477237,NORMAL,TREND,True,True,3.749855208893277,72.43601832495342,3.2429587054614046,0.39736671703000215,0.9142236113548279,-0.05641750000094357,🛑 STOP LOSS (%-5.5),KAPANDI,0.6276869444444444,-0.05641750000094357,🛑 STOP LOSS (%-5.5),KAPANDI,0.6276869444444444
TUT/USDT,1787399100000,2026-08-22 11:45,0.04324161,NORMAL,TREND,True,True,2.695822151517526,69.03149302260634,2.888350639231661,0.16747703943814174,0.8701167106628418,0.008484999998991589,🔒 KÂR KİLİDİ (+%1),KAPANDI,1.3426627777777778,0.02435507321293349,DİNAMİK KISMİ KÂR + 📈 TREND TAKİPLİ ÇIKIŞ,KAPANDI,1.6051944444444444
ZEN/USDT,1787419800000,2026-08-22 17:30,5.5737855,NORMAL,YATAY,True,True,1.5521199258130605,74.0478736353007,5.690075170585967,0.14347290640394084,0.7832680344581604,0.025209386373799905,DİNAMİK KISMİ KÂR + 📈 TREND TAKİPLİ ÇIKIŞ,KAPANDI,0.2592347222222222,0.025209386373799905,DİNAMİK KISMİ KÂR + 📈 TREND TAKİPLİ ÇIKIŞ,KAPANDI,0.2592347222222222
ZEN/USDT,1787420700000,2026-08-22 17:45,5.72286,NORMAL,YATAY,True,True,1.6359932141044284,79.22784380612757,4.256760553706675,0.18181818181818188,0.8762226700782776,-0.026462500000973496,🛑 STOP LOSS (%-2.5),KAPANDI,0.04426694444444444,-0.026462500000973496,🛑 STOP LOSS (%-2.5),KAPANDI,0.04426694444444444
ZEN/USDT,1787421600000,2026-08-22 18:00,5.6158065,NORMAL,YATAY,True,True,1.8916395504255106,68.61269760340137,3.2099684609503463,0.1566041623737895,0.6646757125854492,-0.02983203136746829,🛑 STOP LOSS (%-2.8),KAPANDI,0.2604608333333333,-0.02983203136746829,🛑 STOP LOSS (%-2.8),KAPANDI,0.2604608333333333
MUBARAK/USDT,1787424300000,2026-08-22 18:45,0.02503251,NORMAL,YATAY,True,True,1.9725551347682502,60.45779851673551,2.8560610606371832,0.1729957805907174,0.3041108250617981,0.003380222939508173,💤 MOMENTUM ÖLDÜ (YATAY REJİM),KAPANDI,1.5,,,,
MUBARAK/USDT,1787425200000,2026-08-22 19:00,0.025182585,NORMAL,YATAY,True,True,2.024856640214887,62.03356140131329,2.960733886971106,0.1911973497397066,0.37375733256340027,0.00848499999899183,🔒 KÂR KİLİDİ (+%1),KAPANDI,1.6276680555555556,,,,
MUBARAK/USDT,1787430600000,2026-08-22 20:30,0.026012999999999998,NORMAL,YATAY,True,True,1.9426374885748745,67.920980086957,3.2672159148513704,0.23106060606060597,0.8359535336494446,-0.03059585298609953,🛑 STOP LOSS (%-2.9),KAPANDI,0.4273388888888889,-0.03059585298609953,🛑 STOP LOSS (%-2.9),KAPANDI,0.4273388888888889
ENA/USDT,1787437800000,2026-08-22 22:30,0.16098044999999997,NORMAL,YATAY,True,True,1.8446709130157173,65.26729483347208,4.166546865319624,0.13871196036801114,0.8728852272033691,-0.029128558600663695,🛑 STOP LOSS (%-2.8),KAPANDI,1.1375975,-0.029128558600663695,🛑 STOP LOSS (%-2.8),KAPANDI,1.1375975
ENA/USDT,1787474700000,2026-08-23 08:45,0.16338165,NORMAL,TREND,False,True,1.941984307266114,68.86917752047634,3.626577675288141,0.0701179554390563,0.8629632592201233,,,,,0.04284594903802092,DİNAMİK KISMİ KÂR + 📈 TREND TAKİPLİ ÇIKIŞ,KAPANDI,1.9607133333333333
ENA/USDT,1787475600000,2026-08-23 09:00,0.16458224999999999,NORMAL,TREND,False,True,1.9986116268198733,70.45055922966874,3.3975689141301952,0.08509234828496037,0.8840627670288086,,,,,0.05088841093557968,🚀 MOON BAG (%50 VURKAÇ) + 📈 TREND TAKİPLİ ÇIKIŞ,KAPANDI,1.7109222222222222
ENA/USDT,1787476500000,2026-08-23 09:15,0.1676838,NORMAL,TREND,False,True,2.043070926688499,73.91597367441453,2.9107342703479793,0.10118265440210239,0.9029795527458191,,,,,0.04604244375409412,DİNAMİK KISMİ KÂR + 📈 TREND TAKİPLİ ÇIKIŞ,KAPANDI,1.2596641666666666
AAVE/USDT,1787481000000,2026-08-23 10:30,127.54374,NORMAL,TREND,True,True,1.0730637552013316,67.89492170346688,2.503561001964613,0.06392922717409455,0.30489593744277954,0.04934297689234138,DİNAMİK KISMİ KÂR + 📈 TREND TAKİPLİ ÇIKIŞ,KAPANDI,4.209426944444444,,,,
AAVE/USDT,1787481900000,2026-08-23 10:45,127.22357999999998,NORMAL,TREND,True,True,1.0701944017918372,65.79005371450533,2.513646794311266,0.04477857201544655,0.4718674123287201,0.052065327887981176,DİNAMİK KISMİ KÂR + 📈 TREND TAKİPLİ ÇIKIŞ,KAPANDI,3.9594019444444446,,,,
XPL/USDT,1787485500000,2026-08-23 11:45,0.103941945,NORMAL,TREND,True,True,1.604984984103543,83.92314032985053,4.063002543375835,0.10462519936204151,0.7658712267875671,-0.02646250000097337,🛑 STOP LOSS (%-2.5),KAPANDI,1.0600305555555556,-0.02646250000097337,🛑 STOP LOSS (%-2.5),KAPANDI,1.0600305555555556
XPL/USDT,1787486400000,2026-08-23 12:00,0.10487240999999999,NORMAL,TREND,True,True,1.6420685281669938,84.99727216413743,2.54692207353992,0.1142766025300308,0.5787484645843506,-0.02646250000097352,🛑 STOP LOSS (%-2.5),KAPANDI,0.22158416666666667,,,,
PYTH/USDT,1787486400000,2026-08-23 12:00,0.05124561,NORMAL,TREND,True,True,1.0516149888192288,57.341120603985985,2.9908824975724797,0.050235800697149946,0.09489317238330841,0.03887817788990899,DİNAMİK KISMİ KÂR + 📈 TREND TAKİPLİ ÇIKIŞ,KAPANDI,2.708289722222222,,,,
AAVE/USDT,1787489100000,2026-08-23 12:45,133.936935,NORMAL,TREND,True,True,1.3012303981052087,79.84840635688222,3.4928991437095407,0.06254464640050816,0.9038577675819397,0.027927916438611738,DİNAMİK KISMİ KÂR + 📈 TREND TAKİPLİ ÇIKIŞ,KAPANDI,1.7090455555555555,0.027927916438611738,DİNAMİK KISMİ KÂR + 📈 TREND TAKİPLİ ÇIKIŞ,KAPANDI,1.7090455555555555
UNI/USDT,1787489100000,2026-08-23 12:45,4.374186,NORMAL,TREND,True,True,1.0555087908124559,76.71805973210425,3.1403335928333846,0.02605022295235848,0.9454877972602844,0.042610486755091784,🚀 MOON BAG (%50 VURKAÇ) + 📈 TREND TAKİPLİ ÇIKIŞ,KAPANDI,1.824586111111111,0.042610486755091784,🚀 MOON BAG (%50 VURKAÇ) + 📈 TREND TAKİPLİ ÇIKIŞ,KAPANDI,1.824586111111111
AAVE/USDT,1787491800000,2026-08-23 13:30,139.67980500000002,NORMAL,TREND,True,True,1.488850193828389,86.73378388737426,2.935583079305377,0.11322861015867969,0.7753912210464478,-0.02646250000097361,🛑 STOP LOSS (%-2.5),KAPANDI,1.2083405555555555,-0.02646250000097361,🛑 STOP LOSS (%-2.5),KAPANDI,1.2083405555555555
TRUMP/USDT,1787491800000,2026-08-23 13:30,2.7003494999999997,NORMAL,TREND,True,True,2.3638033629951196,71.1281539388557,3.6142070436100244,0.10073409461663951,0.9127346277236938,0.047715400749896324,DİNAMİK KISMİ KÂR + 📈 TREND TAKİPLİ ÇIKIŞ,KAPANDI,0.9028688888888889,0.04927558500349027,🚀 MOON BAG (%50 VURKAÇ) + 📈 TREND TAKİPLİ ÇIKIŞ,KAPANDI,0.9028688888888889
UNI/USDT,1787491800000,2026-08-23 13:30,4.522259999999999,NORMAL,TREND,True,True,1.162022711083701,85.40472346428741,3.7986172020092246,0.06679254189284856,0.7502904534339905,0.008484999998991565,🔒 KÂR KİLİDİ (+%1),KAPANDI,0.3870425,0.0004969999989995634,🔒 KÂR KİLİDİ (+%1),KAPANDI,1.0729677777777777
ZRO/USDT,1787492700000,2026-08-23 13:45,1.248624,NORMAL,TREND,True,True,2.438733270463216,59.35351761724461,3.037087620414851,0.22955665024630556,0.38858139514923096,0.008484999998991681,🔒 KÂR KİLİDİ (+%1),KAPANDI,0.6931136111111111,,,,
UNI/USDT,1787492700000,2026-08-23 13:45,4.6193085,NORMAL,TREND,True,True,1.2636961408835734,88.45039094661473,3.271885585473814,0.09537366548042714,0.7146777510643005,-0.02646250000097337,🛑 STOP LOSS (%-2.5),KAPANDI,0.9560380555555555,-0.02646250000097337,🛑 STOP LOSS (%-2.5),KAPANDI,0.9560380555555555
ZEC/USDT,1787492700000,2026-08-23 13:45,852.8061899999999,NORMAL,TREND,True,True,1.242504516951755,75.58583104587844,4.105683098137429,0.07645483936148723,0.917341947555542,0.008484999998991653,🔒 KÂR KİLİDİ (+%1),KAPANDI,0.4610986111111111,0.0004969999989996122,🔒 KÂR KİLİDİ (+%1),KAPANDI,0.6272880555555556
DASH/USDT,1787492700000,2026-08-23 13:45,42.711344999999994,NORMAL,TREND,True,True,1.3676460156346542,72.14459636947281,2.6567330163845906,0.07558578987150422,0.4021580219268799,-0.02646250000097362,🛑 STOP LOSS (%-2.5),KAPANDI,0.9605938888888889,,,,
ZEC/USDT,1787494500000,2026-08-23 14:15,859.6296,NORMAL,TREND,True,True,1.401753856598761,76.46653115030033,2.529526097507426,0.08648094991211552,0.3775807023048401,-0.026462500000973502,🛑 STOP LOSS (%-2.5),KAPANDI,0.4600033333333333,,,,
TRUMP/USDT,1787495400000,2026-08-23 14:30,2.919459,NORMAL,TREND,True,True,2.496543054566137,81.34990990219478,3.2673717109134923,0.2219430485762146,0.848732590675354,-0.0388919736007254,🛑 STOP LOSS (%-3.7),KAPANDI,0.20617972222222222,-0.0388919736007254,🛑 STOP LOSS (%-3.7),KAPANDI,0.20617972222222222
PENGU/USDT,1787500800000,2026-08-23 16:00,0.0090275115,NORMAL,TREND,True,True,1.5896668582678823,77.75898152336053,3.266972524804941,0.06882255389718073,0.8631378412246704,0.008484999998991665,🔒 KÂR KİLİDİ (+%1),KAPANDI,0.37714,0.03663811410865473,🚀 MOON BAG (%50 VURKAÇ) + 📈 TREND TAKİPLİ ÇIKIŞ,KAPANDI,0.6100877777777778
PENGU/USDT,1787503500000,2026-08-23 16:45,0.009441718499999998,NORMAL,YATAY,True,True,1.8372291028368952,85.20236733794508,2.6290761401012395,0.08808947307736648,0.7675702571868896,0.003871644502267326,💤 MOMENTUM ÖLDÜ (YATAY REJİM),KAPANDI,1.5611111111111111,0.04525704443608865,DİNAMİK KISMİ KÂR + 📈 TREND TAKİPLİ ÇIKIŞ,KAPANDI,4.8441875
ZEC/USDT,1787509800000,2026-08-23 18:30,877.4385,NORMAL,YATAY,True,True,1.4707050428762825,68.89667592218584,3.030222731357451,0.054441398547588005,0.6646757125854492,-0.02646250000097345,🛑 STOP LOSS (%-2.5),KAPANDI,1.491193888888889,-0.02646250000097345,🛑 STOP LOSS (%-2.5),KAPANDI,1.491193888888889
TAO/USDT,1787510700000,2026-08-23 18:45,238.119,NORMAL,YATAY,True,True,1.0612181536689989,67.46027559017462,2.9108312771431777,0.05966162065894931,0.2715641260147095,0.011287613890001802,DİNAMİK KISMİ KÂR + 📈 TREND TAKİPLİ ÇIKIŞ,KAPANDI,4.307008055555555,,,,
AAVE/USDT,1787519700000,2026-08-23 21:15,143.55174,NORMAL,YATAY,True,True,1.199645213233143,71.40269595363786,3.0947295889292192,0.1485750880563559,0.4031701982021332,-0.010013727572950375,💤 MOMENTUM ÖLDÜ (YATAY REJİM),KAPANDI,2.261111111111111,,,,
UNI/USDT,1787519700000,2026-08-23 21:15,4.6263119999999995,BALİNA,YATAY,True,True,1.117183688046393,64.90196914257602,4.232900974739608,0.07860975040821083,0.6752963662147522,-0.021470000000978602,🛑 STOP LOSS (%-2.0),KAPANDI,1.5099922222222222,-0.021470000000978602,🛑 STOP LOSS (%-2.0),KAPANDI,1.5099922222222222
ASTER/USDT,1787519700000,2026-08-23 21:15,0.696348,NORMAL,YATAY,True,True,0.935348490348399,75.32338080797808,4.742885694964019,0.06748466257668695,0.9543358087539673,-0.026462500000973572,🛑 STOP LOSS (%-2.5),KAPANDI,0.8102819444444445,-0.026462500000973572,🛑 STOP LOSS (%-2.5),KAPANDI,0.8102819444444445
NEAR/USDT,1787519700000,2026-08-23 21:15,2.025012,NORMAL,YATAY,True,True,0.9942651578190834,71.41219584908994,2.5836386455885494,0.06190975865687309,0.536111056804657,-0.006443643319128237,💤 MOMENTUM ÖLDÜ (YATAY REJİM),KAPANDI,2.5944444444444446,,,,
AAVE/USDT,1787545800000,2026-08-24 04:30,143.31162,NORMAL,TREND,True,True,1.209464790586961,65.01906261259393,2.520055956128475,0.15861845830300103,0.4059569239616394,-0.007658958270674056,💤 MOMENTUM ÖLDÜ (YATAY REJİM),KAPANDI,2.75,,,,
TUT/USDT,1787549400000,2026-08-24 05:30,0.075547755,NORMAL,TREND,True,False,3.6250477794065454,78.45437200753744,3.252604513860282,0.31367432150313124,0.9264963269233704,0.008484999998991511,🔒 KÂR KİLİDİ (+%1),KAPANDI,0.17741861111111112,,,,
DASH/USDT,1787555700000,2026-08-24 07:15,43.171575,NORMAL,YATAY,True,True,1.2829482289001781,63.45709880128454,2.5022230412305526,0.08471593765711405,0.2770530581474304,-0.026462500000973513,🛑 STOP LOSS (%-2.5),KAPANDI,0.3775502777777778,,,,
TAO/USDT,1787566500000,2026-08-24 10:15,238.41915,BALİNA,YATAY,True,True,0.9555697654221027,58.58579514304461,4.375674161815439,0.06241640659830594,0.11307501047849655,-0.021470000000978446,🛑 STOP LOSS (%-2.0),KAPANDI,0.5942727777777778,,,,
SPCXB/USDT,1787579100000,2026-08-24 13:45,136.58826,NORMAL,TREND,True,True,0.5103341619888432,72.44969328486211,10.375367782288409,0.010510732790525612,0.46027547121047974,-0.026462500000973187,🛑 STOP LOSS (%-2.5),KAPANDI,0.15967666666666666,,,,
INJ/USDT,1787581800000,2026-08-24 14:30,5.732865,NORMAL,TREND,True,True,1.2167332243786162,78.73708095533665,3.2596844014414157,0.10831721470019362,0.9083192348480225,0.021168300962587983,DİNAMİK KISMİ KÂR + 📈 TREND TAKİPLİ ÇIKIŞ,KAPANDI,2.9911302777777777,0.021168300962587983,DİNAMİK KISMİ KÂR + 📈 TREND TAKİPLİ ÇIKIŞ,KAPANDI,2.9911302777777777
INJ/USDT,1787582700000,2026-08-24 14:45,5.7158565,NORMAL,TREND,True,True,1.2683268582955356,76.04738064157881,2.5386286535151372,0.12041576779760743,0.8464872241020203,0.0242738124917957,DİNAMİK KISMİ KÂR + 📈 TREND TAKİPLİ ÇIKIŞ,KAPANDI,2.741055277777778,0.0242738124917957,DİNAMİK KISMİ KÂR + 📈 TREND TAKİPLİ ÇIKIŞ,KAPANDI,2.741055277777778
MSTRB/USDT,1787582700000,2026-08-24 14:45,125.52272999999998,NORMAL,TREND,True,True,1.7665498905822894,69.65253681950111,11.836475304226479,0.05428571428571427,0.687282145023346,-0.02795850098716831,🛑 STOP LOSS (%-2.6),KAPANDI,2.6239369444444445,-0.02795850098716831,🛑 STOP LOSS (%-2.6),KAPANDI,2.6239369444444445
VIRTUAL/USDT,1787584500000,2026-08-24 15:15,0.8183089499999999,NORMAL,TREND,True,True,1.8481511306590308,74.04791582024735,3.7292034150060456,0.1380269931821343,0.7832680344581604,-0.029180683560416525,🛑 STOP LOSS (%-2.8),KAPANDI,1.7593344444444445,-0.029180683560416525,🛑 STOP LOSS (%-2.8),KAPANDI,1.7593344444444445
ASTER/USDT,1787606100000,2026-08-24 21:15,0.7043519999999999,NORMAL,YATAY,True,True,0.92843282460672,65.96673465461883,2.8501177857858173,0.011494252873563315,0.7232848405838013,-0.008660303510037578,💤 MOMENTUM ÖLDÜ (YATAY REJİM),KAPANDI,1.5,-0.002995505244380496,⏳ ZAMAN AŞIMI,KAPANDI,4.0
ASTER/USDT,1787607900000,2026-08-24 21:45,0.7113554999999999,NORMAL,YATAY,True,True,1.0481908648467804,67.10020622482517,3.5595476215323627,0.03795620437956182,0.29691001772880554,-0.008604531937801769,💤 MOMENTUM ÖLDÜ (YATAY REJİM),KAPANDI,2.3944444444444444,,,,
VIRTUAL/USDT,1787609700000,2026-08-24 22:15,0.7982989500000001,NORMAL,YATAY,True,True,1.339669212818975,59.17871444343421,2.724942123301932,0.09151846785225737,0.10389796644449234,-0.00786869427752636,💤 MOMENTUM ÖLDÜ (YATAY REJİM),KAPANDI,1.511111111111111,,,,
POL/USDT,1787616000000,2026-08-25 00:00,0.11649822,NORMAL,YATAY,True,True,1.0304472842618544,61.66371559942868,2.56970960397336,0.06581235697940513,0.35862502455711365,-0.007105451632930173,💤 MOMENTUM ÖLDÜ (YATAY REJİM),KAPANDI,1.5,,,,
SOL/USDT,1787616900000,2026-08-25 00:15,100.62028499999998,NORMAL,YATAY,True,True,0.8804285061298912,81.29862046018067,5.425660354184426,0.05629660749921217,0.8666541576385498,0.0007716391128546676,💤 MOMENTUM ÖLDÜ (YATAY REJİM),KAPANDI,1.5,-0.0056721604455737835,⏳ ZAMAN AŞIMI,KAPANDI,8.0
ASTER/USDT,1787617800000,2026-08-25 00:30,0.7123559999999999,NORMAL,YATAY,True,True,0.9365166204659467,65.3196304256467,3.8326681502548303,0.06268656716417897,0.7475258708000183,-0.026462500000973478,🛑 STOP LOSS (%-2.5),KAPANDI,1.5917244444444445,-0.026462500000973478,🛑 STOP LOSS (%-2.5),KAPANDI,1.5917244444444445
ONDO/USDT,1787621400000,2026-08-25 01:30,0.39289634999999995,NORMAL,YATAY,True,True,0.8639901393572064,71.94141630494721,3.7856244832226955,0.053379828326180156,0.6781595349311829,0.00335160765831634,⏳ ZAMAN AŞIMI,KAPANDI,4.0,0.00335160765831634,⏳ ZAMAN AŞIMI,KAPANDI,4.0
MSTRB/USDT,1787623200000,2026-08-25 02:00,125.04249,BALİNA,YATAY,True,True,0.6334657689969322,63.93682830756605,4.151335751275237,0.05246315789473677,0.24607911705970764,-0.021470000000978515,🛑 STOP LOSS (%-2.0),KAPANDI,7.843023333333333,,,,
VIRTUAL/USDT,1787625000000,2026-08-25 02:30,0.8172084,NORMAL,TREND,True,True,1.3215979451168787,65.18310581302137,2.580236636471097,0.14977477477477463,0.6346811652183533,-0.003605816516880224,⏳ ZAMAN AŞIMI,KAPANDI,4.0,,,,
ONDO/USDT,1787625000000,2026-08-25 02:30,0.39859919999999993,NORMAL,TREND,True,True,0.9846165720098002,73.29496459035713,3.0326870466173212,0.06895626509256769,0.5650470852851868,-0.016008616119704833,⏳ ZAMAN AŞIMI,KAPANDI,4.0,,,,
MSTRB/USDT,1787625000000,2026-08-25 02:30,127.54374,NORMAL,TREND,True,True,0.7031300364302909,76.51944276093403,4.948271039059922,0.06047749771233679,0.8493038415908813,-0.007375192387957333,⏳ ZAMAN AŞIMI,KAPANDI,4.0,-0.007375192387957333,⏳ ZAMAN AŞIMI,KAPANDI,4.0
PROM/USDT,1787626800000,2026-08-25 03:00,4.152075,NORMAL,TREND,True,True,2.865462172890553,77.27612224302042,4.159181427230583,0.43350604490500877,0.9227427244186401,0.008484999998991646,🔒 KÂR KİLİDİ (+%1),KAPANDI,0.24204666666666666,0.05929017855408978,🚀 MOON BAG (%50 VURKAÇ) + 📈 TREND TAKİPLİ ÇIKIŞ,KAPANDI,0.8771694444444444
PROM/USDT,1787628600000,2026-08-25 03:30,4.5552765,NORMAL,TREND,True,True,3.052394210803331,86.34022157147727,2.6828291044002937,0.4772874756651526,0.8504430055618286,0.05035887003519097,🚀 MOON BAG (%50 VURKAÇ) + 📈 TREND TAKİPLİ ÇIKIŞ,KAPANDI,1.186768611111111,0.03468371408163726,DİNAMİK KISMİ KÂR + 📈 TREND TAKİPLİ ÇIKIŞ,KAPANDI,1.186768611111111
POL/USDT,1787637600000,2026-08-25 06:00,0.120090015,NORMAL,TREND,True,True,0.9703513167113872,71.78305415254619,4.0903671266244555,0.09287080032777939,0.6138164401054382,0.008484999998991717,🔒 KÂR KİLİDİ (+%1),KAPANDI,1.639741388888889,,,,
POL/USDT,1787638500000,2026-08-25 06:15,0.12091042499999999,NORMAL,TREND,True,True,0.9866085827152397,74.26787294993585,3.3102262960747773,0.10891906771884763,0.9019171595573425,-0.01487540985710777,⏳ ZAMAN AŞIMI,KAPANDI,4.0,-0.01487540985710777,⏳ ZAMAN AŞIMI,KAPANDI,4.0
SNDKB/USDT,1787652900000,2026-08-25 10:15,1562.3507849999999,NORMAL,TREND,True,True,0.654919691887584,77.26383351486629,3.0124996078404536,0.031099988774951015,0.8579002022743225,-0.02646250000097342,🛑 STOP LOSS (%-2.5),KAPANDI,3.2537072222222223,-0.02646250000097342,🛑 STOP LOSS (%-2.5),KAPANDI,3.2537072222222223
ZRO/USDT,1787664600000,2026-08-25 13:30,1.1615805,NORMAL,TREND,True,False,1.8175159064471238,76.05427743829459,3.7881910188889525,0.0008620689655174374,0.8804605603218079,0.06091760195712462,🚀 MOON BAG (%50 VURKAÇ) + 📈 TREND TAKİPLİ ÇIKIŞ,KAPANDI,0.19153583333333332,,,,
ZRO/USDT,1787665500000,2026-08-25 13:45,1.2086039999999998,NORMAL,TREND,True,False,2.3079907162238857,81.72896887567622,3.8504632482013186,0.07282415630550632,0.8629759550094604,-0.03606793095320715,🛑 STOP LOSS (%-3.5),KAPANDI,0.018681944444444445,,,,
POL/USDT,1787673600000,2026-08-25 16:00,0.12464228999999999,NORMAL,TREND,True,True,1.5236194911672079,62.88544108437096,3.0820466319418367,0.06133924007497016,0.7902446985244751,0.008484999998991674,🔒 KÂR KİLİDİ (+%1),KAPANDI,0.9702997222222223,0.0004969999989994557,🔒 KÂR KİLİDİ (+%1),KAPANDI,1.2432125
POL/USDT,1787677200000,2026-08-25 17:00,0.12590292,NORMAL,YATAY,True,True,1.5887009946934223,64.58196569278194,2.617732507116629,0.06834196451311647,0.6660891175270081,-0.026462500000973506,🛑 STOP LOSS (%-2.5),KAPANDI,0.37679805555555557,-0.026462500000973506,🛑 STOP LOSS (%-2.5),KAPANDI,0.37679805555555557
PROM/USDT,1787707800000,2026-08-26 01:30,4.477237499999999,NORMAL,YATAY,False,True,2.278557001926313,70.98413593966269,4.238020986788332,0.18731759087291056,0.8840627670288086,,,,,0.01694216348460401,DİNAMİK KISMİ KÂR + 📈 TREND TAKİPLİ ÇIKIŞ,KAPANDI,0.6696252777777778
RE/USDT,1787715000000,2026-08-26 03:30,0.5830913999999999,NORMAL,YATAY,True,True,1.109256762540175,75.92820158523236,2.925004970356076,0.047824523552678855,0.9444640874862671,-0.026462500000973478,🛑 STOP LOSS (%-2.5),KAPANDI,0.42744611111111114,-0.026462500000973478,🛑 STOP LOSS (%-2.5),KAPANDI,0.42744611111111114
ONG/USDT,1787731200000,2026-08-26 08:00,0.10825409999999999,NORMAL,YATAY,True,True,2.756098299033531,69.9025180935848,3.6731443583675643,0.13954713006845698,0.8866711854934692,-0.042779462274732026,🛑 STOP LOSS (%-4.1),KAPANDI,0.5772036111111111,-0.042779462274732026,🛑 STOP LOSS (%-4.1),KAPANDI,0.5772036111111111
BNB/USDT,1787742000000,2026-08-26 11:00,707.1533999999999,NORMAL,TREND,False,True,0.34013539165834206,75.11891761311449,3.289057857857796,0.010493809510193408,0.8095168471336365,,,,,-0.021276742160103286,⏳ ZAMAN AŞIMI,KAPANDI,4.0
ONT/USDT,1787782500000,2026-08-26 22:15,0.07020508499999999,NORMAL,YATAY,False,True,3.867201141186071,73.10227444802098,3.2155053708775907,0.3204742190440346,0.9142236113548279,,,,,0.0004969999989996288,🔒 KÂR KİLİDİ (+%1),KAPANDI,1.8928452777777778
ZEC/USDT,1787783400000,2026-08-26 22:30,813.4665299999999,NORMAL,YATAY,False,True,0.9465973839176939,75.75167658468251,2.6794617603310478,0.05132084254625857,0.9499872922897339,,,,,-0.0264625000009733,🛑 STOP LOSS (%-2.5),KAPANDI,3.2752308333333335
TRUMP/USDT,1787788800000,2026-08-27 00:00,2.3251619999999997,NORMAL,YATAY,True,True,1.1395320930273247,66.59491133502083,3.3869581834858167,0.06948918545789229,0.2229977250099182,-0.026462500000973426,🛑 STOP LOSS (%-2.5),KAPANDI,1.10873,,,,
ONT/USDT,1787789700000,2026-08-27 00:15,0.07341668999999999,NORMAL,YATAY,True,True,3.5881407284653464,74.08232881181075,2.6860422383351703,0.3866213151927438,0.8928965926170349,-0.05524137776153427,🛑 STOP LOSS (%-5.4),KAPANDI,0.19339638888888888,-0.05524137776153427,🛑 STOP LOSS (%-5.4),KAPANDI,0.19339638888888888
BICO/USDT,1787802300000,2026-08-27 03:45,0.030865425,NORMAL,YATAY,True,True,3.8387648029352803,79.43066046372648,3.2639124646462285,0.5440440440440439,0.9158021807670593,0.008484999998991605,🔒 KÂR KİLİDİ (+%1),KAPANDI,0.4070155555555556,0.0004969999989996386,🔒 KÂR KİLİDİ (+%1),KAPANDI,0.40994
TUT/USDT,1787807700000,2026-08-27 05:15,0.054577275,NORMAL,YATAY,True,False,1.8476658901872716,69.7398390656607,2.871099504592463,0.16934619506966775,0.6850301623344421,0.030142422052273632,DİNAMİK KISMİ KÂR + 📈 TREND TAKİPLİ ÇIKIŞ,KAPANDI,0.5604263888888888,,,,
TUT/USDT,1787808600000,2026-08-27 05:30,0.056118045,NORMAL,YATAY,True,False,1.9855585651731864,75.52867285025556,2.904361970722124,0.19722518676627532,0.9362683892250061,0.00848499999899152,🔒 KÂR KİLİDİ (+%1),KAPANDI,0.243135,,,,
TUT/USDT,1787809500000,2026-08-27 05:45,0.056878424999999996,NORMAL,YATAY,True,False,2.0148284137977908,77.8774093203189,3.574866845553834,0.19684210526315793,0.9316442012786865,0.008484999998991558,🔒 KÂR KİLİDİ (+%1),KAPANDI,0.7751530555555556,,,,
ENA/USDT,1787812200000,2026-08-27 06:30,0.14857425,NORMAL,YATAY,True,False,1.2262737617929942,62.13816710758975,2.737458725781072,0.04210526315789487,0.05481157451868057,0.017137007129840155,DİNAMİK KISMİ KÂR + 📈 TREND TAKİPLİ ÇIKIŞ,KAPANDI,0.7425886111111111,,,,
ENA/USDT,1787813100000,2026-08-27 06:45,0.1528764,NORMAL,YATAY,True,True,1.340380136509858,70.73157631505534,4.19510321753114,0.07303370786516838,0.22499574720859528,0.02047300812383888,DİNAMİK KISMİ KÂR + 📈 TREND TAKİPLİ ÇIKIŞ,KAPANDI,3.1269483333333334,,,,
ENA/USDT,1787814000000,2026-08-27 07:00,0.152076,NORMAL,YATAY,True,True,1.3921724237272035,67.67133875084512,4.1260188931434145,0.057023643949930314,0.2639673948287964,0.025962162113964245,DİNAMİK KISMİ KÂR + 📈 TREND TAKİPLİ ÇIKIŞ,KAPANDI,2.8767572222222224,,,,
SOXLB/USDT,1787815800000,2026-08-27 07:30,124.792365,NORMAL,YATAY,True,True,0.5924315447587208,66.63976042554562,2.8761894265499093,0.08244380803610163,0.1709541231393814,0.008484999998991554,🔒 KÂR KİLİDİ (+%1),KAPANDI,1.7756897222222223,,,,
SOXLB/USDT,1787818500000,2026-08-27 08:15,126.713325,NORMAL,YATAY,True,True,0.6421710901031037,75.8783627636304,3.839989546984765,0.09218696102104174,0.8681281805038452,-0.011733562798101291,⏳ ZAMAN AŞIMI,KAPANDI,4.0,-0.011733562798101291,⏳ ZAMAN AŞIMI,KAPANDI,4.0
TAO/USDT,1787818500000,2026-08-27 08:15,251.92589999999998,NORMAL,YATAY,True,True,1.0516509698371443,78.38300229255115,2.878532028126831,0.07148936170212772,0.94932621717453,0.013546098849988506,DİNAMİK KISMİ KÂR + 📈 TREND TAKİPLİ ÇIKIŞ,KAPANDI,0.6746422222222223,0.0004969999989997325,🔒 KÂR KİLİDİ (+%1),KAPANDI,1.3603488888888888
SNDKB/USDT,1787818500000,2026-08-27 08:15,1572.175695,NORMAL,YATAY,True,True,0.4567146752320762,75.21320795901566,8.246841907849587,0.06644813638461344,0.8169276118278503,-0.005425536754644803,⏳ ZAMAN AŞIMI,KAPANDI,4.0,-0.005425536754644803,⏳ ZAMAN AŞIMI,KAPANDI,4.0
SOXLB/USDT,1787819400000,2026-08-27 08:30,127.873905,NORMAL,YATAY,True,True,0.688143125194593,79.80787167228789,3.331929927362651,0.09840151254726703,0.8467652797698975,-0.026462500000973527,🛑 STOP LOSS (%-2.5),KAPANDI,3.274382777777778,-0.026462500000973527,🛑 STOP LOSS (%-2.5),KAPANDI,3.274382777777778
HEI/USDT,1787836500000,2026-08-27 13:15,0.1458729,NORMAL,YATAY,True,True,1.5047780912567,69.42061403821566,5.2409503887496935,0.06345733041575508,0.687282145023346,0.023409404320408327,DİNAMİK KISMİ KÂR + 📈 TREND TAKİPLİ ÇIKIŞ,KAPANDI,0.5092194444444444,0.023409404320408327,DİNAMİK KISMİ KÂR + 📈 TREND TAKİPLİ ÇIKIŞ,KAPANDI,0.5092194444444444
HEI/USDT,1787838300000,2026-08-27 13:45,0.150075,NORMAL,YATAY,True,True,1.6776741971453308,76.41652713730744,3.4717281030416487,0.10213078618662741,0.8762226700782776,-0.026627365288717376,🛑 STOP LOSS (%-2.5),KAPANDI,0.6878752777777778,-0.026627365288717376,🛑 STOP LOSS (%-2.5),KAPANDI,0.6878752777777778
ENA/USDT,1787839200000,2026-08-27 14:00,0.15587789999999999,NORMAL,YATAY,True,True,1.7222437656033807,66.30390897844711,4.639765386291197,0.11844938980617359,0.6628740429878235,0.00848499999899153,🔒 KÂR KİLİDİ (+%1),KAPANDI,0.15991555555555556,0.000496999998999518,🔒 KÂR KİLİDİ (+%1),KAPANDI,0.17578888888888888
SOL/USDT,1787839200000,2026-08-27 14:00,106.11303,NORMAL,YATAY,True,True,0.743122276694935,73.16631838788602,2.9050855868980814,0.09849818746763339,0.15492139756679535,0.011473184325044333,DİNAMİK KISMİ KÂR + 📈 TREND TAKİPLİ ÇIKIŞ,KAPANDI,4.225606111111111,,,,
PENGU/USDT,1787839200000,2026-08-27 14:00,0.0098459205,NORMAL,YATAY,True,True,1.1097405488573802,71.15708594105892,3.306776789377157,0.07329043516195877,0.4122874438762665,-0.026462500000973468,🛑 STOP LOSS (%-2.5),KAPANDI,1.526841388888889,,,,
ENA/USDT,1787840100000,2026-08-27 14:15,0.1542771,BALİNA,YATAY,True,True,2.0186874238219734,61.30918780220321,8.324734229914743,0.10696338837042352,0.2780390679836273,-0.021470000000978397,🛑 STOP LOSS (%-2.0),KAPANDI,0.0257025,,,,
TRUMP/USDT,1787840100000,2026-08-27 14:15,2.4482235,NORMAL,YATAY,True,True,1.4561252898041364,70.29027212584505,3.634392568244906,0.09583519928347517,0.6986531615257263,0.040497484500954584,DİNAMİK KISMİ KÂR + 📈 TREND TAKİPLİ ÇIKIŞ,KAPANDI,0.67441,0.040497484500954584,DİNAMİK KISMİ KÂR + 📈 TREND TAKİPLİ ÇIKIŞ,KAPANDI,0.67441
SOL/USDT,1787840100000,2026-08-27 14:15,105.502725,NORMAL,YATAY,True,True,0.7935916082368419,64.52097766549986,3.2692848074165854,0.09093730602110495,0.10109692811965942,0.014450698359549551,DİNAMİK KISMİ KÂR + 📈 TREND TAKİPLİ ÇIKIŞ,KAPANDI,4.110210277777778,,,,
TRUMP/USDT,1787841000000,2026-08-27 14:30,2.4822404999999996,NORMAL,YATAY,True,True,1.5380416157839396,73.88668930237986,3.5162353868981233,0.12059620596205956,0.7555559277534485,0.025930468389293502,DİNAMİK KISMİ KÂR + 📈 TREND TAKİPLİ ÇIKIŞ,KAPANDI,0.42446805555555556,0.025930468389293502,DİNAMİK KISMİ KÂR + 📈 TREND TAKİPLİ ÇIKIŞ,KAPANDI,0.42446805555555556
TRUMP/USDT,1787841900000,2026-08-27 14:45,2.585292,NORMAL,YATAY,True,True,1.7250985489157964,81.20171653189017,3.8813761565129994,0.16817359855334524,0.7658712267875671,-0.027337663517358814,🛑 STOP LOSS (%-2.6),KAPANDI,0.17565555555555556,-0.027337663517358814,🛑 STOP LOSS (%-2.6),KAPANDI,0.17565555555555556
TRUMP/USDT,1787842800000,2026-08-27 15:00,2.543271,NORMAL,YATAY,True,True,2.0020596948162486,72.30430321191146,3.213627085863503,0.16873563218390797,0.916833221912384,0.02369372927894187,DİNAMİK KISMİ KÂR + 📈 TREND TAKİPLİ ÇIKIŞ,KAPANDI,0.8256558333333334,0.02369372927894187,DİNAMİK KISMİ KÂR + 📈 TREND TAKİPLİ ÇIKIŞ,KAPANDI,0.8256558333333334
PROM/USDT,1787854500000,2026-08-27 18:15,5.1575775,NORMAL,TREND,True,True,2.2717353539661036,72.0946796387023,3.2182371587865357,0.28170064644455484,0.9196908473968506,0.008484999998991657,🔒 KÂR KİLİDİ (+%1),KAPANDI,0.19005111111111112,0.0004969999989994763,🔒 KÂR KİLİDİ (+%1),KAPANDI,0.1912111111111111
PROM/USDT,1787855400000,2026-08-27 18:30,5.185591499999999,NORMAL,TREND,True,True,2.442556715464655,73.14522519881739,4.884507570163527,0.2896242846479222,0.9165102243423462,-0.03808339320683397,🛑 STOP LOSS (%-3.7),KAPANDI,0.2928941666666667,-0.03808339320683397,🛑 STOP LOSS (%-3.7),KAPANDI,0.2928941666666667
HEMI/USDT,1787857200000,2026-08-27 19:00,0.009374684999999999,NORMAL,TREND,True,True,2.523642624630302,70.09443933947344,3.7135553349675794,0.25267379679144386,0.8919320106506348,0.06920843546316777,DİNAMİK KISMİ KÂR + 📈 TREND TAKİPLİ ÇIKIŞ,KAPANDI,0.3274033333333333,0.07245566752412796,🚀 MOON BAG (%50 VURKAÇ) + 📈 TREND TAKİPLİ ÇIKIŞ,KAPANDI,0.3274033333333333
HEMI/USDT,1787858100000,2026-08-27 19:15,0.010105049999999999,NORMAL,TREND,True,True,2.7043024594525242,79.54173484143739,4.2321950451880666,0.37414965986394555,0.929591953754425,-0.042003690087408015,🛑 STOP LOSS (%-4.1),KAPANDI,0.7774188888888889,-0.042003690087408015,🛑 STOP LOSS (%-4.1),KAPANDI,0.7774188888888889
HEMI/USDT,1787859000000,2026-08-27 19:30,0.010035015,NORMAL,TREND,True,True,2.7921146782288084,76.98745800393007,3.1802499918589096,0.36648501362397834,0.9349957704544067,0.008484999998991648,🔒 KÂR KİLİDİ (+%1),KAPANDI,0.04349416666666667,0.0004969999989996696,🔒 KÂR KİLİDİ (+%1),KAPANDI,0.07149777777777777
UNI/USDT,1787868900000,2026-08-27 22:15,4.694346,NORMAL,YATAY,True,True,0.8263854014626105,68.17877107557933,2.690946126063753,0.07614678899082561,0.05387922748923302,-0.0004456216260799877,💤 MOMENTUM ÖLDÜ (YATAY REJİM),KAPANDI,2.261111111111111,,,,
TAO/USDT,1787869800000,2026-08-27 22:30,253.02644999999998,NORMAL,YATAY,True,True,0.7912235346806091,56.16201308373718,2.7683129528962156,0.08867843306069734,0.04036940634250641,0.0029179259226160457,💤 MOMENTUM ÖLDÜ (YATAY REJİM),KAPANDI,1.8444444444444446,,,,
VET/USDT,1787876100000,2026-08-28 00:15,0.0073006485,NORMAL,YATAY,True,True,1.5654116073185687,57.80131138916472,3.0352647448393637,0.07198472161010727,0.22632911801338196,-0.026462500000973523,🛑 STOP LOSS (%-2.5),KAPANDI,2.9932922222222222,,,,
TRUMP/USDT,1787877000000,2026-08-28 00:30,2.6743365,NORMAL,YATAY,True,True,1.576769315581313,68.19548894131898,4.133476391160883,0.16015625,0.6628740429878235,0.07845734646688976,🚀 MOON BAG (%50 VURKAÇ) + 📈 TREND TAKİPLİ ÇIKIŞ,KAPANDI,1.175748611111111,0.06074028193232493,🚀 MOON BAG (%50 VURKAÇ) + 📈 TREND TAKİPLİ ÇIKIŞ,KAPANDI,1.175748611111111
TRUMP/USDT,1787877900000,2026-08-28 00:45,2.673336,NORMAL,YATAY,True,True,1.5795269220141528,67.9852037672892,2.5867286010699035,0.16325642141924246,0.43690913915634155,0.07886656609505863,🚀 MOON BAG (%50 VURKAÇ) + 📈 TREND TAKİPLİ ÇIKIŞ,KAPANDI,0.9257444444444445,,,,
TRUMP/USDT,1787879700000,2026-08-28 01:15,2.737368,NORMAL,YATAY,True,True,1.6433038198235561,74.09034918530604,2.7226822189850797,0.20901458241272652,0.7835291624069214,0.04690253141366023,🚀 MOON BAG (%50 VURKAÇ) + 📈 TREND TAKİPLİ ÇIKIŞ,KAPANDI,0.42601194444444446,0.0447161180479682,🚀 MOON BAG (%50 VURKAÇ) + 📈 TREND TAKİPLİ ÇIKIŞ,KAPANDI,0.42601194444444446
CRCLB/USDT,1787879700000,2026-08-28 01:15,95.697825,NORMAL,YATAY,True,True,0.3611979643375839,66.57465294230087,3.9951719124991385,0.062187673514714215,0.18739968538284302,-0.020194223658878983,⏳ ZAMAN AŞIMI,KAPANDI,4.0,,,,
ENA/USDT,1787880600000,2026-08-28 01:30,0.18599295,NORMAL,YATAY,True,True,1.834119968526363,81.20275843802501,4.467514051845073,0.25523295070898033,0.7658712267875671,-0.028970531829574504,🛑 STOP LOSS (%-2.8),KAPANDI,0.7764144444444444,-0.028970531829574504,🛑 STOP LOSS (%-2.8),KAPANDI,0.7764144444444444
TRUMP/USDT,1787880600000,2026-08-28 01:30,2.823411,NORMAL,YATAY,True,True,1.7451886230181526,79.84654488742845,3.6599858623982837,0.23501094091903707,0.8727338910102844,0.014345618549056974,DİNAMİK KISMİ KÂR + 📈 TREND TAKİPLİ ÇIKIŞ,KAPANDI,0.09407166666666666,0.0004969999989995535,🔒 KÂR KİLİDİ (+%1),KAPANDI,0.19293027777777777
CRCLB/USDT,1787880600000,2026-08-28 01:30,96.037995,NORMAL,YATAY,True,True,0.3736296037819166,70.83198819127921,4.444333106597082,0.062423907028223535,0.2557383179664612,-0.0214835560899374,⏳ ZAMAN AŞIMI,KAPANDI,4.0,,,,
ENA/USDT,1787881500000,2026-08-28 01:45,0.1890945,NORMAL,TREND,True,True,1.8527795605139925,83.33594329275014,3.12684800852618,0.28658951667801214,0.7753912210464478,-0.029250005868569042,🛑 STOP LOSS (%-2.8),KAPANDI,0.07600194444444444,-0.029250005868569042,🛑 STOP LOSS (%-2.8),KAPANDI,0.07600194444444444
TRUMP/USDT,1787881500000,2026-08-28 01:45,2.8564274999999997,NORMAL,TREND,True,True,1.8794975542384695,81.5706630340184,4.78464415198732,0.2599293909973521,0.7658712267875671,-0.029650174619576947,🛑 STOP LOSS (%-2.8),KAPANDI,0.04254,-0.029650174619576947,🛑 STOP LOSS (%-2.8),KAPANDI,0.04254
MOVR/USDT,1787884200000,2026-08-28 02:30,1.028514,BALİNA,TREND,True,True,3.449598315494696,62.90054400387138,3.8855052118385065,0.4834054834054835,0.9011916518211365,0.05414587157249991,DİNAMİK KISMİ KÂR + 📈 TREND TAKİPLİ ÇIKIŞ,KAPANDI,0.34239833333333336,0.05414587157249991,DİNAMİK KISMİ KÂR + 📈 TREND TAKİPLİ ÇIKIŞ,KAPANDI,0.34239833333333336
MOVR/USDT,1787885100000,2026-08-28 02:45,1.1175585,NORMAL,TREND,True,True,3.633249076901701,73.74170997325434,5.804099759901566,0.6141618497109829,0.8964579701423645,-0.055916988050239334,🛑 STOP LOSS (%-5.4),KAPANDI,0.16004277777777778,-0.055916988050239334,🛑 STOP LOSS (%-5.4),KAPANDI,0.16004277777777778
HEMI/USDT,1787899500000,2026-08-28 06:45,0.011895944999999998,NORMAL,YATAY,True,True,3.478669234609913,71.7662995839769,3.2311495567278583,0.44121212121212117,0.9124860167503357,0.00848499999899164,🔒 KÂR KİLİDİ (+%1),KAPANDI,0.34203194444444446,0.0004969999989995181,🔒 KÂR KİLİDİ (+%1),KAPANDI,0.3436875
PROM/USDT,1787910300000,2026-08-28 09:45,5.020509,NORMAL,YATAY,True,False,1.780060097890424,66.4942205762382,2.558033359374895,0.12159141707644161,0.6788616180419922,0.05710370352998301,DİNAMİK KISMİ KÂR + 📈 TREND TAKİPLİ ÇIKIŞ,KAPANDI,0.7745666666666666,,,,
PUMP/USDT,1787914800000,2026-08-28 11:00,0.0048114045,NORMAL,TREND,False,True,0.9143825957084175,65.8896344783958,2.7517244710373268,0.01178203240058906,0.6507120728492737,,,,,-0.02646250000097318,🛑 STOP LOSS (%-2.5),KAPANDI,1.7275197222222223
CHIP/USDT,1787919300000,2026-08-28 12:15,0.044011995,NORMAL,TREND,False,True,2.9062726766364695,77.19301696093878,3.2068781842737435,0.17714744447417718,0.9264963269233704,,,,,0.0004969999989995564,🔒 KÂR KİLİDİ (+%1),KAPANDI,1.5917686111111111
UNI/USDT,1788092100000,2026-08-30 12:15,5.196597,NORMAL,YATAY,False,True,1.1172717106133123,78.16736937171925,2.9238519745946605,0.18233553380377887,0.9067643880844116,,,,,0.03068554001990694,DİNAMİK KISMİ KÂR + 📈 TREND TAKİPLİ ÇIKIŞ,KAPANDI,7.3610355555555556
NEAR/USDT,1788092100000,2026-08-30 12:15,1.8949469999999997,NORMAL,YATAY,False,True,0.5006005994541479,58.79879183045627,2.5597245229072594,0.05105438401775797,0.6926629543304443,,,,,-0.006680315943054993,⏳ ZAMAN AŞIMI,KAPANDI,4.0
UNI/USDT,1788093000000,2026-08-30 12:30,5.2076025,NORMAL,YATAY,False,True,1.1368425969829268,78.65641440070874,2.810359611325958,0.18645999544107594,0.9038676619529724,,,,,0.028459859003534142,DİNAMİK KISMİ KÂR + 📈 TREND TAKİPLİ ÇIKIŞ,KAPANDI,7.111067222222222
SOL/USDT,1788097500000,2026-08-30 13:45,107.08351499999999,NORMAL,TREND,True,True,0.3750884836571502,76.798786088064,3.136561371525839,0.03221139936348738,0.9003416299819946,-0.01119287005223759,⏳ ZAMAN AŞIMI,KAPANDI,4.0,-0.01119287005223759,⏳ ZAMAN AŞIMI,KAPANDI,4.0
SUI/USDT,1788099300000,2026-08-30 14:15,0.7539768,NORMAL,TREND,True,True,0.4755570517465537,72.31836442115791,4.0676815494022,0.018791401919697304,0.46027547121047974,-0.0023340107547603975,⏳ ZAMAN AŞIMI,KAPANDI,4.0,,,,
ZEC/USDT,1788104700000,2026-08-30 15:45,867.323445,NORMAL,TREND,True,True,0.7711740000070003,79.08612727068186,3.478394597230156,0.03625561824615087,0.7125587463378906,-0.007929406065132486,⏳ ZAMAN AŞIMI,KAPANDI,4.0,-0.007929406065132486,⏳ ZAMAN AŞIMI,KAPANDI,4.0
ETH/USDT,1788106500000,2026-08-30 16:15,2511.9553499999997,NORMAL,TREND,True,True,0.310635473013015,82.1143013734857,3.0387213100049855,0.025415871952688907,0.7039806246757507,-0.005370176403276102,⏳ ZAMAN AŞIMI,KAPANDI,4.0,-0.005370176403276102,⏳ ZAMAN AŞIMI,KAPANDI,4.0
ETH/USDT,1788107400000,2026-08-30 16:30,2514.9268349999998,NORMAL,TREND,True,True,0.32408890956984915,82.96546359729581,2.807928100409848,0.026830174959865172,0.703108549118042,-0.006997532301267176,⏳ ZAMAN AŞIMI,KAPANDI,4.0,-0.006997532301267176,⏳ ZAMAN AŞIMI,KAPANDI,4.0
ETH/USDT,1788108300000,2026-08-30 16:45,2530.414575,NORMAL,TREND,True,True,0.36304423834446786,86.51792673664852,3.498350218315429,0.032053374683751024,0.7216933965682983,-0.019035721479718968,⏳ ZAMAN AŞIMI,KAPANDI,4.0,-0.019035721479718968,⏳ ZAMAN AŞIMI,KAPANDI,4.0
ENA/USDT,1788109200000,2026-08-30 17:00,0.1638819,BALİNA,TREND,True,True,1.0527518098707465,64.79182266241813,4.4115947442701255,0.04597701149425304,0.7475258708000183,-0.021470000000978384,🛑 STOP LOSS (%-2.0),KAPANDI,1.2269041666666667,-0.021470000000978384,🛑 STOP LOSS (%-2.0),KAPANDI,1.2269041666666667
AAVE/USDT,1788109200000,2026-08-30 17:00,128.934435,NORMAL,TREND,True,True,0.5258083869118673,73.97117234529327,4.521060492128781,0.044412026906556434,0.5720476508140564,-0.026462500000973607,🛑 STOP LOSS (%-2.5),KAPANDI,3.7434066666666665,,,,
PEPE/USDT,1788109200000,2026-08-30 17:00,3.7718849999999996e-06,NORMAL,TREND,True,True,0.757286018784489,79.25684389947868,3.824880172615601,0.038567493112947604,0.7125587463378906,-0.02646250000097342,🛑 STOP LOSS (%-2.5),KAPANDI,2.759736111111111,-0.02646250000097342,🛑 STOP LOSS (%-2.5),KAPANDI,2.759736111111111
ENA/USDT,1788110100000,2026-08-30 17:15,0.16278135,NORMAL,TREND,True,True,1.0982064826139208,59.85621513007883,3.106243982942004,0.036305732484076536,0.08966384083032608,-0.026462500000973548,🛑 STOP LOSS (%-2.5),KAPANDI,3.2442619444444443,,,,
HEMI/USDT,1788165900000,2026-08-31 08:45,0.01642821,NORMAL,YATAY,False,True,3.653411574483837,68.32806519269013,2.895480367533652,0.4454225352112675,0.8544546961784363,,,,,-0.056218971857775406,🛑 STOP LOSS (%-5.5),KAPANDI,0.8597944444444444
DASH/USDT,1788171300000,2026-08-31 10:15,43.111545,NORMAL,TREND,True,True,0.8933949475005478,70.28365844008577,5.078444947357705,0.04918431945458979,0.40245380997657776,0.013364477783426833,DİNAMİK KISMİ KÂR + 📈 TREND TAKİPLİ ÇIKIŞ,KAPANDI,2.277538333333333,,,,
DASH/USDT,1788172200000,2026-08-31 10:30,43.66182,NORMAL,YATAY,True,True,1.0008274169051539,75.37607266223858,5.215309501032748,0.06257608960311667,0.9543358087539673,-0.0023101217695256676,💤 MOMENTUM ÖLDÜ (YATAY REJİM),KAPANDI,2.149722222222222,-0.00870703420150506,⏳ ZAMAN AŞIMI,KAPANDI,4.0
ETH/USDT,1788187500000,2026-08-31 14:45,2466.55266,NORMAL,YATAY,True,True,0.43958174798857064,65.75781376995491,3.064880971407434,-0.004148506012708109,0.43784409761428833,-0.002902490530755535,💤 MOMENTUM ÖLDÜ (YATAY REJİM),KAPANDI,1.5,,,,
UNI/USDT,1788188400000,2026-08-31 15:00,5.2015994999999995,NORMAL,YATAY,True,True,0.9818316077440185,61.13084710311524,3.014783556674392,0.0015411288769022757,0.08966384083032608,-0.010090940194555099,💤 MOMENTUM ÖLDÜ (YATAY REJİM),KAPANDI,1.7444444444444445,,,,
DASH/USDT,1788193800000,2026-08-31 16:30,45.692835,NORMAL,YATAY,True,True,1.3096436280413615,75.02875424028008,3.888728813918994,0.09258373205741632,0.8448522090911865,0.02631798958030444,DİNAMİK KISMİ KÂR + 📈 TREND TAKİPLİ ÇIKIŞ,KAPANDI,1.3934577777777777,0.02631798958030444,DİNAMİK KISMİ KÂR + 📈 TREND TAKİPLİ ÇIKIŞ,KAPANDI,1.3934577777777777
DASH/USDT,1788195600000,2026-08-31 17:00,46.80339,NORMAL,YATAY,True,True,1.3976432885703192,80.6583506230882,2.64682803720484,0.09350163627863495,0.6166650652885437,0.013067763340138837,DİNAMİK KISMİ KÂR + 📈 TREND TAKİPLİ ÇIKIŞ,KAPANDI,0.8921902777777778,,,,
0G/USDT,1788196500000,2026-08-31 17:15,0.22251119999999996,NORMAL,YATAY,True,True,3.2664337469751574,68.12208876218826,3.535337390607089,0.3421846710923355,0.8514530062675476,0.05280928354826698,DİNAMİK KISMİ KÂR + 📈 TREND TAKİPLİ ÇIKIŞ,KAPANDI,0.25493777777777776,0.05280928354826698,DİNAMİK KISMİ KÂR + 📈 TREND TAKİPLİ ÇIKIŞ,KAPANDI,0.25493777777777776
0G/USDT,1788197400000,2026-08-31 17:30,0.23771879999999998,NORMAL,YATAY,True,True,3.452377367304149,77.27855707695076,4.504540468783766,0.4330518697225574,0.9227427244186401,-0.0532079820197446,🛑 STOP LOSS (%-5.2),KAPANDI,0.7541002777777778,-0.0532079820197446,🛑 STOP LOSS (%-5.2),KAPANDI,0.7541002777777778
U/USDT,1788200100000,2026-08-31 18:15,1.0002999,NORMAL,TREND,True,True,0.011505715945147387,59.57792052721564,3.3941009652715097,0.0002000800320127727,0.08924111723899841,-0.002995505244380571,⏳ ZAMAN AŞIMI,KAPANDI,4.0,,,,
ZEC/USDT,1788201000000,2026-08-31 18:30,860.36997,NORMAL,TREND,True,True,1.0007522306704284,67.55505468324141,2.504568605708798,-0.010585176151137854,0.2650444209575653,-0.015111114438273376,⏳ ZAMAN AŞIMI,KAPANDI,4.0,,,,
NEAR/USDT,1788201000000,2026-08-31 18:30,1.8779385,NORMAL,TREND,True,True,0.7821779030256816,57.51596112042547,2.6347449931196363,-0.013144058885383725,0.046065207570791245,0.0023161862567147463,⏳ ZAMAN AŞIMI,KAPANDI,4.0,,,,
SNDKB/USDT,1788206400000,2026-08-31 20:00,1568.5338749999999,NORMAL,TREND,True,True,1.2042650850170304,68.65503883699556,8.431224381109192,0.049813842609953474,0.2274424284696579,-0.014684194521120018,⏳ ZAMAN AŞIMI,KAPANDI,4.0,,,,
NEAR/USDT,1788217200000,2026-08-31 23:00,1.9129559999999999,NORMAL,TREND,True,True,0.693317324805859,66.24596978485427,2.7566130590850473,0.02027748132337237,0.24230234324932098,0.00795485793023668,💤 MOMENTUM ÖLDÜ (YATAY REJİM),KAPANDI,3.061111111111111,,,,
NEAR/USDT,1788218100000,2026-08-31 23:15,1.9179585,NORMAL,TREND,True,True,0.7315619605515479,67.83561798199662,2.642168935835827,0.027331189710610992,0.056223757565021515,0.009486554157880656,💤 MOMENTUM ÖLDÜ (YATAY REJİM),KAPANDI,2.661111111111111,,,,
PUMP/USDT,1788222600000,2026-09-01 00:30,0.004661329499999999,NORMAL,YATAY,True,True,1.0659825449819982,76.06217828981487,5.378689363686644,0.035563458546343574,0.9543358087539673,-0.02646250000097342,🛑 STOP LOSS (%-2.5),KAPANDI,0.7253055555555555,-0.02646250000097342,🛑 STOP LOSS (%-2.5),KAPANDI,0.7253055555555555
0G/USDT,1788224400000,2026-09-01 01:00,0.24342164999999996,NORMAL,YATAY,True,True,3.155616601911836,69.22877601744156,2.661396150567263,0.43201883460859336,0.8747501373291016,0.008484999998991735,🔒 KÂR KİLİDİ (+%1),KAPANDI,0.24381,0.0004969999989996181,🔒 KÂR KİLİDİ (+%1),KAPANDI,0.2583375
UNI/USDT,1788234300000,2026-09-01 03:45,5.4317145,NORMAL,YATAY,True,True,1.0290574547179454,69.90094598781786,3.825987915207136,0.07419865453106445,0.3203819990158081,0.07165245014572096,🚀 MOON BAG (%50 VURKAÇ) + 📈 TREND TAKİPLİ ÇIKIŞ,KAPANDI,2.8607566666666666,,,,
HEMI/USDT,1788241500000,2026-09-01 05:45,0.015717854999999996,NORMAL,TREND,True,True,2.240114985961249,58.341043774973336,3.194855543768013,0.09248956884561865,0.2876238524913788,0.008484999998991492,🔒 KÂR KİLİDİ (+%1),KAPANDI,0.46007305555555555,,,,
UNI/USDT,1788241500000,2026-09-01 05:45,5.594796,NORMAL,TREND,True,True,1.1245571698755534,74.75678474982541,4.788642615201959,0.08162475822050275,0.8541746139526367,0.039532780419211655,🚀 MOON BAG (%50 VURKAÇ) + 📈 TREND TAKİPLİ ÇIKIŞ,KAPANDI,0.8776258333333333,0.03196175245510248,DİNAMİK KISMİ KÂR + 📈 TREND TAKİPLİ ÇIKIŞ,KAPANDI,0.8776258333333333
UNI/USDT,1788245100000,2026-09-01 06:45,5.7378675,NORMAL,TREND,True,True,1.4560576158016487,74.37682837369573,2.724899758102482,0.12121212121212133,0.8056256771087646,-0.0016047404740153844,⏳ ZAMAN AŞIMI,KAPANDI,4.0,-0.0016047404740153844,⏳ ZAMAN AŞIMI,KAPANDI,4.0
DASH/USDT,1788246000000,2026-09-01 07:00,46.993485,NORMAL,TREND,True,True,1.0237198416853017,68.40970863035942,2.5345791195879874,0.12935801875450825,0.14173750579357147,-0.02646250000097347,🛑 STOP LOSS (%-2.5),KAPANDI,1.1942522222222223,,,,
PROM/USDT,1788405300000,2026-09-03 03:15,5.408702999999999,NORMAL,TREND,False,True,2.2936297969346615,78.0357793150647,2.591222274297699,0.11995027967681793,0.7784913778305054,,,,,-0.035852840284552774,🛑 STOP LOSS (%-3.4),KAPANDI,0.11086
LTC/USDT,1788425100000,2026-09-03 08:45,50.855414999999994,NORMAL,TREND,True,True,0.3739920265078886,70.63998512595927,4.929024328065311,0.03989361702127647,0.2557383179664612,-0.006722258224974112,💤 MOMENTUM ÖLDÜ (YATAY REJİM),KAPANDI,1.8444444444444446,,,,
ASTER/USDT,1788426900000,2026-09-03 09:15,0.7303649999999999,BALİNA,TREND,True,True,0.640130256853904,59.32564074789364,3.8822403244325687,0.038406827880512084,0.0780479833483696,-0.00982430315366552,💤 MOMENTUM ÖLDÜ (YATAY REJİM),KAPANDI,1.5277777777777777,,,,
TRUMP/USDT,1788435000000,2026-09-03 11:30,2.397198,NORMAL,YATAY,True,True,1.1279015363851146,80.0268593612005,5.768775199233487,0.09958696649839371,0.9100123047828674,-0.026462500000973204,🛑 STOP LOSS (%-2.5),KAPANDI,1.22712,-0.026462500000973204,🛑 STOP LOSS (%-2.5),KAPANDI,1.22712
ZEC/USDT,1788435000000,2026-09-03 11:30,845.1523649999999,NORMAL,YATAY,True,True,0.6022927593830798,71.19107680578672,3.214313913775242,0.06868326501695243,0.42537838220596313,0.08010096832302187,🚀 MOON BAG (%50 VURKAÇ) + 📈 TREND TAKİPLİ ÇIKIŞ,KAPANDI,13.754584166666667,,,,
TRUMP/USDT,1788435900000,2026-09-03 11:45,2.3961975,NORMAL,YATAY,True,True,1.1759199296720797,79.71562697003368,3.961667364456249,0.09812012838147632,0.9100123047828674,-0.026462500000973544,🛑 STOP LOSS (%-2.5),KAPANDI,0.9858211111111111,-0.026462500000973544,🛑 STOP LOSS (%-2.5),KAPANDI,0.9858211111111111
CRCLB/USDT,1788443100000,2026-09-03 13:45,97.98897,NORMAL,TREND,True,True,0.9837864518812639,92.01997855817812,10.423604766089285,0.10591689250225822,0.8402588367462158,0.012248893960631679,DİNAMİK KISMİ KÂR + 📈 TREND TAKİPLİ ÇIKIŞ,KAPANDI,0.9264891666666667,0.025405512354622614,DİNAMİK KISMİ KÂR + 📈 TREND TAKİPLİ ÇIKIŞ,KAPANDI,22.759648333333335
ADA/USDT,1788443100000,2026-09-03 13:45,0.21040514999999999,NORMAL,TREND,True,True,0.6281980252447088,68.55592539461026,3.0118064006480987,0.06859756097560976,0.14476138353347778,0.029663817349316387,DİNAMİK KISMİ KÂR + 📈 TREND TAKİPLİ ÇIKIŞ,KAPANDI,8.808562777777778,,,,
ZEC/USDT,1788443100000,2026-09-03 13:45,858.439005,NORMAL,TREND,True,True,0.6573182811911118,77.71546332827512,2.7106034986721217,0.052618019432721486,0.8573896884918213,0.07237446561716562,🚀 MOON BAG (%50 VURKAÇ) + 📈 TREND TAKİPLİ ÇIKIŞ,KAPANDI,11.7910675,0.07237446561716562,🚀 MOON BAG (%50 VURKAÇ) + 📈 TREND TAKİPLİ ÇIKIŞ,KAPANDI,11.7910675
CRCLB/USDT,1788444000000,2026-09-03 14:00,97.198575,NORMAL,TREND,True,True,1.123190991818905,84.66466702086916,2.5957270489659034,0.10385183501874784,0.56974196434021,0.027365102861002702,DİNAMİK KISMİ KÂR + 📈 TREND TAKİPLİ ÇIKIŞ,KAPANDI,22.50955777777778,,,,
SPCXB/USDT,1788444000000,2026-09-03 14:00,147.89390999999998,NORMAL,TREND,True,True,0.5135494934781035,94.42831169645787,3.0902461323076347,0.06421886249100073,0.7039806246757507,0.00848499999899144,🔒 KÂR KİLİDİ (+%1),KAPANDI,5.924864722222222,0.0004969999989995201,🔒 KÂR KİLİDİ (+%1),KAPANDI,22.52621111111111
MUBARAK/USDT,1788446700000,2026-09-03 14:45,0.03157578,NORMAL,TREND,True,True,2.843480633119497,73.59016545722199,4.550296442461721,0.28240552620885806,0.9080861806869507,-0.04408823118350314,🛑 STOP LOSS (%-4.3),KAPANDI,0.507485,-0.04408823118350314,🛑 STOP LOSS (%-4.3),KAPANDI,0.507485
MUBARAK/USDT,1788447600000,2026-09-03 15:00,0.0308154,NORMAL,TREND,True,True,3.0513321474835156,66.5100039971099,2.831768893692486,0.24394184168012933,0.8544546961784363,-0.04720132723988688,🛑 STOP LOSS (%-4.6),KAPANDI,0.3061475,-0.04720132723988688,🛑 STOP LOSS (%-4.6),KAPANDI,0.3061475
ADA/USDT,1788447600000,2026-09-03 15:00,0.21720854999999997,NORMAL,TREND,True,True,0.7379320020717316,83.57488230332746,2.8116016230993353,0.11162314388120831,0.39569032192230225,0.012878975907736888,DİNAMİK KISMİ KÂR + 📈 TREND TAKİPLİ ÇIKIŞ,KAPANDI,7.4930775,,,,
PEPE/USDT,1788447600000,2026-09-03 15:00,3.751875e-06,NORMAL,TREND,True,True,1.0543806291668365,87.57397564783808,5.688595868581897,0.10294117647058831,0.8402588367462158,0.008484999998991626,🔒 KÂR KİLİDİ (+%1),KAPANDI,1.235011111111111,0.000496999998999617,🔒 KÂR KİLİDİ (+%1),KAPANDI,1.4350527777777777
PEPE/USDT,1788448500000,2026-09-03 15:15,3.711855e-06,NORMAL,TREND,True,True,1.1629005712723002,77.63516890801125,2.987361109895595,0.10089020771513346,0.9083192348480225,0.014527937006459123,DİNAMİK KISMİ KÂR + 📈 TREND TAKİPLİ ÇIKIŞ,KAPANDI,5.283333333333333,0.017212591970093213,DİNAMİK KISMİ KÂR + 📈 TREND TAKİPLİ ÇIKIŞ,KAPANDI,5.283333333333333
ZEC/USDT,1788449400000,2026-09-03 15:30,915.5975699999999,NORMAL,TREND,True,True,1.0969810085904252,88.20459527485691,5.070052807112577,0.12681154959059282,0.8402588367462158,0.03982852231030613,🚀 MOON BAG (%50 VURKAÇ) + 📈 TREND TAKİPLİ ÇIKIŞ,KAPANDI,0.5580744444444444,0.03982852231030613,🚀 MOON BAG (%50 VURKAÇ) + 📈 TREND TAKİPLİ ÇIKIŞ,KAPANDI,0.5580744444444444
ZEC/USDT,1788450300000,2026-09-03 15:45,926.412975,NORMAL,TREND,True,True,1.1538975951061528,89.64288931947792,2.8373597280549023,0.13389500495952777,0.7180617451667786,0.0195036755189019,DİNAMİK KISMİ KÂR + 📈 TREND TAKİPLİ ÇIKIŞ,KAPANDI,0.3082402777777778,0.0195036755189019,DİNAMİK KISMİ KÂR + 📈 TREND TAKİPLİ ÇIKIŞ,KAPANDI,0.3082402777777778
PEPE/USDT,1788450300000,2026-09-03 15:45,3.8019e-06,NORMAL,TREND,True,True,1.2904055850903546,82.64597231426363,2.7539112718830316,0.11436950146627578,0.6959593296051025,-0.005619201283211063,⏳ ZAMAN AŞIMI,KAPANDI,4.0,-0.005619201283211063,⏳ ZAMAN AŞIMI,KAPANDI,4.0
ENA/USDT,1788450300000,2026-09-03 15:45,0.1668834,NORMAL,TREND,True,True,1.2020063855045333,85.16334409483632,2.942100694844633,0.10463576158940402,0.7217981219291687,0.012372477318069728,DİNAMİK KISMİ KÂR + 📈 TREND TAKİPLİ ÇIKIŞ,KAPANDI,0.32757027777777775,0.04753733273396667,🚀 MOON BAG (%50 VURKAÇ) + 📈 TREND TAKİPLİ ÇIKIŞ,KAPANDI,2.9910869444444446
ZEC/USDT,1788451200000,2026-09-03 16:00,955.7776499999999,NORMAL,TREND,True,True,1.4165327017348992,92.28201476178994,2.6238740950667245,0.1719890566917348,0.7781784534454346,-0.026462500000973485,🛑 STOP LOSS (%-2.5),KAPANDI,0.42770833333333336,-0.026462500000973485,🛑 STOP LOSS (%-2.5),KAPANDI,0.42770833333333336
ENA/USDT,1788452100000,2026-09-03 16:15,0.17028509999999997,NORMAL,TREND,True,True,1.3900894670628563,87.99939731220455,3.3101788697900303,0.1264063534083386,0.6358828544616699,0.03714901242845849,🚀 MOON BAG (%50 VURKAÇ) + 📈 TREND TAKİPLİ ÇIKIŞ,KAPANDI,2.4917972222222224,,,,
ARB/USDT,1788461100000,2026-09-03 18:45,0.13836915,NORMAL,TREND,True,True,1.6528789563780504,66.3852294511122,3.443406997897222,0.11352657004830924,0.6628740429878235,0.018911992748338782,DİNAMİK KISMİ KÂR + 📈 TREND TAKİPLİ ÇIKIŞ,KAPANDI,0.5242938888888888,0.018911992748338782,DİNAMİK KISMİ KÂR + 📈 TREND TAKİPLİ ÇIKIŞ,KAPANDI,0.5242938888888888
ARB/USDT,1788462000000,2026-09-03 19:00,0.14477235,NORMAL,TREND,True,True,1.7975418822820166,76.89964076909341,3.4652539161812252,0.16599516518936341,0.8762226700782776,-0.02842268354285032,🛑 STOP LOSS (%-2.7),KAPANDI,0.26102555555555557,-0.02842268354285032,🛑 STOP LOSS (%-2.7),KAPANDI,0.26102555555555557
DASH/USDT,1788478200000,2026-09-03 23:30,47.16357,NORMAL,TREND,True,True,0.9947537926757745,67.4533640552114,2.9312597000537166,0.1050164088138772,0.2565900981426239,0.06349449988405134,DİNAMİK KISMİ KÂR + 📈 TREND TAKİPLİ ÇIKIŞ,KAPANDI,4.971825833333333,,,,
DASH/USDT,1788480000000,2026-09-04 00:00,47.443709999999996,NORMAL,TREND,True,True,1.0199037659991204,69.56972084074896,2.859181942680802,0.1110590440487349,0.29386985301971436,-0.026462500000973603,🛑 STOP LOSS (%-2.5),KAPANDI,1.08679,,,,
CHIP/USDT,1788482700000,2026-09-04 00:45,0.05841919499999999,NORMAL,TREND,True,True,2.1611399677603544,69.28021117687675,3.8149316671804874,0.39222699093943736,0.8784709572792053,-0.03386847386809663,🛑 STOP LOSS (%-3.2),KAPANDI,0.009377777777777778,-0.03386847386809663,🛑 STOP LOSS (%-3.2),KAPANDI,0.009377777777777778
CHIP/USDT,1788487200000,2026-09-04 02:00,0.06114055499999999,NORMAL,TREND,True,True,2.634590609838827,75.40204951884176,3.089572079420899,0.42314857941313466,0.9373652338981628,-0.04095958085982004,🛑 STOP LOSS (%-4.0),KAPANDI,1.3094719444444445,-0.04095958085982004,🛑 STOP LOSS (%-4.0),KAPANDI,1.3094719444444445
DASH/USDT,1788488100000,2026-09-04 02:15,47.66382,BALİNA,TREND,True,True,1.1379299304664963,64.88706007530641,4.109944323241745,0.12041392285983066,0.6752963662147522,0.051992130552774574,DİNAMİK KISMİ KÂR + 📈 TREND TAKİPLİ ÇIKIŞ,KAPANDI,2.222093611111111,0.051992130552774574,DİNAMİK KISMİ KÂR + 📈 TREND TAKİPLİ ÇIKIŞ,KAPANDI,2.222093611111111
DASH/USDT,1788490800000,2026-09-04 03:00,50.00498999999999,NORMAL,TREND,True,True,1.3175047578959602,79.1138527679436,3.032689107096496,0.16340782122905018,0.902061402797699,0.03805118181296658,🚀 MOON BAG (%50 VURKAÇ) + 📈 TREND TAKİPLİ ÇIKIŞ,KAPANDI,1.394198888888889,0.03805118181296658,🚀 MOON BAG (%50 VURKAÇ) + 📈 TREND TAKİPLİ ÇIKIŞ,KAPANDI,1.394198888888889
DASH/USDT,1788491700000,2026-09-04 03:15,50.295135,NORMAL,TREND,True,True,1.4138746146149894,80.2292544020157,2.946199608879386,0.17398411957029425,0.8890618681907654,0.03505053289634353,🚀 MOON BAG (%50 VURKAÇ) + 📈 TREND TAKİPLİ ÇIKIŞ,KAPANDI,1.1442447222222223,0.03505053289634353,🚀 MOON BAG (%50 VURKAÇ) + 📈 TREND TAKİPLİ ÇIKIŞ,KAPANDI,1.1442447222222223
ZEC/USDT,1788491700000,2026-09-04 03:15,948.303915,NORMAL,TREND,True,True,0.87556553983022,55.10468892742546,3.341824989686384,0.15188673512790918,0.13098755478858948,0.06520463482977024,🚀 MOON BAG (%50 VURKAÇ) + 📈 TREND TAKİPLİ ÇIKIŞ,KAPANDI,6.176369444444444,,,,
MUBARAK/USDT,1788496200000,2026-09-04 04:30,0.031045514999999996,NORMAL,TREND,True,True,1.8247952026001477,62.90042558202331,2.5036888523607046,0.18752391886720243,0.45273685455322266,-0.028830870147914824,🛑 STOP LOSS (%-2.7),KAPANDI,0.25974916666666664,,,,
CRCLB/USDT,1788496200000,2026-09-04 04:30,102.401175,NORMAL,TREND,True,True,0.5007086798110073,58.59545394272684,2.877292892579653,0.1523305561810404,0.06993544101715088,-0.007281601753344551,💤 MOMENTUM ÖLDÜ (YATAY REJİM),KAPANDI,3.0,,,,
ZEC/USDT,1788506100000,2026-09-04 07:15,970.1148149999999,NORMAL,TREND,True,True,0.8070237861983507,67.08110609829495,3.202714045488229,0.16237502697259587,0.061514366418123245,-0.0007436773888946357,💤 MOMENTUM ÖLDÜ (YATAY REJİM),KAPANDI,1.5,,,,
XPL/USDT,1788510600000,2026-09-04 08:30,0.09502748999999999,NORMAL,YATAY,True,True,0.9613011279933371,58.84448537210138,2.626874239224473,0.06827128556967721,0.14768336713314056,0.05564954504384631,🚀 MOON BAG (%50 VURKAÇ) + 📈 TREND TAKİPLİ ÇIKIŞ,KAPANDI,3.7095280555555554,,,,
ZEC/USDT,1788512400000,2026-09-04 09:00,1023.621555,NORMAL,YATAY,True,True,1.1428868678776842,82.68070461911218,6.657307300823386,0.23429846784895658,0.7502904534339905,-0.02646250000097353,🛑 STOP LOSS (%-2.5),KAPANDI,0.42733027777777777,-0.02646250000097353,🛑 STOP LOSS (%-2.5),KAPANDI,0.42733027777777777
XPL/USDT,1788521400000,2026-09-04 11:30,0.10111052999999999,NORMAL,YATAY,True,True,1.1263261309212032,82.23014003066265,3.3769062802517094,0.14606486731685187,0.7502904534339905,-0.026462500000973516,🛑 STOP LOSS (%-2.5),KAPANDI,1.0066019444444445,-0.026462500000973516,🛑 STOP LOSS (%-2.5),KAPANDI,1.0066019444444445
XPL/USDT,1788522300000,2026-09-04 11:45,0.101700825,NORMAL,YATAY,True,True,1.179640538841007,83.43774090839771,3.148758766013894,0.15880072959416314,0.7217981219291687,-0.026462500000973346,🛑 STOP LOSS (%-2.5),KAPANDI,0.6774125,-0.026462500000973346,🛑 STOP LOSS (%-2.5),KAPANDI,0.6774125
ZEN/USDT,1788540300000,2026-09-04 16:45,6.5202585,NORMAL,TREND,True,True,1.8294459580895288,68.04157673013187,3.05475878767308,0.10682744565217406,0.6646757125854492,0.008484999998991542,🔒 KÂR KİLİDİ (+%1),KAPANDI,2.341772222222222,0.03932672205365369,🚀 MOON BAG (%50 VURKAÇ) + 📈 TREND TAKİPLİ ÇIKIŞ,KAPANDI,5.472221944444445
NEAR/USDT,1788550200000,2026-09-04 19:30,2.1160575,NORMAL,TREND,True,True,1.2834204925988293,79.72389466245961,3.539417093494446,0.059088632949424236,0.9038577675819397,0.011710556247382667,DİNAMİK KISMİ KÂR + 📈 TREND TAKİPLİ ÇIKIŞ,KAPANDI,0.5920161111111111,0.0004969999989996515,🔒 KÂR KİLİDİ (+%1),KAPANDI,0.6604552777777778
NEAR/USDT,1788551100000,2026-09-04 19:45,2.165082,NORMAL,TREND,True,True,1.3892154970462167,83.60032510613443,3.8112201202650278,0.08743718592964833,0.6607292294502258,-0.02646250000097352,🛑 STOP LOSS (%-2.5),KAPANDI,0.4597647222222222,-0.02646250000097352,🛑 STOP LOSS (%-2.5),KAPANDI,0.4597647222222222
DASH/USDT,1788555600000,2026-09-04 21:00,57.64881,NORMAL,YATAY,True,True,1.7151756145482822,74.06554558678981,3.3919789569547865,0.23436161096829466,0.7832680344581604,0.014290183976539889,DİNAMİK KISMİ KÂR + 📈 TREND TAKİPLİ ÇIKIŞ,KAPANDI,1.1593544444444444,0.0004969999989995156,🔒 KÂR KİLİDİ (+%1),KAPANDI,1.2268575
DASH/USDT,1788564600000,2026-09-04 23:30,63.391679999999994,NORMAL,YATAY,True,True,2.1410894655290678,82.0005202834859,2.677674823662163,0.3440814594823929,0.8664692640304565,0.008484999998991714,🔒 KÂR KİLİDİ (+%1),KAPANDI,1.175303611111111,0.029267458441612,DİNAMİK KISMİ KÂR + 📈 TREND TAKİPLİ ÇIKIŞ,KAPANDI,2.6274527777777776
ZEN/USDT,1788564600000,2026-09-04 23:30,7.199597999999999,NORMAL,YATAY,True,True,1.7421208989369965,78.35171166890544,4.0228902479304685,0.2128771279285353,0.8762226700782776,-0.008537497988991984,💤 MOMENTUM ÖLDÜ (YATAY REJİM),KAPANDI,1.6777777777777778,0.03442779758947895,🚀 MOON BAG (%50 VURKAÇ) + 📈 TREND TAKİPLİ ÇIKIŞ,KAPANDI,3.6089366666666667
TAO/USDT,1788569100000,2026-09-05 00:45,230.5152,NORMAL,YATAY,True,True,0.6176965493367448,72.47791515133946,3.4006325168299503,0.017218543046357615,0.36301496624946594,-0.009919147569072442,💤 MOMENTUM ÖLDÜ (YATAY REJİM),KAPANDI,1.9111111111111112,,,,
ONDO/USDT,1788570900000,2026-09-05 01:15,0.3653826,NORMAL,YATAY,True,True,0.5086971458121518,74.27152799279548,3.28974557170628,0.008561170947252172,0.8095168471336365,0.004375557559124672,💤 MOMENTUM ÖLDÜ (YATAY REJİM),KAPANDI,1.8444444444444446,0.019086515763983607,DİNAMİK KISMİ KÂR + 📈 TREND TAKİPLİ ÇIKIŞ,KAPANDI,37.77737305555556
ZKC/USDT,1788571800000,2026-09-05 01:30,0.049924949999999996,NORMAL,YATAY,True,True,0.5978135184879165,67.67233522383277,2.6625681134115866,0.02254098360655732,0.17098693549633026,0.011723296711180928,DİNAMİK KISMİ KÂR + 📈 TREND TAKİPLİ ÇIKIŞ,KAPANDI,0.9419427777777778,,,,
LTC/USDT,1788571800000,2026-09-05 01:30,51.895934999999994,NORMAL,YATAY,True,True,0.4049028064235058,79.48587351338286,3.8392389942466165,0.01666013328106608,0.9078428745269775,0.009113861088683655,💤 MOMENTUM ÖLDÜ (YATAY REJİM),KAPANDI,3.2888888888888888,0.021545705432898084,DİNAMİK KISMİ KÂR + 📈 TREND TAKİPLİ ÇIKIŞ,KAPANDI,8.8777775
ZKC/USDT,1788572700000,2026-09-05 01:45,0.05032514999999999,NORMAL,YATAY,True,True,0.62167646125154,72.32049421168468,2.713422718354933,0.02862985685071573,0.32191380858421326,-0.02646250000097335,🛑 STOP LOSS (%-2.5),KAPANDI,3.343236111111111,,,,
ZKC/USDT,1788573600000,2026-09-05 02:00,0.05082539999999999,NORMAL,YATAY,True,True,0.6559315035263957,76.94980104444168,3.0659217750990626,0.03462321792260692,0.8579002022743225,-0.026462500000973582,🛑 STOP LOSS (%-2.5),KAPANDI,0.5730744444444444,-0.026462500000973582,🛑 STOP LOSS (%-2.5),KAPANDI,0.5730744444444444
ZKC/USDT,1788574500000,2026-09-05 02:15,0.051025499999999994,NORMAL,YATAY,True,True,0.7187410407632133,78.4811544508834,2.55448995628507,0.04081632653061207,0.6389219164848328,-0.026462500000973485,🛑 STOP LOSS (%-2.5),KAPANDI,0.29307055555555556,,,,
SNDKB/USDT,1788575400000,2026-09-05 02:30,1748.9740499999998,NORMAL,YATAY,True,True,0.3190888748081284,78.57090834672316,10.562590822964438,0.12205861586453892,0.9078428745269775,-0.0012673869335803791,💤 MOMENTUM ÖLDÜ (YATAY REJİM),KAPANDI,1.5,0.0014588195105199068,⏳ ZAMAN AŞIMI,KAPANDI,8.0
LTC/USDT,1788577200000,2026-09-05 03:00,52.236104999999995,NORMAL,YATAY,True,True,0.522328763494992,73.43187645991742,3.2134911883660577,0.020324408833300778,0.5731854438781738,0.0010146641465154352,💤 MOMENTUM ÖLDÜ (YATAY REJİM),KAPANDI,1.8444444444444446,,,,
TUT/USDT,1788583500000,2026-09-05 04:45,0.02457228,NORMAL,YATAY,True,True,1.3317854882596851,74.91613084714228,2.5357193942844978,0.030633655056651277,0.4759892523288727,-0.02646250000097348,🛑 STOP LOSS (%-2.5),KAPANDI,1.1246838888888888,,,,
ONDO/USDT,1788583500000,2026-09-05 04:45,0.37288635,NORMAL,YATAY,True,True,0.7004534811636477,74.72532757104541,5.259214875144271,0.023057919297282403,0.718542218208313,-0.002460488075206668,💤 MOMENTUM ÖLDÜ (YATAY REJİM),KAPANDI,1.5,-0.014230865797033159,⏳ ZAMAN AŞIMI,KAPANDI,4.0
DASH/USDT,1788586200000,2026-09-05 05:30,71.74585499999999,NORMAL,YATAY,True,True,2.522709521427286,77.31456756897651,2.582382707688276,0.4542689109714051,0.7762380242347717,0.008484999998991659,🔒 KÂR KİLİDİ (+%1),KAPANDI,0.7440597222222223,0.0004969999989996504,🔒 KÂR KİLİDİ (+%1),KAPANDI,0.7598238888888889
TRUMP/USDT,1788589800000,2026-09-05 06:30,2.4122055,NORMAL,YATAY,True,True,0.8984908568249227,80.5619842539698,4.72180554475872,0.02508503401360551,0.8331341743469238,-0.010438923289009942,💤 MOMENTUM ÖLDÜ (YATAY REJİM),KAPANDI,2.549722222222222,-0.015401201985429354,⏳ ZAMAN AŞIMI,KAPANDI,4.0
GRAM/USDT,1788591600000,2026-09-05 07:00,1.4177085,NORMAL,YATAY,True,True,0.40900604186961925,68.76755648761731,2.673826195202527,0.04038179148311305,0.17098693549633026,0.0040405180072469364,💤 MOMENTUM ÖLDÜ (YATAY REJİM),KAPANDI,2.016388888888889,,,,
TAO/USDT,1788591600000,2026-09-05 07:00,236.21804999999998,NORMAL,YATAY,True,True,0.765261661224791,78.66394489942907,3.663700516603294,0.030554343081623747,0.7125587463378906,-3.954104984870813e-05,💤 MOMENTUM ÖLDÜ (YATAY REJİM),KAPANDI,1.5,-0.0017286634467239732,⏳ ZAMAN AŞIMI,KAPANDI,8.0
LTC/USDT,1788592500000,2026-09-05 07:15,53.94696,NORMAL,YATAY,True,True,0.7021203539359913,73.36775839899884,2.5457190305417474,0.054566790533933096,0.623744010925293,-0.020376518320609983,⏳ ZAMAN AŞIMI,KAPANDI,4.0,,,,
TRUMP/USDT,1788594300000,2026-09-05 07:45,2.4382184999999996,NORMAL,YATAY,True,True,1.0057724548246998,75.64729124400411,2.598270545822511,0.03087986463620984,0.9056355953216553,-0.02646250000097345,🛑 STOP LOSS (%-2.5),KAPANDI,0.6757847222222222,-0.02646250000097345,🛑 STOP LOSS (%-2.5),KAPANDI,0.6757847222222222
TRUMP/USDT,1788595200000,2026-09-05 08:00,2.4422205,NORMAL,YATAY,True,True,1.0377855023539682,76.22602231978027,2.732300091469928,0.0360780984719864,0.9496076703071594,-0.02646250000097339,🛑 STOP LOSS (%-2.5),KAPANDI,0.34387944444444446,-0.02646250000097339,🛑 STOP LOSS (%-2.5),KAPANDI,0.34387944444444446
BNB/USDT,1788596100000,2026-09-05 08:15,741.31047,NORMAL,YATAY,True,True,0.37250527697480706,82.00378739033901,2.9479657278320297,0.03431235691551748,0.7039806246757507,0.005535561369313605,💤 MOMENTUM ÖLDÜ (YATAY REJİM),KAPANDI,1.8444444444444446,0.026907380592237996,DİNAMİK KISMİ KÂR + 📈 TREND TAKİPLİ ÇIKIŞ,KAPANDI,22.9601225
BNB/USDT,1788597000000,2026-09-05 08:30,747.13338,NORMAL,YATAY,True,True,0.43516978504661064,85.8303937963281,4.143304359175364,0.0400412250525759,0.7216933965682983,-0.0020075260728674386,💤 MOMENTUM ÖLDÜ (YATAY REJİM),KAPANDI,1.5,0.01872891022686385,DİNAMİK KISMİ KÂR + 📈 TREND TAKİPLİ ÇIKIŞ,KAPANDI,22.711104722222224
ASTER/USDT,1788597900000,2026-09-05 08:45,0.756378,NORMAL,YATAY,True,True,0.6960889542236708,80.0562886932701,4.18956222827456,0.03419972640218871,0.8529899716377258,0.0454525657572392,🚀 MOON BAG (%50 VURKAÇ) + 📈 TREND TAKİPLİ ÇIKIŞ,KAPANDI,3.4110475,0.0454525657572392,🚀 MOON BAG (%50 VURKAÇ) + 📈 TREND TAKİPLİ ÇIKIŞ,KAPANDI,3.4110475
TUT/USDT,1788606000000,2026-09-05 11:00,0.02877438,NORMAL,YATAY,True,True,2.3642503200247904,79.57587042936542,2.520409047804288,0.1835390946502058,0.30836424231529236,0.00848499999899158,🔒 KÂR KİLİDİ (+%1),KAPANDI,0.22731,,,,
TUT/USDT,1788606900000,2026-09-05 11:15,0.029344664999999995,NORMAL,YATAY,True,True,2.53506407386746,81.53681075882493,3.294758913796191,0.1788585209003215,0.8535163402557373,-0.03946892216731049,🛑 STOP LOSS (%-3.8),KAPANDI,0.3260372222222222,-0.03946892216731049,🛑 STOP LOSS (%-3.8),KAPANDI,0.3260372222222222
SNDKB/USDT,1788607800000,2026-09-05 11:30,1762.9910549999997,NORMAL,YATAY,True,True,0.22676596253837217,59.92985453030777,2.5072121078223555,0.10360182627811265,0.20770861208438873,-0.004551459390590457,💤 MOMENTUM ÖLDÜ (YATAY REJİM),KAPANDI,2.5277777777777777,,,,
ASTER/USDT,1788610500000,2026-09-05 12:15,0.7973985,NORMAL,YATAY,True,True,1.1408518696692582,85.64974844386944,3.8993871530036674,0.050065876152832756,0.7502904534339905,0.05653685769946666,🚀 MOON BAG (%50 VURKAÇ) + 📈 TREND TAKİPLİ ÇIKIŞ,KAPANDI,1.0436925,0.05653685769946666,🚀 MOON BAG (%50 VURKAÇ) + 📈 TREND TAKİPLİ ÇIKIŞ,KAPANDI,1.0436925
ASTER/USDT,1788611400000,2026-09-05 12:30,0.8234115,NORMAL,YATAY,True,True,1.32976345662387,90.30600474768214,2.6544243424515632,0.09151193633952248,0.5988897681236267,0.043280117858227135,🚀 MOON BAG (%50 VURKAÇ) + 📈 TREND TAKİPLİ ÇIKIŞ,KAPANDI,0.7939822222222223,,,,
DASH/USDT,1788612300000,2026-09-05 12:45,69.97497,BALİNA,YATAY,True,True,1.9835607004323135,63.71021437884416,3.817022158384735,0.3827599841834717,0.9075020551681519,-0.02147000000097842,🛑 STOP LOSS (%-2.0),KAPANDI,0.05995111111111111,-0.02147000000097842,🛑 STOP LOSS (%-2.0),KAPANDI,0.05995111111111111
ASTER/USDT,1788612300000,2026-09-05 12:45,0.8314154999999999,NORMAL,YATAY,True,True,1.377636928141622,91.18827198261633,3.7866347910273497,0.14305364511691887,0.6486271619796753,0.025079009420246157,DİNAMİK KISMİ KÂR + 📈 TREND TAKİPLİ ÇIKIŞ,KAPANDI,0.5440713888888888,,,,
SUI/USDT,1788612300000,2026-09-05 12:45,0.8033014499999999,NORMAL,YATAY,True,True,0.682140553067041,77.59752193789345,4.783028729296401,0.06967759126032491,0.8681281805038452,-0.0015054001332748023,💤 MOMENTUM ÖLDÜ (YATAY REJİM),KAPANDI,1.8444444444444446,-0.011191083355461753,⏳ ZAMAN AŞIMI,KAPANDI,4.0
BNB/USDT,1788613200000,2026-09-05 13:00,763.54158,NORMAL,YATAY,True,True,0.5695090231265758,78.49332471677157,3.5740330344989246,0.0670581655480984,0.9078428745269775,0.0013940527806454734,💤 MOMENTUM ÖLDÜ (YATAY REJİM),KAPANDI,2.5277777777777777,0.0018512984082522913,⏳ ZAMAN AŞIMI,KAPANDI,12.0
ASTER/USDT,1788614100000,2026-09-05 13:15,0.8604299999999999,NORMAL,YATAY,True,True,1.707344997738455,91.49106111087208,2.732870165592873,0.17969821673525388,0.7661469578742981,-0.027071759704600646,🛑 STOP LOSS (%-2.6),KAPANDI,0.10804416666666666,-0.027071759704600646,🛑 STOP LOSS (%-2.6),KAPANDI,0.10804416666666666
CAKE/USDT,1788614100000,2026-09-05 13:15,2.2481234999999997,NORMAL,YATAY,True,True,1.0851650597757845,82.29093221702999,2.886716579259279,0.13141993957703924,0.8306804895401001,-0.009207371255318845,💤 MOMENTUM ÖLDÜ (YATAY REJİM),KAPANDI,1.6277777777777778,-0.002108095814246547,⏳ ZAMAN AŞIMI,KAPANDI,4.0
DOGE/USDT,1788631200000,2026-09-05 18:00,0.094277115,NORMAL,TREND,True,True,1.0092469945254752,88.40625073163766,6.127812633488585,0.12005230001188627,0.8402588367462158,-0.026462500000973416,🛑 STOP LOSS (%-2.5),KAPANDI,0.3886086111111111,-0.026462500000973416,🛑 STOP LOSS (%-2.5),KAPANDI,0.3886086111111111
NEAR/USDT,1788632100000,2026-09-05 18:15,2.2471229999999998,NORMAL,TREND,True,True,0.8955465735566532,62.20805748450073,2.785494230716403,0.1292106586224233,0.11854197829961777,-0.026462500000973447,🛑 STOP LOSS (%-2.5),KAPANDI,1.5775733333333333,,,,
DOGE/USDT,1788632100000,2026-09-05 18:15,0.09318657,NORMAL,TREND,True,True,1.1107193643561009,77.91535171527872,2.7870844197241644,0.1055192878338278,0.9038676619529724,-0.026462500000973475,🛑 STOP LOSS (%-2.5),KAPANDI,1.1077169444444444,-0.026462500000973475,🛑 STOP LOSS (%-2.5),KAPANDI,1.1077169444444444
ARB/USDT,1788639300000,2026-09-05 20:15,0.16078035,NORMAL,TREND,True,True,1.9484039932542183,89.75483377355184,3.122092822331224,0.22765469824293372,0.8692218661308289,0.008484999998991672,🔒 KÂR KİLİDİ (+%1),KAPANDI,0.34215555555555555,0.0004969999989995307,🔒 KÂR KİLİDİ (+%1),KAPANDI,0.3433291666666667
ARB/USDT,1788641100000,2026-09-05 20:45,0.16288139999999998,NORMAL,TREND,True,True,2.204311222679635,84.47084645099837,2.647910896088741,0.24274809160305333,0.8664692640304565,0.03937071754451525,🚀 MOON BAG (%50 VURKAÇ) + 📈 TREND TAKİPLİ ÇIKIŞ,KAPANDI,0.8555294444444445,0.03937071754451525,🚀 MOON BAG (%50 VURKAÇ) + 📈 TREND TAKİPLİ ÇIKIŞ,KAPANDI,0.8555294444444445
NOM/USDT,1788643800000,2026-09-05 21:30,0.001930965,NORMAL,TREND,True,True,2.3787913849187636,67.97025827393074,9.58720036001801,0.24516129032258083,0.8580158948898315,-0.03712834796858371,🛑 STOP LOSS (%-3.6),KAPANDI,0.057528888888888886,-0.03712834796858371,🛑 STOP LOSS (%-3.6),KAPANDI,0.057528888888888886
LTC/USDT,1788646500000,2026-09-05 22:15,54.56726999999999,NORMAL,TREND,True,True,0.5446981930074797,59.01867450979648,2.8061780701313905,0.07595186427303213,0.08867226541042328,-0.0024470979315335947,💤 MOMENTUM ÖLDÜ (YATAY REJİM),KAPANDI,1.5,,,,
ARB/USDT,1788654600000,2026-09-06 00:30,0.18779384999999998,NORMAL,YATAY,True,True,2.734975242294267,78.02150725136424,2.5272144594454535,0.4241274658573597,0.3625519573688507,0.008484999998991462,🔒 KÂR KİLİDİ (+%1),KAPANDI,0.6595647222222222,,,,
UNI/USDT,1788657300000,2026-09-06 01:15,7.4267115,NORMAL,YATAY,True,True,1.2939108194301283,76.65726741072719,2.960188705156627,0.20385987674343164,0.902061402797699,-0.026462500000973502,🛑 STOP LOSS (%-2.5),KAPANDI,1.3425208333333334,-0.026462500000973502,🛑 STOP LOSS (%-2.5),KAPANDI,1.3425208333333334
ENA/USDT,1788657300000,2026-09-06 01:15,0.18739365,NORMAL,YATAY,True,True,1.4492076715204447,84.21561407242726,2.712810522716893,0.14696876913655843,0.7768012285232544,-0.026462500000973548,🛑 STOP LOSS (%-2.5),KAPANDI,0.8257286111111111,-0.026462500000973548,🛑 STOP LOSS (%-2.5),KAPANDI,0.8257286111111111
ASTER/USDT,1788657300000,2026-09-06 01:15,0.802401,NORMAL,YATAY,True,True,1.0968932603169763,64.07866644185796,2.6027985081010927,0.0794078061911172,0.30143678188323975,-0.026462500000973485,🛑 STOP LOSS (%-2.5),KAPANDI,0.6529066666666666,,,,
ZEC/USDT,1788669900000,2026-09-06 04:45,1114.967205,NORMAL,YATAY,True,True,1.1700604381638993,82.63034144882546,4.911535097582302,0.09435055433896689,0.7502904534339905,0.03754094918248879,🚀 MOON BAG (%50 VURKAÇ) + 📈 TREND TAKİPLİ ÇIKIŞ,KAPANDI,0.04297,0.03754094918248879,🚀 MOON BAG (%50 VURKAÇ) + 📈 TREND TAKİPLİ ÇIKIŞ,KAPANDI,0.04297
ZEC/USDT,1788670800000,2026-09-06 05:00,1140.399915,NORMAL,YATAY,True,True,1.4741100805308878,86.45400109765511,4.839419489716211,0.12201244241445841,0.7765344381332397,0.021369314786917323,DİNAMİK KISMİ KÂR + 📈 TREND TAKİPLİ ÇIKIŞ,KAPANDI,0.9431833333333334,0.021369314786917323,DİNAMİK KISMİ KÂR + 📈 TREND TAKİPLİ ÇIKIŞ,KAPANDI,0.9431833333333334
DASH/USDT,1788670800000,2026-09-06 05:00,74.707335,NORMAL,YATAY,True,True,2.0298827132613217,75.03068200035833,6.778991481867226,0.07640190283984416,0.8992063403129578,0.008484999998991712,🔒 KÂR KİLİDİ (+%1),KAPANDI,0.19380111111111112,0.03504355088551666,🚀 MOON BAG (%50 VURKAÇ) + 📈 TREND TAKİPLİ ÇIKIŞ,KAPANDI,0.8276080555555556
DASH/USDT,1788671700000,2026-09-06 05:15,75.827895,NORMAL,YATAY,True,False,2.2151406373191995,77.15375297673954,2.7269782173151036,0.08024515393386555,0.9317420721054077,0.008484999998991672,🔒 KÂR KİLİDİ (+%1),KAPANDI,0.5764386111111112,,,,
ZEC/USDT,1788673500000,2026-09-06 05:45,1183.07124,NORMAL,YATAY,True,True,1.6037448178591625,90.67023979082037,2.6636754714042756,0.15866934496105056,0.7675702571868896,-0.026462500000973544,🛑 STOP LOSS (%-2.5),KAPANDI,1.8589019444444443,-0.026462500000973544,🛑 STOP LOSS (%-2.5),KAPANDI,1.8589019444444443
ZEC/USDT,1788686100000,2026-09-06 09:15,1193.006205,NORMAL,YATAY,True,True,1.5722711189644756,75.01761637137444,2.7751532623733137,0.180066504364349,0.7835291624069214,-0.009759761131678613,💤 MOMENTUM ÖLDÜ (YATAY REJİM),KAPANDI,1.5,-0.026462500000973645,🛑 STOP LOSS (%-2.5),KAPANDI,2.1759186111111113
RAY/USDT,1788697800000,2026-09-06 12:30,1.2333163499999997,NORMAL,YATAY,True,True,2.4348445993021897,72.63666985528624,2.632148045882707,0.4773489932885904,0.9181845784187317,0.06831775140841936,DİNAMİK KISMİ KÂR + 📈 TREND TAKİPLİ ÇIKIŞ,KAPANDI,0.11089138888888889,0.06831775140841936,DİNAMİK KISMİ KÂR + 📈 TREND TAKİPLİ ÇIKIŞ,KAPANDI,0.11089138888888889
RAY/USDT,1788698700000,2026-09-06 12:45,1.3336664999999999,NORMAL,YATAY,True,False,2.861352125331238,81.0454941352551,5.971222591438526,0.5835115229270611,0.8466047644615173,0.008484999998991863,🔒 KÂR KİLİDİ (+%1),KAPANDI,0.1934625,,,,
RAY/USDT,1788699600000,2026-09-06 13:00,1.35257595,NORMAL,YATAY,True,False,3.0472812982482274,82.1694845576315,2.9564686532024687,0.6086387434554974,0.8534700870513916,0.008484999998991452,🔒 KÂR KİLİDİ (+%1),KAPANDI,0.75517,,,,
NEAR/USDT,1788703200000,2026-09-06 14:00,2.471235,NORMAL,YATAY,True,False,1.4178170437679596,70.34723735581937,2.539044241364131,0.1227272727272728,0.6725897192955017,-0.02646250000097342,🛑 STOP LOSS (%-2.5),KAPANDI,0.34184888888888887,,,,
LINK/USDT,1788729300000,2026-09-06 21:15,13.0855395,NORMAL,YATAY,False,True,0.923760536663659,84.0070208606919,2.6315699050661365,0.08548427255373903,0.8270156979560852,,,,,-9.878754419599218e-05,⏳ ZAMAN AŞIMI,KAPANDI,4.0
TAO/USDT,1788748200000,2026-09-07 02:30,270.63525,NORMAL,YATAY,True,True,1.1489687855297515,65.72106860710547,2.7579957664760273,0.14376321353065546,0.5561380386352539,-0.005206975473043913,💤 MOMENTUM ÖLDÜ (YATAY REJİM),KAPANDI,1.5,,,,
TAO/USDT,1788749100000,2026-09-07 02:45,275.83784999999995,NORMAL,YATAY,True,True,1.1918711274937293,72.13670879643408,2.6829709376538666,0.16525781910397286,0.41716885566711426,-0.026462500000973745,🛑 STOP LOSS (%-2.5),KAPANDI,0.6879963888888889,,,,
ZEC/USDT,1788929100000,2026-09-09 04:45,1236.547965,NORMAL,YATAY,False,True,0.8755091277242069,80.74224511170574,3.606156582635696,0.09504190810341462,0.8666541576385498,,,,,-0.02646250000097348,🛑 STOP LOSS (%-2.5),KAPANDI,1.0255575
ZEC/USDT,1788930000000,2026-09-09 05:00,1243.86162,NORMAL,TREND,False,True,1.0095452965312783,82.3556649342268,3.9071256408147557,0.10643978498451445,0.8402588367462158,,,,,-0.02646250000097328,🛑 STOP LOSS (%-2.5),KAPANDI,0.6264705555555555
RAY/USDT,1788936300000,2026-09-09 06:45,1.4090041500000001,NORMAL,TREND,False,True,2.408967632197319,83.14922731625157,3.9480236051886255,0.29653839071994104,0.8629759550094604,,,,,-0.037580312712197576,🛑 STOP LOSS (%-3.6),KAPANDI,0.694155
TAO/USDT,1788941700000,2026-09-09 08:15,263.13149999999996,NORMAL,TREND,True,True,0.7428011619938126,66.04558058684863,3.5303561599851907,0.04034810126582267,0.2343921959400177,-0.026462500000973603,🛑 STOP LOSS (%-2.5),KAPANDI,1.6767894444444444,,,,
MARSCOIN/USDT,1788945300000,2026-09-09 09:15,0.14727359999999998,NORMAL,TREND,True,True,3.5541249644490036,69.70531096148866,2.9449746045053256,0.0682148040638606,0.877356231212616,-0.05473190665598006,🛑 STOP LOSS (%-5.3),KAPANDI,0.6773572222222223,-0.05473190665598006,🛑 STOP LOSS (%-5.3),KAPANDI,0.6773572222222223
NEAR/USDT,1788949800000,2026-09-09 10:30,2.5402695,NORMAL,TREND,True,True,1.302025266428065,76.99789213560268,3.7843380939623077,0.09676025917926578,0.914284348487854,0.013586838346140377,DİNAMİK KISMİ KÂR + 📈 TREND TAKİPLİ ÇIKIŞ,KAPANDI,3.12615,0.0004969999989994632,🔒 KÂR KİLİDİ (+%1),KAPANDI,4.8607619444444445
TAO/USDT,1788954300000,2026-09-09 11:45,266.23305,NORMAL,TREND,True,False,0.8466800732741362,68.34634996661512,3.030845107133048,0.04722550177095641,0.34791576862335205,-0.01011428968645382,💤 MOMENTUM ÖLDÜ (YATAY REJİM),KAPANDI,3.261111111111111,,,,
TAO/USDT,1788955200000,2026-09-09 12:00,265.83284999999995,NORMAL,TREND,True,True,0.8626131540550785,66.61005042609295,2.786252629694963,0.046887312844759554,0.3112790584564209,-0.008624059034871356,💤 MOMENTUM ÖLDÜ (YATAY REJİM),KAPANDI,3.011111111111111,,,,
SNDKB/USDT,1788963300000,2026-09-09 14:15,1800.709905,NORMAL,TREND,True,True,0.6988235939228306,74.01947232525673,2.8502609954691254,0.018873799158774185,0.4576532244682312,-0.01795215142281165,⏳ ZAMAN AŞIMI,KAPANDI,4.0,,,,
NEAR/USDT,1789131600000,2026-09-11 13:00,2.5792889999999997,NORMAL,TREND,True,True,1.5607292568893267,69.56957840293781,3.95186017916504,0.07327227310574513,0.687282145023346,0.021641156730445782,DİNAMİK KISMİ KÂR + 📈 TREND TAKİPLİ ÇIKIŞ,KAPANDI,1.810308611111111,0.03149304900486799,DİNAMİK KISMİ KÂR + 📈 TREND TAKİPLİ ÇIKIŞ,KAPANDI,1.810308611111111
ETH/USDT,1789131600000,2026-09-11 13:00,2512.4756099999995,NORMAL,TREND,True,True,0.5077138328979517,75.40048140016623,3.3414382006067367,0.03991154693478638,0.9036784768104553,0.039355224930410895,🚀 MOON BAG (%50 VURKAÇ) + 📈 TREND TAKİPLİ ÇIKIŞ,KAPANDI,2.1766344444444443,0.039355224930410895,🚀 MOON BAG (%50 VURKAÇ) + 📈 TREND TAKİPLİ ÇIKIŞ,KAPANDI,2.1766344444444443
SPCXB/USDT,1789131600000,2026-09-11 13:00,150.17505,NORMAL,TREND,True,True,0.2280278764539062,72.1839744951465,4.051570884381368,0.03324843395057475,0.46027547121047974,-0.026462500000973232,🛑 STOP LOSS (%-2.5),KAPANDI,0.5444325,,,,
UNI/USDT,1789135200000,2026-09-11 14:00,6.491244,NORMAL,TREND,True,True,1.3529722771213182,79.31848782556867,2.9067067813792815,0.0939133367054461,0.8483665585517883,-0.026462500000973405,🛑 STOP LOSS (%-2.5),KAPANDI,0.39427694444444444,-0.026462500000973405,🛑 STOP LOSS (%-2.5),KAPANDI,0.39427694444444444
ETH/USDT,1789135200000,2026-09-11 14:00,2630.9348099999997,NORMAL,TREND,True,True,0.8651986149424304,87.8608000798983,5.404247425038864,0.07973540606792229,0.8666541576385498,-0.026462500000973627,🛑 STOP LOSS (%-2.5),KAPANDI,1.8935686111111112,-0.026462500000973627,🛑 STOP LOSS (%-2.5),KAPANDI,1.8935686111111112
ENA/USDT,1789135200000,2026-09-11 14:00,0.15587789999999999,NORMAL,TREND,True,True,1.5433008938440826,78.44966628991371,3.2322464628382703,0.0634812286689419,0.88194739818573,-0.026462500000973613,🛑 STOP LOSS (%-2.5),KAPANDI,0.5346086111111111,-0.026462500000973613,🛑 STOP LOSS (%-2.5),KAPANDI,0.5346086111111111
PEPE/USDT,1789135200000,2026-09-11 14:00,3.531765e-06,NORMAL,TREND,True,True,1.3228497957751935,81.32140496837886,3.7685680833849724,0.05688622754491024,0.6438170671463013,-0.026462500000973527,🛑 STOP LOSS (%-2.5),KAPANDI,0.5387875,,,,
TRUMP/USDT,1789135200000,2026-09-11 14:00,2.0710349999999997,NORMAL,TREND,True,True,1.152271168577002,75.36353967148408,2.624787427951059,0.05182926829268286,0.9106943607330322,-0.026462500000973586,🛑 STOP LOSS (%-2.5),KAPANDI,0.5776102777777777,-0.026462500000973586,🛑 STOP LOSS (%-2.5),KAPANDI,0.5776102777777777
SOL/USDT,1789135200000,2026-09-11 14:00,104.93243999999999,NORMAL,TREND,True,True,0.8225387199120807,81.90635970236345,3.879087218879857,0.05153398836976142,0.412598192691803,-0.026462500000973475,🛑 STOP LOSS (%-2.5),KAPANDI,1.8609841666666667,,,,
ETH/USDT,1789136100000,2026-09-11 14:15,2613.7562249999996,NORMAL,TREND,True,True,0.992567602485325,80.50466637701237,2.684574073084739,0.07416727314592086,0.8270156979560852,-0.026462500000973346,🛑 STOP LOSS (%-2.5),KAPANDI,1.6745191666666666,-0.026462500000973346,🛑 STOP LOSS (%-2.5),KAPANDI,1.6745191666666666
SOL/USDT,1789136100000,2026-09-11 14:15,104.04199499999999,NORMAL,TREND,True,True,0.9200657467670308,72.66652044784014,2.987813014649793,0.04533574587856837,0.5650470852851868,-0.02646250000097325,🛑 STOP LOSS (%-2.5),KAPANDI,1.6583408333333334,,,,
TRUMP/USDT,1789136100000,2026-09-11 14:15,2.0520255,NORMAL,TREND,True,True,1.257526004403174,68.08584129887531,3.2514202874132336,0.04270462633451966,0.18831759691238403,-0.0264625000009735,🛑 STOP LOSS (%-2.5),KAPANDI,1.6237047222222223,,,,
PEPE/USDT,1789353000000,2026-09-14 02:30,3.451725e-06,NORMAL,TREND,True,True,0.9199161831862787,65.82577164561232,5.132296821292321,0.0029069767441860517,0.7475258708000183,-0.0058853733451215695,⏳ ZAMAN AŞIMI,KAPANDI,4.0,-0.0058853733451215695,⏳ ZAMAN AŞIMI,KAPANDI,4.0
REZ/USDT,1789355700000,2026-09-14 03:15,0.004954475999999999,NORMAL,TREND,True,True,3.3842792799712167,67.12879174198588,3.589957805792474,0.313876359777129,0.8514530062675476,-0.05218804291671664,🛑 STOP LOSS (%-5.1),KAPANDI,0.12538722222222223,-0.05218804291671664,🛑 STOP LOSS (%-5.1),KAPANDI,0.12538722222222223
UNI/USDT,1789356600000,2026-09-14 03:30,6.439217999999999,NORMAL,TREND,True,True,0.8249878359667345,73.37709848265271,2.8189143253388305,0.012268008807801323,0.24956777691841125,-0.026462500000973457,🛑 STOP LOSS (%-2.5),KAPANDI,3.0099958333333334,,,,
NEAR/USDT,1789366500000,2026-09-14 06:15,2.4502244999999996,NORMAL,TREND,True,True,0.8017318848282357,76.8475209255609,2.7965550615954697,0.04613413071337025,0.6936229467391968,-0.00950921366254709,💤 MOMENTUM ÖLDÜ (YATAY REJİM),KAPANDI,2.6944444444444446,-0.026462500000973294,🛑 STOP LOSS (%-2.5),KAPANDI,3.1763858333333332
ADA/USDT,1789366500000,2026-09-14 06:15,0.20880434999999997,NORMAL,TREND,True,True,0.5395403574638075,64.27803595755364,3.15598874763263,0.0014395393474087026,0.17517443001270294,0.007514364848874733,💤 MOMENTUM ÖLDÜ (YATAY REJİM),KAPANDI,2.8666666666666667,,,,
SUI/USDT,1789366500000,2026-09-14 06:15,0.726363,NORMAL,TREND,True,True,0.5575347971295563,71.03691252970042,6.616529249524969,0.0013793103448276334,0.2557383179664612,-0.005055431886437773,💤 MOMENTUM ÖLDÜ (YATAY REJİM),KAPANDI,1.5,,,,
U/USDT,1789367400000,2026-09-14 06:30,1.00039995,BALİNA,TREND,True,True,0.01321884441866921,59.866363711893754,6.830744982862134,0.00020006001800543238,0.06997355073690414,-0.002895794823863115,💤 MOMENTUM ÖLDÜ (YATAY REJİM),KAPANDI,1.8444444444444446,,,,
ENA/USDT,1789368300000,2026-09-14 06:45,0.14137065000000001,NORMAL,TREND,True,True,0.7724984741153544,59.49154266278989,2.736190737819741,0.004978662873399653,0.04655231162905693,0.0012380594891889779,💤 MOMENTUM ÖLDÜ (YATAY REJİM),KAPANDI,2.3555555555555556,,,,
ADA/USDT,1789371900000,2026-09-14 07:45,0.21070529999999998,NORMAL,YATAY,True,True,0.5749429682478643,72.04252984926713,3.4729447255085844,0.017883035282745263,0.46027547121047974,-0.006782796772417129,💤 MOMENTUM ÖLDÜ (YATAY REJİM),KAPANDI,1.5,,,,
XRP/USDT,1789380000000,2026-09-14 10:00,1.4035014,NORMAL,YATAY,True,True,0.48282466713057015,77.80052464819438,2.7492164446492637,0.04351707208212452,0.899965763092041,-0.004488026943116539,💤 MOMENTUM ÖLDÜ (YATAY REJİM),KAPANDI,1.75,-0.008823447115635201,⏳ ZAMAN AŞIMI,KAPANDI,4.0
TRUMP/USDT,1789389000000,2026-09-14 12:30,2.0440215,NORMAL,YATAY,True,True,0.6672380092223744,74.57699846440873,4.4582277426985595,0.03233956543708949,0.7488710880279541,-0.006899585497951102,⏳ ZAMAN AŞIMI,KAPANDI,4.0,-0.006899585497951102,⏳ ZAMAN AŞIMI,KAPANDI,4.0
TRUMP/USDT,1789389900000,2026-09-14 12:45,2.033016,NORMAL,YATAY,True,True,0.7705990334617033,66.63398178489673,2.851225026856379,0.029381965552178313,0.05947989970445633,-0.003486157062665856,⏳ ZAMAN AŞIMI,KAPANDI,4.0,,,,
CRCLB/USDT,1789393500000,2026-09-14 13:45,94.34714999999998,NORMAL,YATAY,True,True,0.8957709761220163,70.72606465938901,6.975336277906783,0.05386678587393834,0.3206648528575897,-0.026462500000973437,🛑 STOP LOSS (%-2.5),KAPANDI,0.8926836111111112,,,,
UNI/USDT,1789393500000,2026-09-14 13:45,6.4032,NORMAL,YATAY,True,True,0.7624119900734267,65.42463958353554,4.918498522455317,0.02498398462524043,0.2343921959400177,-0.0017492496259360233,⏳ ZAMAN AŞIMI,KAPANDI,4.0,,,,
ARK/USDT,1789397100000,2026-09-14 14:45,0.17318655,BALİNA,TREND,True,True,3.648243585648466,55.78492761440575,4.225124533825885,0.12989556135770242,0.27400797605514526,-0.021470000000978356,🛑 STOP LOSS (%-2.0),KAPANDI,0.05999555555555556,,,,
PUMP/USDT,1789405200000,2026-09-14 17:00,0.0037338659999999997,NORMAL,TREND,True,True,1.0709431234859583,72.29660541061648,5.157454979203526,0.023306827529476326,0.6138164401054382,-0.005399856919836258,⏳ ZAMAN AŞIMI,KAPANDI,4.0,,,,
AVAX/USDT,1789405200000,2026-09-14 17:00,7.553774999999999,NORMAL,TREND,True,True,0.5681446661358152,65.29387352302996,2.5629530639600047,0.021098187719772676,0.6380119323730469,0.011445309915982489,DİNAMİK KISMİ KÂR + 📈 TREND TAKİPLİ ÇIKIŞ,KAPANDI,4.494193611111111,,,,
NEAR/USDT,1789406100000,2026-09-14 17:15,2.5282635,NORMAL,TREND,True,True,1.0652404231423191,78.97121953855911,3.645857991438337,0.07807167235494883,0.9525759816169739,0.008484999998991806,🔒 KÂR KİLİDİ (+%1),KAPANDI,1.1760841666666666,0.0004969999989994179,🔒 KÂR KİLİDİ (+%1),KAPANDI,2.125684166666667
NEAR/USDT,1789407000000,2026-09-14 17:30,2.5342664999999998,NORMAL,TREND,True,True,1.0798942758989243,79.66332114163764,3.1310682307339777,0.0737600678253496,0.9386019706726074,-0.013622872539446431,⏳ ZAMAN AŞIMI,KAPANDI,4.0,-0.013622872539446431,⏳ ZAMAN AŞIMI,KAPANDI,4.0
ENA/USDT,1789411500000,2026-09-14 18:45,0.14607299999999998,NORMAL,TREND,True,True,0.9825233262594402,72.01703479014797,2.96891902215376,0.03619588360539394,0.5650470852851868,-0.020750379808521652,⏳ ZAMAN AŞIMI,KAPANDI,4.0,,,,
UNI/USDT,1789413300000,2026-09-14 19:15,6.711354,NORMAL,TREND,True,True,0.9998147775154209,81.26765106053317,3.1228930723538664,0.0629060370781176,0.8195632696151733,-0.026462500000973617,🛑 STOP LOSS (%-2.5),KAPANDI,2.3773344444444446,-0.026462500000973617,🛑 STOP LOSS (%-2.5),KAPANDI,2.3773344444444446
AVAX/USDT,1789417800000,2026-09-14 20:30,7.7488725,NORMAL,TREND,True,True,0.5700207583186702,75.94172323998059,3.107219340733107,0.0414145488772355,0.9003416299819946,-0.026462500000973575,🛑 STOP LOSS (%-2.5),KAPANDI,3.1353441666666666,-0.026462500000973575,🛑 STOP LOSS (%-2.5),KAPANDI,3.1353441666666666
ARK/USDT,1789421400000,2026-09-14 21:30,0.17638815,NORMAL,TREND,True,True,2.987112469441315,63.49226856781381,3.1001136705351247,0.27753623188405796,0.9066253304481506,-0.046239477012010914,🛑 STOP LOSS (%-4.5),KAPANDI,1.5770066666666667,-0.046239477012010914,🛑 STOP LOSS (%-4.5),KAPANDI,1.5770066666666667
CVC/USDT,1789432200000,2026-09-15 00:30,0.033756869999999994,BALİNA,TREND,True,True,2.4113978252106913,62.76408181524551,4.121295165275465,0.09866492999023113,0.9018481373786926,-0.021470000000978512,🛑 STOP LOSS (%-2.0),KAPANDI,0.051872777777777775,-0.021470000000978512,🛑 STOP LOSS (%-2.0),KAPANDI,0.051872777777777775
UNI/USDT,1789433100000,2026-09-15 00:45,6.643319999999999,NORMAL,TREND,True,True,0.9476448587590438,59.371071977785405,2.5543959961018934,0.07600064819316144,0.8124624490737915,-0.026462500000973346,🛑 STOP LOSS (%-2.5),KAPANDI,2.5110705555555555,-0.026462500000973346,🛑 STOP LOSS (%-2.5),KAPANDI,2.5110705555555555
MARSCOIN/USDT,1789608600000,2026-09-17 01:30,0.1062531,NORMAL,YATAY,False,True,2.207826506223649,83.63246136737736,2.760631302006095,0.23344947735191646,0.8631578087806702,,,,,-0.03456772149793,🛑 STOP LOSS (%-3.3),KAPANDI,0.4770372222222222
MARSCOIN/USDT,1789609500000,2026-09-17 01:45,0.10835414999999998,NORMAL,YATAY,False,True,2.3138550645245077,85.29904017941976,2.7040441609641532,0.26518691588785037,0.8631578087806702,,,,,-0.03615576422987963,🛑 STOP LOSS (%-3.5),KAPANDI,0.0939186111111111
ENA/USDT,1789648200000,2026-09-17 12:30,0.1528764,NORMAL,YATAY,True,True,0.9822407953420802,56.15307684703528,3.0077977836081384,0.07454289732770736,0.09489317238330841,-0.004952974802146841,💤 MOMENTUM ÖLDÜ (YATAY REJİM),KAPANDI,1.5,,,,
ONDO/USDT,1789650000000,2026-09-17 13:00,0.3653826,NORMAL,YATAY,True,True,0.9568194386918403,74.69763512076085,8.476979294666476,0.11784511784511786,0.9111467003822327,0.013711924261244145,DİNAMİK KISMİ KÂR + 📈 TREND TAKİPLİ ÇIKIŞ,KAPANDI,1.9751977777777778,0.0004969999989996623,🔒 KÂR KİLİDİ (+%1),KAPANDI,2.010959722222222
ONDO/USDT,1789650900000,2026-09-17 13:15,0.37048515,NORMAL,YATAY,True,True,1.1077637849638935,78.77681393955012,4.563575065821202,0.13693583051888258,0.9498216509819031,0.004812523475012555,💤 MOMENTUM ÖLDÜ (YATAY REJİM),KAPANDI,2.049722222222222,0.001312372669767353,⏳ ZAMAN AŞIMI,KAPANDI,8.0
MARSCOIN/USDT,1789651800000,2026-09-17 13:30,0.116058,NORMAL,YATAY,True,False,2.9173023429577,66.08963274914123,5.193038479076187,0.20456905503634482,0.9396066665649414,-0.04519389584260367,🛑 STOP LOSS (%-4.4),KAPANDI,0.2607791666666667,,,,
UNI/USDT,1789651800000,2026-09-17 13:30,7.037516999999999,NORMAL,YATAY,True,False,1.1920090215496009,60.95428386140595,2.786709032647236,0.12149234693877542,0.05338805913925171,0.024516362341785364,DİNAMİK KISMİ KÂR + 📈 TREND TAKİPLİ ÇIKIŞ,KAPANDI,1.4703197222222222,,,,
PUMP/USDT,1789653600000,2026-09-17 14:00,0.004064030999999999,NORMAL,YATAY,False,True,1.0891818182233588,76.47410932458489,2.654626706231433,0.11808422791081741,0.9480688571929932,,,,,-0.02646250000097347,🛑 STOP LOSS (%-2.5),KAPANDI,0.7093902777777777
UNI/USDT,1789654500000,2026-09-17 14:15,7.280638499999999,NORMAL,YATAY,True,True,1.3722791227151718,71.29264869878378,3.243363752981926,0.18633844147375278,0.41316720843315125,-0.02646250000097338,🛑 STOP LOSS (%-2.5),KAPANDI,0.8943041666666667,,,,
ZEC/USDT,1789654500000,2026-09-17 14:15,1410.014655,NORMAL,YATAY,True,True,1.3625700190464662,67.95501585141484,3.473720771750457,0.1326946415797976,0.22883126139640808,0.03480749338957735,DİNAMİK KISMİ KÂR + 📈 TREND TAKİPLİ ÇIKIŞ,KAPANDI,4.4087175,,,,
ZEC/USDT,1789660800000,2026-09-17 16:00,1481.6104349999998,NORMAL,YATAY,True,True,1.4628207962655495,78.16624376178493,2.8181648677119133,0.18674669829465307,0.8935903310775757,0.0003371115613082261,💤 MOMENTUM ÖLDÜ (YATAY REJİM),KAPANDI,1.5,0.004120809833625633,⏳ ZAMAN AŞIMI,KAPANDI,4.0
DASH/USDT,1789660800000,2026-09-17 16:00,60.170069999999996,NORMAL,YATAY,True,True,1.3805907928526706,64.98371079891054,2.502589307415656,0.11061865189289022,0.5289344191551208,0.012560829323152695,DİNAMİK KISMİ KÂR + 📈 TREND TAKİPLİ ÇIKIŞ,KAPANDI,0.8440125,,,,
DASH/USDT,1789661700000,2026-09-17 16:15,61.33064999999999,NORMAL,YATAY,True,True,1.4908642970458148,70.3692374860234,2.78907193894898,0.1341350601295097,0.673805296421051,-0.002344931348944464,💤 MOMENTUM ÖLDÜ (YATAY REJİM),KAPANDI,1.5,-0.026462500000973454,🛑 STOP LOSS (%-2.5),KAPANDI,2.7758305555555554
ARB/USDT,1789662600000,2026-09-17 16:30,0.17318655,NORMAL,YATAY,True,True,1.553143801883756,70.9735704398502,2.8248986518725796,0.10819462227912924,0.6964468359947205,0.040286444001020535,DİNAMİK KISMİ KÂR + 📈 TREND TAKİPLİ ÇIKIŞ,KAPANDI,1.8273030555555556,0.04341162152471488,🚀 MOON BAG (%50 VURKAÇ) + 📈 TREND TAKİPLİ ÇIKIŞ,KAPANDI,1.8273030555555556
NEAR/USDT,1789663500000,2026-09-17 16:45,2.9534759999999998,NORMAL,YATAY,True,True,1.216644393145764,70.71688696685342,2.792110870148952,0.19224555735056548,0.1849375069141388,0.015001290296476181,DİNAMİK KISMİ KÂR + 📈 TREND TAKİPLİ ÇIKIŞ,KAPANDI,1.876393611111111,,,,
NEAR/USDT,1789664400000,2026-09-17 17:00,2.9764874999999997,NORMAL,YATAY,True,True,1.2507966828623702,73.22143555983081,4.331525589307461,0.20445344129554655,0.4788453280925751,0.010994670657205401,DİNAMİK KISMİ KÂR + 📈 TREND TAKİPLİ ÇIKIŞ,KAPANDI,1.5927830555555555,,,,
ARB/USDT,1789668000000,2026-09-17 18:00,0.18399195,NORMAL,YATAY,True,True,1.7124900487391657,79.82621974277784,2.7090129739787,0.1796023091725465,0.8729047179222107,-0.027148819705963802,🛑 STOP LOSS (%-2.6),KAPANDI,0.3266436111111111,-0.027148819705963802,🛑 STOP LOSS (%-2.6),KAPANDI,0.3266436111111111
MARSCOIN/USDT,1789669800000,2026-09-17 18:30,0.12376184999999999,NORMAL,YATAY,True,True,2.8705716638177465,68.78405362375534,2.662129991151544,0.35784851811196483,0.8537730574607849,-0.04449398709578565,🛑 STOP LOSS (%-4.3),KAPANDI,0.36093444444444445,-0.04449398709578565,🛑 STOP LOSS (%-4.3),KAPANDI,0.36093444444444445
GENIUS/USDT,1789671600000,2026-09-17 19:00,0.38629304999999997,NORMAL,YATAY,True,False,3.659977791973215,63.869773997909704,2.9674635642755476,0.28914858096828056,0.9066253304481506,0.055960900479229254,DİNAMİK KISMİ KÂR + 📈 TREND TAKİPLİ ÇIKIŞ,KAPANDI,0.12720916666666668,,,,
GENIUS/USDT,1789672500000,2026-09-17 19:15,0.39749864999999995,NORMAL,YATAY,True,False,3.99852482704151,67.60733617536727,5.791874570374704,0.32876254180602005,0.8542088866233826,-0.05641750000094349,🛑 STOP LOSS (%-5.5),KAPANDI,0.16064194444444443,,,,
NEAR/USDT,1789686000000,2026-09-17 23:00,3.1405695,NORMAL,YATAY,True,False,1.3679631950452291,71.67715357977762,3.116315110815956,0.22235202492211825,0.4218684136867523,-0.02646250000097359,🛑 STOP LOSS (%-2.5),KAPANDI,1.403635,,,,
PUMP/USDT,1789687800000,2026-09-17 23:30,0.0041010495,NORMAL,YATAY,True,False,0.8522296646901903,72.91188354592332,3.461844671014705,0.13608647450110878,0.6781595349311829,-0.026462500000973273,🛑 STOP LOSS (%-2.5),KAPANDI,1.2775330555555555,,,,
ONDO/USDT,1789695000000,2026-09-18 01:30,0.38849415,NORMAL,YATAY,True,True,0.828649974007407,76.97031454000832,3.213602533224696,0.10031170303202042,0.6901415586471558,-0.006590164767063759,💤 MOMENTUM ÖLDÜ (YATAY REJİM),KAPANDI,1.5,-0.017630904729590696,⏳ ZAMAN AŞIMI,KAPANDI,4.0
ARB/USDT,1789695900000,2026-09-18 01:45,0.1928964,NORMAL,YATAY,True,True,1.660065305596751,78.92536924879947,4.081134980857917,0.15865384615384626,0.8762226700782776,0.022876150060672347,DİNAMİK KISMİ KÂR + 📈 TREND TAKİPLİ ÇIKIŞ,KAPANDI,0.9611075,0.03786596408701985,🚀 MOON BAG (%50 VURKAÇ) + 📈 TREND TAKİPLİ ÇIKIŞ,KAPANDI,0.9611075
ARB/USDT,1789696800000,2026-09-18 02:00,0.19799894999999998,NORMAL,YATAY,True,True,1.7002799243123878,82.41772264769105,3.9564472788194553,0.20157862780813596,0.7658712267875671,0.008484999998991515,🔒 KÂR KİLİDİ (+%1),KAPANDI,0.5917305555555555,0.0004969999989996547,🔒 KÂR KİLİDİ (+%1),KAPANDI,0.6705463888888888
ARB/USDT,1789697700000,2026-09-18 02:15,0.1998999,NORMAL,YATAY,True,True,1.7423780281102605,83.53574383638684,2.9542936625032814,0.22201834862385317,0.7753912210464478,0.07700811808701305,🚀 MOON BAG (%50 VURKAÇ) + 📈 TREND TAKİPLİ ÇIKIŞ,KAPANDI,2.2270547222222223,0.07201810560074863,🚀 MOON BAG (%50 VURKAÇ) + 📈 TREND TAKİPLİ ÇIKIŞ,KAPANDI,2.2270547222222223
ADA/USDT,1789698600000,2026-09-18 02:30,0.21580785,NORMAL,YATAY,True,True,0.7287426006134955,87.6134158285739,4.821641512452285,0.10558687852383386,0.4175782799720764,-0.012702085860916475,⏳ ZAMAN AŞIMI,KAPANDI,4.0,,,,
ARB/USDT,1789701300000,2026-09-18 03:15,0.22000995,NORMAL,TREND,True,True,2.186604351201805,86.33348362175151,2.909758589806487,0.3482526057633355,0.8671008944511414,0.008484999998991575,🔒 KÂR KİLİDİ (+%1),KAPANDI,0.9097097222222222,0.01656969293768181,DİNAMİK KISMİ KÂR + 📈 TREND TAKİPLİ ÇIKIŞ,KAPANDI,0.9093775
BCH/USDT,1789701300000,2026-09-18 03:15,247.9239,NORMAL,TREND,True,True,0.6797859858387321,85.22639945381414,6.267549594291807,0.12431941923774947,0.6340911388397217,-0.006214244533341467,⏳ ZAMAN AŞIMI,KAPANDI,4.0,,,,
UNI/USDT,1789702200000,2026-09-18 03:30,8.549272499999999,NORMAL,TREND,True,True,1.699153792495356,81.1892119590696,4.2473959499627085,0.2636793847973973,0.7658712267875671,0.013639999717854429,DİNAMİK KISMİ KÂR + 📈 TREND TAKİPLİ ÇIKIŞ,KAPANDI,0.39269,0.0004969999989995628,🔒 KÂR KİLİDİ (+%1),KAPANDI,0.6777294444444445
UNI/USDT,1789703100000,2026-09-18 03:45,8.721358500000001,NORMAL,TREND,True,True,1.800728022810399,83.6500903632386,2.842179238468375,0.27796510775546124,0.7721474766731262,-0.028470403962614483,🛑 STOP LOSS (%-2.7),KAPANDI,0.7766113888888889,-0.028470403962614483,🛑 STOP LOSS (%-2.7),KAPANDI,0.7766113888888889
FET/USDT,1789721100000,2026-09-18 08:45,0.18479235,NORMAL,TREND,True,True,0.9747002509186327,70.26086780630335,2.5621384029535546,0.16972767574414171,0.3441876769065857,0.0018626650061881892,⏳ ZAMAN AŞIMI,KAPANDI,4.0,,,,
APT/USDT,1789728300000,2026-09-18 10:45,0.678339,NORMAL,TREND,True,True,1.240148181978378,61.673528697761434,3.3976374868549986,0.18324607329842957,0.07490021735429764,0.008484999998991728,🔒 KÂR KİLİDİ (+%1),KAPANDI,2.37085,,,,
INJ/USDT,1789729200000,2026-09-18 11:00,6.917457,NORMAL,TREND,True,True,1.3356640807865479,95.9449743677188,2.5508172179741875,0.24374887569706782,0.462748259305954,-0.0264625000009734,🛑 STOP LOSS (%-2.5),KAPANDI,0.09254944444444445,,,,
BNCB/USDT,1789739100000,2026-09-18 13:45,6.233115,NORMAL,TREND,True,True,1.9993724523539937,64.48993024445389,2.588527599543693,0.23366336633663387,0.6073952913284302,-0.031445600906100324,🛑 STOP LOSS (%-3.0),KAPANDI,3.7929102777777777,,,,
STRK/USDT,1789746300000,2026-09-18 15:45,0.036718350000000004,NORMAL,TREND,True,True,2.0978822407425626,71.60376389096527,2.518807636509318,0.31399928392409615,0.42742908000946045,0.00848499999899167,🔒 KÂR KİLİDİ (+%1),KAPANDI,0.9432716666666666,,,,
STRK/USDT,1789748100000,2026-09-18 16:15,0.037288634999999994,NORMAL,TREND,True,True,2.1590534521322695,73.84771523267487,2.5066070853026563,0.33202287348105775,0.5486343502998352,0.008484999998991764,🔒 KÂR KİLİDİ (+%1),KAPANDI,1.3938977777777777,,,,
ZAMA/USDT,1789749000000,2026-09-18 16:30,0.059699835,NORMAL,TREND,True,True,1.948086126072991,69.97960775951653,2.7146179903478638,0.18135022767768771,0.8830479979515076,0.0001791361835321867,⏳ ZAMAN AŞIMI,KAPANDI,4.0,0.0001791361835321867,⏳ ZAMAN AŞIMI,KAPANDI,4.0
STRK/USDT,1789758000000,2026-09-18 19:00,0.04128063,NORMAL,TREND,True,True,2.4886751531059046,81.06371132211919,2.6142717296390168,0.4538407329105003,0.8664692640304565,0.03562840950653556,🚀 MOON BAG (%50 VURKAÇ) + 📈 TREND TAKİPLİ ÇIKIŞ,KAPANDI,0.10967916666666666,0.023389370627620684,DİNAMİK KISMİ KÂR + 📈 TREND TAKİPLİ ÇIKIŞ,KAPANDI,0.10967916666666666
STRK/USDT,1789758900000,2026-09-18 19:15,0.042821399999999996,NORMAL,TREND,True,True,2.6132783148500764,84.42808149617899,3.207740601077329,0.5059817030260378,0.8692218661308289,-0.04064037596162636,🛑 STOP LOSS (%-3.9),KAPANDI,0.3391336111111111,-0.04064037596162636,🛑 STOP LOSS (%-3.9),KAPANDI,0.3391336111111111
RAY/USDT,1789759800000,2026-09-18 19:30,1.7562777,NORMAL,TREND,True,True,1.426858126421762,63.23192424466357,2.7615151570003373,0.20068399452804386,0.761189341545105,-0.026462500000973346,🛑 STOP LOSS (%-2.5),KAPANDI,3.1272297222222223,-0.026462500000973346,🛑 STOP LOSS (%-2.5),KAPANDI,3.1272297222222223
APT/USDT,1789763400000,2026-09-18 20:30,0.724362,NORMAL,TREND,True,True,1.2890745253302476,74.44265766525358,2.9959156630622203,0.24398625429553267,0.8246276378631592,0.008484999998991695,🔒 KÂR KİLİDİ (+%1),KAPANDI,1.1416016666666666,0.0004969999989996413,🔒 KÂR KİLİDİ (+%1),KAPANDI,1.1772891666666667
RAY/USDT,1789774200000,2026-09-18 23:30,1.76638275,BALİNA,TREND,True,True,1.5005113480889876,60.29238737826534,6.872353365691382,0.20916375590712977,0.1618339866399765,-0.021470000000978498,🛑 STOP LOSS (%-2.0),KAPANDI,0.5894897222222222,,,,
APT/USDT,1789777800000,2026-09-19 00:30,0.7523759999999999,NORMAL,TREND,True,True,1.6891029322040754,72.71933305150307,3.3426145149138753,0.25963149078726966,0.755007266998291,-0.026798539168059708,🛑 STOP LOSS (%-2.5),KAPANDI,0.4606286111111111,-0.026798539168059708,🛑 STOP LOSS (%-2.5),KAPANDI,0.4606286111111111
ZAMA/USDT,1789777800000,2026-09-19 00:30,0.061900935,BALİNA,TREND,True,True,1.7066795375915507,63.24473462071921,3.7597762869755877,0.23124378109452737,0.7889034152030945,0.015604652477452633,DİNAMİK KISMİ KÂR + 📈 TREND TAKİPLİ ÇIKIŞ,KAPANDI,0.3405061111111111,0.0004969999989996956,🔒 KÂR KİLİDİ (+%1),KAPANDI,0.34353527777777776
INJ/USDT,1789777800000,2026-09-19 00:30,6.7683824999999995,NORMAL,TREND,True,True,0.9709144080977512,63.4085965487276,3.063763224198536,0.19207048458149778,0.5862879753112793,0.08590338525452282,DİNAMİK KISMİ KÂR + 📈 TREND TAKİPLİ ÇIKIŞ,KAPANDI,8.410850833333333,,,,
ZAMA/USDT,1789778700000,2026-09-19 00:45,0.063581775,NORMAL,TREND,True,True,1.8261461844460554,69.67628398513877,3.5242621238381613,0.2634194831013916,0.687282145023346,-0.028851104478511747,🛑 STOP LOSS (%-2.7),KAPANDI,0.307925,-0.028851104478511747,🛑 STOP LOSS (%-2.7),KAPANDI,0.307925
ZAMA/USDT,1789779600000,2026-09-19 01:00,0.062841405,BALİNA,TREND,True,True,1.995471873806293,64.34397359150178,3.9329157068787253,0.26837641357027464,0.8723230957984924,-0.02147000000097842,🛑 STOP LOSS (%-2.0),KAPANDI,0.05910055555555556,-0.02147000000097842,🛑 STOP LOSS (%-2.0),KAPANDI,0.05910055555555556
AR/USDT,1789785000000,2026-09-19 02:30,3.8379179999999997,NORMAL,TREND,True,True,2.1372193465545677,73.44441389536446,4.362064121913586,0.39744990892531873,0.9048447012901306,0.041049036031766725,DİNAMİK KISMİ KÂR + 📈 TREND TAKİPLİ ÇIKIŞ,KAPANDI,0.5258491666666667,0.04166298377682914,🚀 MOON BAG (%50 VURKAÇ) + 📈 TREND TAKİPLİ ÇIKIŞ,KAPANDI,0.5258491666666667
AR/USDT,1789785900000,2026-09-19 02:45,3.9689834999999998,NORMAL,TREND,True,True,2.216134327194191,78.78398976026784,3.4113675723645405,0.4557798165137614,0.9316442012786865,0.008484999998991754,🔒 KÂR KİLİDİ (+%1),KAPANDI,0.20942305555555554,0.0004969999989995361,🔒 KÂR KİLİDİ (+%1),KAPANDI,0.2755977777777778
AR/USDT,1789786800000,2026-09-19 03:00,4.0300139999999995,NORMAL,TREND,True,True,2.313917088327485,80.70522153004192,2.845841895090012,0.4754578754578753,0.8671008944511414,-0.036156693191388575,🛑 STOP LOSS (%-3.5),KAPANDI,0.1942463888888889,-0.036156693191388575,🛑 STOP LOSS (%-3.5),KAPANDI,0.1942463888888889
AR/USDT,1789787700000,2026-09-19 03:15,3.9849915,NORMAL,TREND,True,True,2.465239816840139,75.24850624368044,2.801351603462107,0.4415490408975753,0.9024163484573364,0.008484999998991445,🔒 KÂR KİLİDİ (+%1),KAPANDI,0.7273613888888889,0.000496999998999574,🔒 KÂR KİLİDİ (+%1),KAPANDI,0.8072138888888889
FIL/USDT,1789791300000,2026-09-19 04:15,0.9881938499999999,NORMAL,TREND,True,True,1.4540993802166104,68.54887136538112,2.548643269364638,0.14608957994894411,0.6960166096687317,-0.02646250000097351,🛑 STOP LOSS (%-2.5),KAPANDI,2.0105455555555554,-0.02646250000097351,🛑 STOP LOSS (%-2.5),KAPANDI,2.0105455555555554
AR/USDT,1789794000000,2026-09-19 05:00,4.152075,NORMAL,TREND,True,True,3.596629561403398,67.24846201718181,3.739547605012936,0.5257352941176472,0.8514530062675476,0.008484999998991646,🔒 KÂR KİLİDİ (+%1),KAPANDI,1.05807,0.033421161841112434,DİNAMİK KISMİ KÂR + 📈 TREND TAKİPLİ ÇIKIŞ,KAPANDI,1.0250283333333334
SAGA/USDT,1789796700000,2026-09-19 05:45,0.02645322,NORMAL,TREND,True,True,1.9118352010626127,67.02520714294623,4.160153440621151,0.21451538814882865,0.7095889449119568,-0.03013451172488497,🛑 STOP LOSS (%-2.9),KAPANDI,0.2591075,-0.03013451172488497,🛑 STOP LOSS (%-2.9),KAPANDI,0.2591075
INJ/USDT,1789797600000,2026-09-19 06:00,7.035515999999999,NORMAL,TREND,True,True,1.151917563148803,68.6455833106686,2.6298645551760647,0.1866351670604116,0.1549873799085617,0.045351825793631145,DİNAMİK KISMİ KÂR + 📈 TREND TAKİPLİ ÇIKIŞ,KAPANDI,1.709873888888889,,,,
INJ/USDT,1789800300000,2026-09-19 06:45,7.2966465,NORMAL,YATAY,True,True,1.3225005253868956,79.74004965182372,4.166718459812007,0.22263202011735128,0.8533197045326233,0.01683351763717334,DİNAMİK KISMİ KÂR + 📈 TREND TAKİPLİ ÇIKIŞ,KAPANDI,0.9601727777777778,0.034134127007689995,🚀 MOON BAG (%50 VURKAÇ) + 📈 TREND TAKİPLİ ÇIKIŞ,KAPANDI,0.9601727777777778
INJ/USDT,1789801200000,2026-09-19 07:00,7.4567265,NORMAL,YATAY,True,True,1.4019851723700116,83.6779674551144,3.036514322859348,0.24320266889074227,0.7857421040534973,0.008484999998991574,🔒 KÂR KİLİDİ (+%1),KAPANDI,0.7068352777777778,0.0004969999989994917,🔒 KÂR KİLİDİ (+%1),KAPANDI,0.7091097222222222
INJ/USDT,1789802100000,2026-09-19 07:15,7.549773,NORMAL,YATAY,True,True,1.4420037269163037,85.44939902082777,3.008436459122157,0.25182481751824826,0.7857421040534973,0.01099218611348694,DİNAMİK KISMİ KÂR + 📈 TREND TAKİPLİ ÇIKIŞ,KAPANDI,1.1933605555555555,0.000496999998999638,🔒 KÂR KİLİDİ (+%1),KAPANDI,1.5091894444444445
ZAMA/USDT,1789806600000,2026-09-19 08:30,0.07313655,NORMAL,YATAY,True,True,2.29746161698934,85.0076950872555,5.731032068934737,0.31759192501802436,0.8629759550094604,0.036625726059336484,DİNAMİK KISMİ KÂR + 📈 TREND TAKİPLİ ÇIKIŞ,KAPANDI,0.175845,0.036625726059336484,DİNAMİK KISMİ KÂR + 📈 TREND TAKİPLİ ÇIKIŞ,KAPANDI,0.175845
ZAMA/USDT,1789807500000,2026-09-19 08:45,0.077628795,NORMAL,TREND,True,True,2.6706202243144648,88.54585607475734,4.792143430923985,0.4043438914027151,0.8629759550094604,0.008484999998991738,🔒 KÂR KİLİDİ (+%1),KAPANDI,0.04233,0.0004969999989997445,🔒 KÂR KİLİDİ (+%1),KAPANDI,0.043930555555555556
ENA/USDT,1789807500000,2026-09-19 08:45,0.19219604999999998,NORMAL,TREND,True,True,1.853339601457508,74.77689269057743,3.4338322600203095,0.14481525625744918,0.7832680344581604,-0.029258393881800484,🛑 STOP LOSS (%-2.8),KAPANDI,0.6532025,-0.029258393881800484,🛑 STOP LOSS (%-2.8),KAPANDI,0.6532025
ZAMA/USDT,1789808400000,2026-09-19 09:00,0.07733865,NORMAL,TREND,True,True,2.8984841832974477,87.09982987891523,2.5622395795600883,0.3988418385812522,0.5693082809448242,-0.044912046856292534,🛑 STOP LOSS (%-4.3),KAPANDI,0.0252975,,,,
MORPHO/USDT,1789809300000,2026-09-19 09:15,2.787393,NORMAL,TREND,True,True,1.5203706421771015,66.21931085508167,2.6091629899070754,0.18050847457627128,0.8618990778923035,-0.02646250000097347,🛑 STOP LOSS (%-2.5),KAPANDI,2.3097844444444444,-0.02646250000097347,🛑 STOP LOSS (%-2.5),KAPANDI,2.3097844444444444
SAGA/USDT,1789810200000,2026-09-19 09:30,0.02715357,NORMAL,TREND,True,True,2.366992833369009,63.7013542157039,2.793377972818048,0.2541589648798521,0.9029092192649841,0.008484999998991754,🔒 KÂR KİLİDİ (+%1),KAPANDI,0.47512055555555555,0.0004969999989997298,🔒 KÂR KİLİDİ (+%1),KAPANDI,0.5928105555555555
XTZ/USDT,1789826400000,2026-09-19 14:00,0.3545772,NORMAL,YATAY,True,True,2.385663565814824,66.33722485246217,4.340404286224885,0.29154518950437325,0.8673878908157349,0.04675175202968282,DİNAMİK KISMİ KÂR + 📈 TREND TAKİPLİ ÇIKIŞ,KAPANDI,0.5429597222222222,0.04675175202968282,DİNAMİK KISMİ KÂR + 📈 TREND TAKİPLİ ÇIKIŞ,KAPANDI,0.5429597222222222
XTZ/USDT,1789827300000,2026-09-19 14:15,0.36228104999999994,NORMAL,YATAY,True,True,2.52518472018501,71.00600218504542,2.5997022933452745,0.30911062906724496,0.8091149926185608,0.0329545802726363,DİNAMİK KISMİ KÂR + 📈 TREND TAKİPLİ ÇIKIŞ,KAPANDI,0.29305166666666665,0.0329545802726363,DİNAMİK KISMİ KÂR + 📈 TREND TAKİPLİ ÇIKIŞ,KAPANDI,0.29305166666666665
XTZ/USDT,1789828200000,2026-09-19 14:30,0.3823911,NORMAL,YATAY,True,True,2.6401274869131157,79.13387869830991,2.9589213371340044,0.3913360029122679,0.9349957704544067,-0.041042509436200005,🛑 STOP LOSS (%-4.0),KAPANDI,0.05794694444444445,-0.041042509436200005,🛑 STOP LOSS (%-4.0),KAPANDI,0.05794694444444445
XTZ/USDT,1789829100000,2026-09-19 14:45,0.38719349999999997,NORMAL,TREND,True,True,2.912088729603195,80.50935006242172,3.9132093896732925,0.41034985422740533,0.8466047644615173,-0.04511580894858683,🛑 STOP LOSS (%-4.4),KAPANDI,0.077665,-0.04511580894858683,🛑 STOP LOSS (%-4.4),KAPANDI,0.077665
FIL/USDT,1789837200000,2026-09-19 17:00,1.07683815,NORMAL,TREND,True,True,1.5342907966969912,81.71739055595314,5.128839568197355,0.21547148503670255,0.7658712267875671,0.02184657162694253,DİNAMİK KISMİ KÂR + 📈 TREND TAKİPLİ ÇIKIŞ,KAPANDI,1.4918977777777778,0.02184657162694253,DİNAMİK KISMİ KÂR + 📈 TREND TAKİPLİ ÇIKIŞ,KAPANDI,1.4918977777777778
FIL/USDT,1789838100000,2026-09-19 17:15,1.066533,NORMAL,TREND,True,True,1.681718198242356,75.67672013803649,3.284765308857286,0.20018013960819636,0.8720289468765259,0.03995110060051226,🚀 MOON BAG (%50 VURKAÇ) + 📈 TREND TAKİPLİ ÇIKIŞ,KAPANDI,1.2418105555555556,0.03995110060051226,🚀 MOON BAG (%50 VURKAÇ) + 📈 TREND TAKİPLİ ÇIKIŞ,KAPANDI,1.2418105555555556
BANK/USDT,1789852500000,2026-09-19 21:15,0.040220099999999995,NORMAL,TREND,True,True,3.35829727070654,75.3050315954595,3.2008889128148277,0.34899328859060397,0.8915781378746033,-0.05179889737295538,🛑 STOP LOSS (%-5.0),KAPANDI,0.1595325,-0.05179889737295538,🛑 STOP LOSS (%-5.0),KAPANDI,0.1595325
AVAX/USDT,1789861500000,2026-09-19 23:45,10.136065499999999,NORMAL,TREND,True,True,1.3288004707222811,71.54546184234738,2.935233478036369,0.2360907759882871,0.35292136669158936,0.041769825715820205,DİNAMİK KISMİ KÂR + 📈 TREND TAKİPLİ ÇIKIŞ,KAPANDI,1.0755980555555555,,,,
AVAX/USDT,1789863300000,2026-09-20 00:15,10.402198499999999,NORMAL,TREND,True,True,1.4023613419084306,76.44054084084969,2.7114050760415602,0.26238465274405054,0.8903338313102722,0.015257918657613726,DİNAMİK KISMİ KÂR + 📈 TREND TAKİPLİ ÇIKIŞ,KAPANDI,0.5751694444444444,0.0004969999989996198,🔒 KÂR KİLİDİ (+%1),KAPANDI,0.6760302777777778
AVAX/USDT,1789865100000,2026-09-20 00:45,10.7643795,NORMAL,YATAY,True,True,1.5400198689841302,82.24953897521638,2.8610985764947063,0.29423794057500285,0.7721474766731262,-0.026462500000973485,🛑 STOP LOSS (%-2.5),KAPANDI,0.07584694444444444,-0.026462500000973485,🛑 STOP LOSS (%-2.5),KAPANDI,0.07584694444444444
ENA/USDT,1789870500000,2026-09-20 02:15,0.21440715,NORMAL,TREND,True,True,2.0004037970590733,69.36009158116073,3.02109857328789,0.22948938611589198,0.8829320073127747,-0.031461047871420796,🛑 STOP LOSS (%-3.0),KAPANDI,0.2857936111111111,-0.031461047871420796,🛑 STOP LOSS (%-3.0),KAPANDI,0.2857936111111111
ZAMA/USDT,1789887600000,2026-09-20 07:00,0.08713354499999999,NORMAL,TREND,True,True,3.2984363598557027,60.16578725373194,2.751790769364162,0.39433237271853994,0.30038148164749146,-0.05090233058068777,🛑 STOP LOSS (%-4.9),KAPANDI,0.47495444444444446,,,,
HBAR/USDT,1789888500000,2026-09-20 07:15,0.08214105000000001,BALİNA,TREND,True,True,0.7814550723532789,63.07169574117415,4.598604703109552,0.0400304028375984,0.16671253740787506,-0.02147000000097841,🛑 STOP LOSS (%-2.0),KAPANDI,3.2766469444444444,,,,
APT/USDT,1789892100000,2026-09-20 08:15,0.7413704999999999,NORMAL,TREND,True,True,0.9808590682519704,66.60944815655499,5.85777673843681,0.04073033707865181,0.29691001772880554,-0.026462500000973426,🛑 STOP LOSS (%-2.5),KAPANDI,1.8269905555555555,,,,
APT/USDT,1789893000000,2026-09-20 08:30,0.732366,NORMAL,TREND,True,True,1.058700289494127,56.96786373636031,2.6233701520518915,0.025210084033613578,0.10627672076225281,-0.007081589239280774,⏳ ZAMAN AŞIMI,KAPANDI,4.0,,,,
ENA/USDT,1789895700000,2026-09-20 09:15,0.20620305,NORMAL,TREND,True,True,1.6272989040355517,66.62720341106447,2.7456091593694607,0.08018867924528306,0.6366104483604431,-0.026462500000973617,🛑 STOP LOSS (%-2.5),KAPANDI,0.8753686111111111,,,,
AVAX/USDT,1789905600000,2026-09-20 12:00,10.417206,NORMAL,TREND,True,True,1.272464425597656,79.70917871837356,5.464760912470548,0.11704752708936828,0.9038577675819397,-0.026462500000973367,🛑 STOP LOSS (%-2.5),KAPANDI,0.47663194444444446,-0.026462500000973367,🛑 STOP LOSS (%-2.5),KAPANDI,0.47663194444444446
AVAX/USDT,1789906500000,2026-09-20 12:15,10.435215,NORMAL,YATAY,True,True,1.3631067023328098,80.06320939738757,2.7256407881708307,0.13221884498480252,0.8296048045158386,-0.026462500000973423,🛑 STOP LOSS (%-2.5),KAPANDI,0.22616416666666667,-0.026462500000973423,🛑 STOP LOSS (%-2.5),KAPANDI,0.22616416666666667
CAKE/USDT,1789910100000,2026-09-20 13:15,2.533266,NORMAL,YATAY,True,True,1.0775586414120404,70.67798332824786,4.899409287179606,0.044554455445544594,0.3321298062801361,-0.026462500000973603,🛑 STOP LOSS (%-2.5),KAPANDI,1.3274019444444445,,,,
STRK/USDT,1789911000000,2026-09-20 13:30,0.047913945,NORMAL,YATAY,True,True,1.878106580161392,67.12672146509992,2.7867667781511947,0.057174392935982477,0.6366104483604431,-0.029629341305337526,🛑 STOP LOSS (%-2.8),KAPANDI,0.8918516666666667,,,,
CAKE/USDT,1789911000000,2026-09-20 13:30,2.5072529999999995,NORMAL,YATAY,True,True,1.0993520834049202,62.05456022971153,2.576347768310672,0.03382838283828371,0.36504873633384705,-0.010156750617724891,💤 MOMENTUM ÖLDÜ (YATAY REJİM),KAPANDI,1.5277777777777777,,,,
HBAR/USDT,1789911900000,2026-09-20 13:45,0.084592275,NORMAL,YATAY,True,True,0.9620003076371552,73.13293350017516,4.382720818222959,0.045763760049474245,0.6138164401054382,0.02066111958080387,DİNAMİK KISMİ KÂR + 📈 TREND TAKİPLİ ÇIKIŞ,KAPANDI,0.7106744444444445,,,,
HBAR/USDT,1789912800000,2026-09-20 14:00,0.08624309999999999,NORMAL,YATAY,True,True,1.0858519522070404,78.63678985472346,4.615545110661965,0.06485484867201974,0.9525759816169739,0.0173326962393141,DİNAMİK KISMİ KÂR + 📈 TREND TAKİPLİ ÇIKIŞ,KAPANDI,1.37748,0.0173326962393141,DİNAMİK KISMİ KÂR + 📈 TREND TAKİPLİ ÇIKIŞ,KAPANDI,1.37748
HBAR/USDT,1789913700000,2026-09-20 14:15,0.087593775,NORMAL,YATAY,True,True,1.2268810533762624,81.9598147654844,3.9860698453701238,0.08073077397852124,0.7502904534339905,0.00848499999899153,🔒 KÂR KİLİDİ (+%1),KAPANDI,1.086051388888889,0.0004969999989995798,🔒 KÂR KİLİDİ (+%1),KAPANDI,1.1103308333333333
SAGA/USDT,1789917300000,2026-09-20 15:15,0.030905445,NORMAL,YATAY,True,True,3.3502338642271674,69.77889456316505,4.456705047391047,0.17721036585365857,0.8727133274078369,0.04157488693016394,DİNAMİK KISMİ KÂR + 📈 TREND TAKİPLİ ÇIKIŞ,KAPANDI,0.3586272222222222,0.04157488693016394,DİNAMİK KISMİ KÂR + 📈 TREND TAKİPLİ ÇIKIŞ,KAPANDI,0.3586272222222222
SAGA/USDT,1789919100000,2026-09-20 15:45,0.0330165,NORMAL,TREND,True,True,3.351720697549708,78.03903093271558,2.618115384530541,0.2941176470588236,0.9248450398445129,-0.05170039674849893,🛑 STOP LOSS (%-5.0),KAPANDI,0.30938055555555555,-0.05170039674849893,🛑 STOP LOSS (%-5.0),KAPANDI,0.30938055555555555
INJ/USDT,1789920000000,2026-09-20 16:00,7.973984999999999,NORMAL,TREND,True,True,1.2587901218612492,67.71709562563777,2.6463077734893528,0.07195696032279764,0.1535540521144867,0.008484999998991617,🔒 KÂR KİLİDİ (+%1),KAPANDI,0.6103097222222222,,,,
PROVE/USDT,1789920900000,2026-09-20 16:15,0.22491239999999998,BALİNA,TREND,True,True,0.9957376747465438,59.86316677941632,8.894775117839052,0.03594470046082954,0.10397754609584808,0.017404038732162157,DİNAMİK KISMİ KÂR + 📈 TREND TAKİPLİ ÇIKIŞ,KAPANDI,1.493098611111111,,,,
NEAR/USDT,1789921800000,2026-09-20 16:30,4.194096,NORMAL,TREND,True,True,1.985938237637884,87.163353093427,2.5278029578024537,0.1696428571428572,0.1899825483560562,-0.031244389955190237,🛑 STOP LOSS (%-3.0),KAPANDI,1.3431005555555555,,,,
INJ/USDT,1789921800000,2026-09-20 16:30,8.2091025,NORMAL,TREND,True,True,1.3483307287135673,78.5762576073596,2.725976263062246,0.0877634893278536,0.8439676761627197,-0.026462500000973565,🛑 STOP LOSS (%-2.5),KAPANDI,0.15380027777777777,-0.026462500000973565,🛑 STOP LOSS (%-2.5),KAPANDI,0.15380027777777777
ENA/USDT,1789921800000,2026-09-20 16:30,0.21650819999999998,NORMAL,TREND,True,True,1.7021547852509902,74.33342166851264,3.4784177896431854,0.06391347099311706,0.7832680344581604,0.01634510851855692,DİNAMİK KISMİ KÂR + 📈 TREND TAKİPLİ ÇIKIŞ,KAPANDI,0.9608427777777778,0.01634510851855692,DİNAMİK KISMİ KÂR + 📈 TREND TAKİPLİ ÇIKIŞ,KAPANDI,0.9608427777777778
SUI/USDT,1789922700000,2026-09-20 16:45,0.9075535499999999,NORMAL,TREND,True,True,1.2781376020865354,86.18863794762457,5.244978105542135,0.060563544954986614,0.7363765239715576,-0.02646250000097359,🛑 STOP LOSS (%-2.5),KAPANDI,0.7773544444444445,-0.02646250000097359,🛑 STOP LOSS (%-2.5),KAPANDI,0.7773544444444445
SUI/USDT,1789923600000,2026-09-20 17:00,0.9132563999999999,NORMAL,TREND,True,True,1.3531042636428199,86.9536599700338,3.7444295325425743,0.06486234251049927,0.6438170671463013,-0.026462500000973353,🛑 STOP LOSS (%-2.5),KAPANDI,0.34315416666666665,,,,
AR/USDT,1789924500000,2026-09-20 17:15,4.8614295,NORMAL,TREND,True,True,2.404011687323521,78.10459165914659,2.926569378589666,0.07929808973789432,0.9320597052574158,0.05494111531229804,🚀 MOON BAG (%50 VURKAÇ) + 📈 TREND TAKİPLİ ÇIKIŞ,KAPANDI,0.38655694444444444,0.05494111531229804,🚀 MOON BAG (%50 VURKAÇ) + 📈 TREND TAKİPLİ ÇIKIŞ,KAPANDI,0.38655694444444444
PROVE/USDT,1789924500000,2026-09-20 17:15,0.232116,NORMAL,TREND,True,True,1.1705965201186939,73.07484505009558,5.034965593579771,0.061299176578225145,0.4970681667327881,-0.026462500000973572,🛑 STOP LOSS (%-2.5),KAPANDI,0.9602719444444444,,,,
AR/USDT,1789926300000,2026-09-20 17:45,5.2376175,NORMAL,TREND,True,True,2.6345755732300926,85.17449545911042,3.6171517892822393,0.21096460791117266,0.8629759550094604,-0.04095935564901272,🛑 STOP LOSS (%-4.0),KAPANDI,0.15805083333333333,-0.04095935564901272,🛑 STOP LOSS (%-4.0),KAPANDI,0.15805083333333333
AR/USDT,1789927200000,2026-09-20 18:00,4.986492,NORMAL,TREND,True,True,3.1844665153755787,68.93355728418689,2.5380081201766354,0.15397082658022687,0.29374006390571594,-0.04919534723498845,🛑 STOP LOSS (%-4.8),KAPANDI,0.8230244444444444,,,,
CAKE/USDT,1789929000000,2026-09-20 18:30,2.5272629999999996,NORMAL,TREND,True,True,0.846870320226383,65.30511323701874,3.4103422558740424,0.05513784461152871,0.800689160823822,0.00848499999899185,🔒 KÂR KİLİDİ (+%1),KAPANDI,2.693741111111111,0.000496999998999502,🔒 KÂR KİLİDİ (+%1),KAPANDI,10.591723611111112
CAKE/USDT,1789934400000,2026-09-20 20:00,2.5422705,NORMAL,TREND,True,True,0.8347940499287526,65.73400019829006,3.1000886028060237,0.061847053907229554,0.23711858689785004,0.008484999998991582,🔒 KÂR KİLİDİ (+%1),KAPANDI,3.260339166666667,,,,
PUMP/USDT,1789935300000,2026-09-20 20:15,0.004340169,NORMAL,TREND,True,True,1.075541837770783,80.00927655924023,4.233104514069906,0.03978906999041221,0.9465348124504089,-0.026462500000973412,🛑 STOP LOSS (%-2.5),KAPANDI,0.6867841666666666,-0.026462500000973412,🛑 STOP LOSS (%-2.5),KAPANDI,0.6867841666666666
CAKE/USDT,1789938000000,2026-09-20 21:00,2.599299,NORMAL,TREND,True,True,0.8369648842456211,76.446834474502,5.108941484138895,0.0829512296790329,0.8747537136077881,-0.003379263710414456,⏳ ZAMAN AŞIMI,KAPANDI,4.0,-0.003379263710414456,⏳ ZAMAN AŞIMI,KAPANDI,4.0
ARB/USDT,1789943400000,2026-09-20 22:30,0.22461224999999999,NORMAL,TREND,True,True,1.478470929855529,72.29166572380434,3.6775021174337144,0.09565641776476341,0.7857953906059265,-0.02646250000097341,🛑 STOP LOSS (%-2.5),KAPANDI,0.40764388888888886,-0.02646250000097341,🛑 STOP LOSS (%-2.5),KAPANDI,0.40764388888888886
SUI/USDT,1789949700000,2026-09-21 00:15,0.9194595,NORMAL,TREND,True,True,1.2731350260243877,68.48476561185011,3.270959396879934,0.07084595665346072,0.18831759691238403,0.011285109323267149,DİNAMİK KISMİ KÂR + 📈 TREND TAKİPLİ ÇIKIŞ,KAPANDI,0.5776466666666666,,,,
SUI/USDT,1789950600000,2026-09-21 00:30,0.9440717999999999,NORMAL,TREND,True,True,1.3853448312213534,75.43891660859155,3.6180269819365694,0.09466357308584694,0.8809418082237244,-0.026462500000973468,🛑 STOP LOSS (%-2.5),KAPANDI,1.4417244444444444,-0.026462500000973468,🛑 STOP LOSS (%-2.5),KAPANDI,1.4417244444444444
HBAR/USDT,1789950600000,2026-09-21 00:30,0.08824409999999999,BALİNA,TREND,True,True,0.9745777060378942,64.55477203533924,3.9886314551110544,0.07626601586333148,0.5223358869552612,-0.021470000000978567,🛑 STOP LOSS (%-2.0),KAPANDI,0.1929863888888889,,,,
AVAX/USDT,1789965900000,2026-09-21 04:45,11.5387665,NORMAL,YATAY,True,True,1.4176081928810698,60.78761721797226,2.970329384751807,0.20273229742413168,0.16814713180065155,-0.026462500000973478,🛑 STOP LOSS (%-2.5),KAPANDI,1.3233775,,,,
SEI/USDT,1789965900000,2026-09-21 04:45,0.057488729999999995,NORMAL,YATAY,True,True,1.4278310798247738,78.1001998979229,2.9908908146357343,0.20008354218880542,0.8953395485877991,-0.02646250000097346,🛑 STOP LOSS (%-2.5),KAPANDI,0.40704416666666665,-0.02646250000097346,🛑 STOP LOSS (%-2.5),KAPANDI,0.40704416666666665
PROVE/USDT,1789965900000,2026-09-21 04:45,0.25222605,NORMAL,YATAY,True,True,2.1609781404369723,91.51217042123157,7.246570544442887,0.14747382794720054,0.8629759550094604,-0.033866050099360855,🛑 STOP LOSS (%-3.2),KAPANDI,0.4274225,-0.033866050099360855,🛑 STOP LOSS (%-3.2),KAPANDI,0.4274225
PUMP/USDT,1789965900000,2026-09-21 04:45,0.004503250499999999,NORMAL,YATAY,True,True,1.296556099068725,69.57115530860919,3.1769707780340566,0.13261197785606438,0.20571662485599518,-0.026462500000973443,🛑 STOP LOSS (%-2.5),KAPANDI,1.0922633333333334,,,,
SEI/USDT,1789966800000,2026-09-21 05:00,0.056988479999999994,NORMAL,YATAY,True,True,1.4716333987433197,71.31960126193127,2.748060716866134,0.18889584637862655,0.765245258808136,0.008031756548035932,💤 MOMENTUM ÖLDÜ (YATAY REJİM),KAPANDI,1.5,0.09391387148333238,🚀 MOON BAG (%50 VURKAÇ) + 📈 TREND TAKİPLİ ÇIKIŞ,KAPANDI,6.540998055555556
PUMP/USDT,1789966800000,2026-09-21 05:00,0.004502249999999999,NORMAL,YATAY,True,True,1.2899011487715282,69.4305418992532,2.501468400668183,0.1266900350525788,0.23432546854019165,-0.026462500000973315,🛑 STOP LOSS (%-2.5),KAPANDI,0.8425491666666667,,,,
AR/USDT,1789971300000,2026-09-21 06:15,4.945471499999999,NORMAL,YATAY,True,True,1.8499878549389535,63.412992418539076,3.49683764114011,0.14341892204487605,0.7889034152030945,0.017467410362970223,DİNAMİK KISMİ KÂR + 📈 TREND TAKİPLİ ÇIKIŞ,KAPANDI,1.2916197222222223,0.021094383020698163,DİNAMİK KISMİ KÂR + 📈 TREND TAKİPLİ ÇIKIŞ,KAPANDI,1.2916197222222223
SUI/USDT,1789972200000,2026-09-21 06:30,0.9715855499999999,NORMAL,YATAY,True,True,1.5118325222695133,69.53245068286387,3.092078067451878,0.17751909785376507,0.6890146136283875,-0.026462500000973534,🛑 STOP LOSS (%-2.5),KAPANDI,0.84302,-0.026462500000973534,🛑 STOP LOSS (%-2.5),KAPANDI,0.84302
AR/USDT,1789972200000,2026-09-21 06:30,4.9514745,BALİNA,YATAY,True,True,1.968456195462082,63.75731191550013,3.7367215079821503,0.15711947626841227,0.9075020551681519,0.01982920544985058,DİNAMİK KISMİ KÂR + 📈 TREND TAKİPLİ ÇIKIŞ,KAPANDI,1.0416447222222223,0.01982920544985058,DİNAMİK KISMİ KÂR + 📈 TREND TAKİPLİ ÇIKIŞ,KAPANDI,1.0416447222222223
AR/USDT,1789974900000,2026-09-21 07:15,5.057527499999999,NORMAL,YATAY,True,True,2.047622144488807,69.3412808898655,2.6919334941071953,0.18550656660412734,0.8804283142089844,-0.03216826067004873,🛑 STOP LOSS (%-3.1),KAPANDI,0.42757555555555554,-0.03216826067004873,🛑 STOP LOSS (%-3.1),KAPANDI,0.42757555555555554
RENDER/USDT,1789977600000,2026-09-21 08:00,1.7638814999999999,BALİNA,YATAY,True,True,1.1385847604428991,63.23693253077433,3.67512991947595,0.1560655737704919,0.5491238832473755,0.008484999998991579,🔒 KÂR KİLİDİ (+%1),KAPANDI,1.8249194444444445,,,,
TAO/USDT,1789979400000,2026-09-21 08:30,278.139,NORMAL,YATAY,True,True,1.1053308123393957,73.40600628620031,3.1450408720154805,0.10186286167261183,0.7195754051208496,0.014283282097941746,DİNAMİK KISMİ KÂR + 📈 TREND TAKİPLİ ÇIKIŞ,KAPANDI,5.609621111111111,0.02101229775821036,DİNAMİK KISMİ KÂR + 📈 TREND TAKİPLİ ÇIKIŞ,KAPANDI,8.7738325
RENDER/USDT,1789980300000,2026-09-21 08:45,1.7868929999999998,NORMAL,TREND,True,True,1.1672028709795013,69.12317062283495,3.5792631180747208,0.1788778877887789,0.2229977250099182,-0.00020433924562464445,⏳ ZAMAN AŞIMI,KAPANDI,8.0,,,,
FET/USDT,1789980300000,2026-09-21 08:45,0.18699345,NORMAL,TREND,True,True,1.201951193471198,65.46493762431629,2.695200393827721,0.11648745519713266,0.5581023097038269,0.011543880441966761,DİNAMİK KISMİ KÂR + 📈 TREND TAKİPLİ ÇIKIŞ,KAPANDI,1.0757722222222221,,,,
FET/USDT,1789981200000,2026-09-21 09:00,0.1910955,NORMAL,TREND,True,True,1.3277395526834332,72.13695215664495,4.121344614214159,0.13961813842482096,0.4328267276287079,-0.026462500000973478,🛑 STOP LOSS (%-2.5),KAPANDI,0.9588005555555555,,,,
ZAMA/USDT,1789983900000,2026-09-21 09:45,0.104382165,NORMAL,TREND,True,True,3.088156310651623,71.5486461093657,2.963450732854636,0.2532132132132132,0.9085597991943359,-0.04775286114373678,🛑 STOP LOSS (%-4.6),KAPANDI,0.12721222222222223,-0.04775286114373678,🛑 STOP LOSS (%-4.6),KAPANDI,0.12721222222222223
SEI/USDT,1789987500000,2026-09-21 10:45,0.061280625,NORMAL,TREND,True,True,1.5225620275196072,77.12792771210097,4.465096665677928,0.2949260042283297,0.8762226700782776,0.023788277896193234,DİNAMİK KISMİ KÂR + 📈 TREND TAKİPLİ ÇIKIŞ,KAPANDI,0.40894444444444444,0.023788277896193234,DİNAMİK KISMİ KÂR + 📈 TREND TAKİPLİ ÇIKIŞ,KAPANDI,0.40894444444444444
SEI/USDT,1789988400000,2026-09-21 11:00,0.06333164999999999,NORMAL,TREND,True,True,1.704246066671844,82.1590744225686,3.3497944479367776,0.34024984120262536,0.7658712267875671,-0.027025345464550356,🛑 STOP LOSS (%-2.6),KAPANDI,0.48716444444444446,-0.027025345464550356,🛑 STOP LOSS (%-2.6),KAPANDI,0.48716444444444446
SEI/USDT,1789989300000,2026-09-21 11:15,0.063721845,NORMAL,TREND,True,True,1.8531864990421836,82.93089790047,3.3423436027949287,0.3470812182741114,0.7516371011734009,-0.029256100790375047,🛑 STOP LOSS (%-2.8),KAPANDI,0.19292944444444443,-0.029256100790375047,🛑 STOP LOSS (%-2.8),KAPANDI,0.19292944444444443
PROVE/USDT,1789996500000,2026-09-21 13:15,0.2777388,NORMAL,TREND,True,True,2.4247181279891428,82.04278083354122,4.702006061086358,0.24094769780956637,0.8629759550094604,0.008484999998991683,🔒 KÂR KİLİDİ (+%1),KAPANDI,0.24364555555555556,0.0004969999989997565,🔒 KÂR KİLİDİ (+%1),KAPANDI,0.2545616666666667
PROVE/USDT,1789998300000,2026-09-21 13:45,0.29154569999999996,NORMAL,TREND,True,True,2.740207904459319,86.22907005669418,2.9890468160349792,0.30555555555555536,0.8692218661308289,-0.04254146388999682,🛑 STOP LOSS (%-4.1),KAPANDI,0.25763416666666666,-0.04254146388999682,🛑 STOP LOSS (%-4.1),KAPANDI,0.25763416666666666
FET/USDT,1789999200000,2026-09-21 14:00,0.20710349999999997,NORMAL,TREND,True,True,1.613840020413402,77.53431336598464,3.4316012270959777,0.21265377855887513,0.8762226700782776,-0.026462500000973426,🛑 STOP LOSS (%-2.5),KAPANDI,0.09435611111111111,-0.026462500000973426,🛑 STOP LOSS (%-2.5),KAPANDI,0.09435611111111111
PEPE/USDT,1790002800000,2026-09-21 15:00,4.812404999999999e-06,NORMAL,TREND,True,True,1.7169693488108335,87.79152641339242,4.039683923676562,0.23333333333333317,0.7658712267875671,0.008484999998991704,🔒 KÂR KİLİDİ (+%1),KAPANDI,0.07591388888888889,0.0004969999989995046,🔒 KÂR KİLİDİ (+%1),KAPANDI,0.07769972222222223
PEPE/USDT,1790003700000,2026-09-21 15:15,4.82241e-06,NORMAL,TREND,True,True,1.991053903223541,87.96301265866205,4.251637376469087,0.22335025380710638,0.8629759550094604,0.03036686654245129,DİNAMİK KISMİ KÂR + 📈 TREND TAKİPLİ ÇIKIŞ,KAPANDI,0.8753688888888889,0.03036686654245129,DİNAMİK KISMİ KÂR + 📈 TREND TAKİPLİ ÇIKIŞ,KAPANDI,0.8753688888888889
SAGA/USDT,1790006400000,2026-09-21 16:00,0.038489235,NORMAL,TREND,True,True,3.2835574088011312,67.6432403269926,5.265974686559765,0.1778934476423759,0.8514530062675476,0.008484999998991646,🔒 KÂR KİLİDİ (+%1),KAPANDI,0.023145,0.0004969999989995225,🔒 KÂR KİLİDİ (+%1),KAPANDI,0.0236375
PENGU/USDT,1790007300000,2026-09-21 16:15,0.0089494725,NORMAL,TREND,True,True,1.476977737077911,74.77297334655496,2.929012450294594,0.1534493874919407,0.8064081072807312,-0.026462500000973523,🛑 STOP LOSS (%-2.5),KAPANDI,0.254835,-0.026462500000973523,🛑 STOP LOSS (%-2.5),KAPANDI,0.254835
FORM/USDT,1790010000000,2026-09-21 17:00,0.4032015,NORMAL,TREND,True,True,3.6014251789102225,92.13139302932515,2.967446001815019,0.56444099378882,0.8534700870513916,0.02921608259786411,🚀 MOON BAG (%50 VURKAÇ) + 🛡️ GÜVENLİ ÇIKIŞ,KAPANDI,0.04160916666666667,0.03518587340608048,🚀 MOON BAG (%50 VURKAÇ) + 📈 TREND TAKİPLİ ÇIKIŞ,KAPANDI,0.04049083333333333
PHA/USDT,1790019000000,2026-09-21 19:30,0.054927449999999996,NORMAL,TREND,True,True,3.7437466754389677,61.121409144078505,3.375196482126885,0.4837837837837837,0.27889785170555115,-0.056417500000943574,🛑 STOP LOSS (%-5.5),KAPANDI,0.3109961111111111,,,,
TAO/USDT,1790020800000,2026-09-21 20:00,306.45315,NORMAL,TREND,True,True,1.5058417210137682,74.07467425280288,4.534724080025309,0.15715904797884406,0.7832680344581604,0.025893704496457205,DİNAMİK KISMİ KÂR + 📈 TREND TAKİPLİ ÇIKIŞ,KAPANDI,4.959555555555555,0.025893704496457205,DİNAMİK KISMİ KÂR + 📈 TREND TAKİPLİ ÇIKIŞ,KAPANDI,4.959555555555555
TAO/USDT,1790021700000,2026-09-21 20:15,310.3551,NORMAL,TREND,True,True,1.599486272696949,76.3580153893246,4.020468599767384,0.1705660377358491,0.8762226700782776,-0.02646250000097356,🛑 STOP LOSS (%-2.5),KAPANDI,0.8091611111111111,-0.02646250000097356,🛑 STOP LOSS (%-2.5),KAPANDI,0.8091611111111111
TAO/USDT,1790022600000,2026-09-21 20:30,313.1565,NORMAL,TREND,True,True,1.6020340677908937,77.86787910081668,2.6372061744042288,0.18202416918428987,0.8772493004798889,-0.026462500000973745,🛑 STOP LOSS (%-2.5),KAPANDI,0.175475,-0.026462500000973745,🛑 STOP LOSS (%-2.5),KAPANDI,0.175475
SUI/USDT,1790037900000,2026-09-22 00:45,1.07243595,NORMAL,TREND,True,True,1.0847543924278038,73.97934875116039,3.870770700860053,0.1442143467122119,0.742168664932251,-0.026462500000973194,🛑 STOP LOSS (%-2.5),KAPANDI,0.2595355555555556,-0.026462500000973194,🛑 STOP LOSS (%-2.5),KAPANDI,0.2595355555555556
PHA/USDT,1790045100000,2026-09-22 02:45,0.05372684999999999,BALİNA,TREND,True,True,3.078280644879392,64.27743765877521,4.331707365913833,0.40944881889763773,0.8576020002365112,-0.0214700000009785,🛑 STOP LOSS (%-2.0),KAPANDI,0.18450777777777777,-0.0214700000009785,🛑 STOP LOSS (%-2.0),KAPANDI,0.18450777777777777
MUBARAK/USDT,1790050500000,2026-09-22 04:15,0.048294134999999995,NORMAL,TREND,True,True,1.9645891340193722,78.55500993571984,3.206634696148921,0.42810650887573987,0.9349957704544067,0.06710682325524045,🚀 MOON BAG (%50 VURKAÇ) + 📈 TREND TAKİPLİ ÇIKIŞ,KAPANDI,0.5600602777777778,0.06710682325524045,🚀 MOON BAG (%50 VURKAÇ) + 📈 TREND TAKİPLİ ÇIKIŞ,KAPANDI,0.5600602777777778
DOGE/USDT,1790050500000,2026-09-22 04:15,0.10483239,NORMAL,TREND,True,True,1.4256484504317681,73.30930079296365,3.9389362957062657,0.1890603722197004,0.7857953906059265,-0.026462500000973565,🛑 STOP LOSS (%-2.5),KAPANDI,0.3598791666666667,-0.026462500000973565,🛑 STOP LOSS (%-2.5),KAPANDI,0.3598791666666667
PENGU/USDT,1790050500000,2026-09-22 04:15,0.009006500999999998,NORMAL,TREND,True,True,1.3366875761745258,62.818161914184074,2.660814713780703,0.12468765617191391,0.3507694900035858,-0.026462500000973443,🛑 STOP LOSS (%-2.5),KAPANDI,0.6911336111111112,,,,
MUBARAK/USDT,1790051400000,2026-09-22 04:30,0.05064531,NORMAL,TREND,True,True,2.222124660797923,85.21882128350651,3.909490289180032,0.4945379391792146,0.8629759550094604,0.00848499999899155,🔒 KÂR KİLİDİ (+%1),KAPANDI,0.09314055555555556,0.05012674041308822,🚀 MOON BAG (%50 VURKAÇ) + 📈 TREND TAKİPLİ ÇIKIŞ,KAPANDI,0.30809805555555553
MUBARAK/USDT,1790052300000,2026-09-22 04:45,0.053476724999999996,NORMAL,TREND,True,True,2.4379407258655537,89.5242661599089,4.6550782673066236,0.5706729356450191,0.8629759550094604,0.008484999998991587,🔒 KÂR KİLİDİ (+%1),KAPANDI,0.16045083333333332,0.017890538323788424,DİNAMİK KISMİ KÂR + 📈 TREND TAKİPLİ ÇIKIŞ,KAPANDI,0.2419997222222222
MUBARAK/USDT,1790053200000,2026-09-22 05:00,0.054407189999999994,NORMAL,TREND,True,True,2.7359901147372048,90.49610506899243,3.535781109676583,0.6079243051448844,0.8629759550094604,0.008484999998991716,🔒 KÂR KİLİDİ (+%1),KAPANDI,0.09430027777777777,0.000496999998999543,🔒 KÂR KİLİDİ (+%1),KAPANDI,0.11072611111111111
SAGA/USDT,1790055900000,2026-09-22 05:45,0.04190094,NORMAL,TREND,True,True,2.4089815970694444,67.91128414417896,3.2578812528713788,0.19044911881750992,0.8465213179588318,0.04393665112776106,DİNAMİK KISMİ KÂR + 📈 TREND TAKİPLİ ÇIKIŞ,KAPANDI,0.6753913888888889,0.04393665112776106,DİNAMİK KISMİ KÂR + 📈 TREND TAKİPLİ ÇIKIŞ,KAPANDI,0.6753913888888889
SAGA/USDT,1790058600000,2026-09-22 06:30,0.043351665,NORMAL,TREND,True,True,2.656497209474807,73.49886288606574,4.023685942046519,0.2365867579908676,0.9080861806869507,-0.04128768695586762,🛑 STOP LOSS (%-4.0),KAPANDI,0.24387555555555557,-0.04128768695586762,🛑 STOP LOSS (%-4.0),KAPANDI,0.24387555555555557
MARSCOIN/USDT,1790064000000,2026-09-22 08:00,0.10935464999999998,NORMAL,TREND,True,True,2.119351194760428,71.94349583592819,3.382203164865008,0.10404040404040393,0.9135375618934631,0.021837512368227705,DİNAMİK KISMİ KÂR + 📈 TREND TAKİPLİ ÇIKIŞ,KAPANDI,0.04421222222222222,0.021837512368227705,DİNAMİK KISMİ KÂR + 📈 TREND TAKİPLİ ÇIKIŞ,KAPANDI,0.04421222222222222
MARSCOIN/USDT,1790064900000,2026-09-22 08:15,0.11565779999999999,NORMAL,TREND,True,True,2.3118019299892776,79.1811552788779,3.5293282238161114,0.14229249011857714,0.9316442012786865,0.008484999998991575,🔒 KÂR KİLİDİ (+%1),KAPANDI,0.8275097222222222,0.019205421914786955,DİNAMİK KISMİ KÂR + 📈 TREND TAKİPLİ ÇIKIŞ,KAPANDI,0.6762808333333333
HBAR/USDT,1790064900000,2026-09-22 08:15,0.09585790500000001,NORMAL,TREND,True,True,0.9342743470948248,68.38609668470386,4.268523486542819,0.10126436781609205,0.29691001772880554,-0.02646250000097338,🛑 STOP LOSS (%-2.5),KAPANDI,2.144254166666667,,,,
FET/USDT,1790066700000,2026-09-22 08:45,0.20930459999999998,NORMAL,TREND,True,True,1.2177810458830174,69.5825127276815,3.040439667599325,0.11931514178705172,0.21789103746414185,-0.026462500000973457,🛑 STOP LOSS (%-2.5),KAPANDI,1.6769575,,,,
FET/USDT,1790067600000,2026-09-22 09:00,0.21180585,NORMAL,TREND,True,True,1.2255041050457256,73.23209448656851,3.6913183025795955,0.1083769633507854,0.4970681667327881,-0.026462500000973607,🛑 STOP LOSS (%-2.5),KAPANDI,1.4078408333333334,,,,
FORM/USDT,1790074800000,2026-09-22 11:00,0.3327663,BALİNA,TREND,True,True,2.5539770800927544,63.20012166198724,4.933309866102509,0.24803001876172615,0.9123402237892151,-0.021470000000978554,🛑 STOP LOSS (%-2.0),KAPANDI,0.10829861111111111,-0.021470000000978554,🛑 STOP LOSS (%-2.0),KAPANDI,0.10829861111111111
FORM/USDT,1790075700000,2026-09-22 11:15,0.32506245,NORMAL,TREND,True,True,2.7377863127640336,55.15169773245812,2.897585531158633,0.21594311377245523,0.3242543339729309,0.0003800101272143217,💤 MOMENTUM ÖLDÜ (YATAY REJİM),KAPANDI,1.5,,,,
BCH/USDT,1790081100000,2026-09-22 12:45,297.04844999999995,NORMAL,YATAY,True,True,1.5104695482933184,84.97507665240488,11.010361012454904,0.0971914264597189,0.7658712267875671,0.05082910082914972,🚀 MOON BAG (%50 VURKAÇ) + 📈 TREND TAKİPLİ ÇIKIŞ,KAPANDI,0.5531077777777778,0.05082910082914972,🚀 MOON BAG (%50 VURKAÇ) + 📈 TREND TAKİPLİ ÇIKIŞ,KAPANDI,0.5531077777777778
BCH/USDT,1790082000000,2026-09-22 13:00,309.55469999999997,NORMAL,YATAY,True,True,1.7637681946490549,88.73359883100586,4.2220634256842065,0.14465408805031443,0.7658712267875671,0.014233141999989117,DİNAMİK KISMİ KÂR + 📈 TREND TAKİPLİ ÇIKIŞ,KAPANDI,0.30333777777777776,0.02504724397798876,DİNAMİK KISMİ KÂR + 📈 TREND TAKİPLİ ÇIKIŞ,KAPANDI,0.4408772222222222
BCH/USDT,1790082900000,2026-09-22 13:15,318.7593,NORMAL,YATAY,True,True,1.9334606525548574,90.59159762482274,3.67344926685949,0.1817507418397626,0.8629759550094604,-0.03045840692460976,🛑 STOP LOSS (%-2.9),KAPANDI,0.20945111111111112,-0.03045840692460976,🛑 STOP LOSS (%-2.9),KAPANDI,0.20945111111111112
ZRO/USDT,1790094600000,2026-09-22 16:30,1.376688,NORMAL,YATAY,True,True,1.9485241376911273,84.03098504536416,5.897593777845427,0.15339480301760244,0.8629759550094604,0.008484999998991504,🔒 KÂR KİLİDİ (+%1),KAPANDI,0.2757175,0.0004969999989994748,🔒 KÂR KİLİDİ (+%1),KAPANDI,0.2775752777777778
ZRO/USDT,1790095500000,2026-09-22 16:45,1.4067029999999998,NORMAL,YATAY,True,True,2.0552500042478368,86.11793008077994,2.5996106189935637,0.18649789029535846,0.75801020860672,-0.03228250693958967,🛑 STOP LOSS (%-3.1),KAPANDI,0.06086444444444444,-0.03228250693958967,🛑 STOP LOSS (%-3.1),KAPANDI,0.06086444444444444
DASH/USDT,1790097300000,2026-09-22 17:15,64.09203,NORMAL,YATAY,True,True,1.4242483518749611,76.03471155457385,4.407799793884301,0.08063427800269918,0.8940011858940125,-0.009220946984971556,💤 MOMENTUM ÖLDÜ (YATAY REJİM),KAPANDI,2.077777777777778,-0.026462500000973364,🛑 STOP LOSS (%-2.5),KAPANDI,2.4927313888888887
PENGU/USDT,1790098200000,2026-09-22 17:30,0.0094036995,NORMAL,YATAY,True,True,1.5575998372362636,63.53983681413763,2.5754878661057794,0.08746962860118002,0.7382586598396301,0.042238068478685636,DİNAMİK KISMİ KÂR + 📈 TREND TAKİPLİ ÇIKIŞ,KAPANDI,4.242538055555555,0.07163862712258445,DİNAMİK KISMİ KÂR + 📈 TREND TAKİPLİ ÇIKIŞ,KAPANDI,4.242538055555555
MARSCOIN/USDT,1790100900000,2026-09-22 18:15,0.13966979999999998,NORMAL,YATAY,True,True,3.097164824744275,73.66183288898573,2.7340702285167824,0.39739739739739743,0.8997457027435303,-0.04788778616355939,🛑 STOP LOSS (%-4.6),KAPANDI,0.21009,-0.04788778616355939,🛑 STOP LOSS (%-4.6),KAPANDI,0.21009
PENGU/USDT,1790108100000,2026-09-22 20:15,0.010195095,NORMAL,YATAY,True,True,1.6637785399494842,79.13190378849195,2.816958185405946,0.14571621317742278,0.8800042271614075,0.008484999998991558,🔒 KÂR KİLİDİ (+%1),KAPANDI,0.6440744444444444,0.0004969999989996051,🔒 KÂR KİLİDİ (+%1),KAPANDI,0.6610436111111111
UNI/USDT,1790116200000,2026-09-22 22:30,9.76488,NORMAL,YATAY,True,True,1.533591272646666,71.159121899304,6.609744090661578,0.10344827586206895,0.7657328248023987,0.024871839533743202,DİNAMİK KISMİ KÂR + 📈 TREND TAKİPLİ ÇIKIŞ,KAPANDI,0.7585883333333333,0.024871839533743202,DİNAMİK KISMİ KÂR + 📈 TREND TAKİPLİ ÇIKIŞ,KAPANDI,0.7585883333333333
UNI/USDT,1790117100000,2026-09-22 22:45,10.073034,NORMAL,YATAY,True,True,1.6756004761469787,77.65992535096888,3.666943440338695,0.12844653665097505,0.8762226700782776,0.008484999998991516,🔒 KÂR KİLİDİ (+%1),KAPANDI,0.19406916666666665,0.0004969999989995561,🔒 KÂR KİLİDİ (+%1),KAPANDI,0.20949527777777777
UNI/USDT,1790118000000,2026-09-22 23:00,10.186090499999999,NORMAL,YATAY,True,True,1.7793397202878813,79.49288750103892,3.8160979933599077,0.13273253226524262,0.8762226700782776,0.008484999998991584,🔒 KÂR KİLİDİ (+%1),KAPANDI,1.6429566666666666,0.03918465578997147,DİNAMİK KISMİ KÂR + 📈 TREND TAKİPLİ ÇIKIŞ,KAPANDI,2.5270916666666667
ZEC/USDT,1790118900000,2026-09-22 23:15,1627.243215,NORMAL,YATAY,True,True,1.1237831106968605,80.29064190063738,7.347241140224311,0.10660316380336798,0.9100123047828674,-0.009474934122086491,💤 MOMENTUM ÖLDÜ (YATAY REJİM),KAPANDI,1.511111111111111,-0.026462500000973582,🛑 STOP LOSS (%-2.5),KAPANDI,2.460645
ARB/USDT,1790122500000,2026-09-23 00:15,0.24422205,NORMAL,YATAY,True,True,1.3978010991456915,87.1991439713354,2.6202498429496486,0.08344429649356422,0.6245671510696411,-0.026462500000973506,🛑 STOP LOSS (%-2.5),KAPANDI,0.12693027777777777,,,,
NIL/USDT,1790127900000,2026-09-23 01:45,0.09038517,NORMAL,YATAY,True,True,2.4785167302992206,76.95900830703647,3.126253565227548,0.27257360191576296,0.9349957704544067,0.00848499999899161,🔒 KÂR KİLİDİ (+%1),KAPANDI,0.6551630555555555,0.0004969999989996676,🔒 KÂR KİLİDİ (+%1),KAPANDI,0.6750575
NIL/USDT,1790132400000,2026-09-23 03:00,0.10150072499999999,NORMAL,YATAY,True,True,2.9780840321254045,85.0691025422975,2.7083985742446477,0.4147259796402176,0.8468044400215149,0.008484999998991547,🔒 KÂR KİLİDİ (+%1),KAPANDI,0.0592575,0.0004969999989994748,🔒 KÂR KİLİDİ (+%1),KAPANDI,0.060678888888888886
NIL/USDT,1790133300000,2026-09-23 03:15,0.10682338499999999,NORMAL,YATAY,True,True,3.174480117802981,87.97485982888942,2.9371788629012934,0.5248500428449014,0.8534700870513916,-0.049045775965344963,🛑 STOP LOSS (%-4.8),KAPANDI,0.509035,-0.049045775965344963,🛑 STOP LOSS (%-4.8),KAPANDI,0.509035
PENGU/USDT,1790135100000,2026-09-23 03:45,0.010404199499999999,NORMAL,TREND,True,True,1.3422128960007869,68.22082876111882,2.5749299412941062,0.17955989110707815,0.1836252510547638,0.008484999998991632,🔒 KÂR KİLİDİ (+%1),KAPANDI,0.9110766666666666,,,,
PENGU/USDT,1790137800000,2026-09-23 04:30,0.010531263,NORMAL,TREND,True,True,1.483719730247731,69.42988705952538,3.5438165117353284,0.17333630587448456,0.687282145023346,0.008484999998991358,🔒 KÂR KİLİDİ (+%1),KAPANDI,0.5103011111111111,0.0004969999989994922,🔒 KÂR KİLİDİ (+%1),KAPANDI,1.4027894444444444
ZRO/USDT,1790144100000,2026-09-23 06:15,1.4597295,NORMAL,TREND,True,True,1.3037869526202541,69.41072880492835,3.0680877837346543,0.2459436379163109,0.20571662485599518,-0.026462500000973395,🛑 STOP LOSS (%-2.5),KAPANDI,0.3096627777777778,,,,
BONK/USDT,1790145900000,2026-09-23 06:45,4.06203e-06,NORMAL,TREND,True,True,1.8707441029414957,78.23464985893189,3.2233832579161854,0.1404494382022472,0.88194739818573,0.008484999998991863,🔒 KÂR KİLİDİ (+%1),KAPANDI,0.761015,0.0004969999989994838,🔒 KÂR KİLİDİ (+%1),KAPANDI,0.8096586111111111
BONK/USDT,1790146800000,2026-09-23 07:00,4.0820399999999995e-06,NORMAL,TREND,True,True,1.9211973505078683,78.93537000724199,2.9493059134638417,0.14929577464788735,0.8751301169395447,0.008484999998991417,🔒 KÂR KİLİDİ (+%1),KAPANDI,0.508765,0.0004969999989997165,🔒 KÂR KİLİDİ (+%1),KAPANDI,0.5580641666666667
TIA/USDT,1790152200000,2026-09-23 08:30,0.5334666,NORMAL,TREND,True,True,1.4587037925604434,71.41556964870193,3.152565828482796,0.19390953873712502,0.7745146751403809,-0.026462500000973613,🛑 STOP LOSS (%-2.5),KAPANDI,0.32728944444444447,-0.026462500000973613,🛑 STOP LOSS (%-2.5),KAPANDI,0.32728944444444447
ZRO/USDT,1790161200000,2026-09-23 11:00,1.4977485,NORMAL,TREND,True,True,1.5376274885527095,69.28747415197557,3.4897015680836647,0.2762148337595909,0.687282145023346,-0.026462500000973475,🛑 STOP LOSS (%-2.5),KAPANDI,0.5716019444444445,-0.026462500000973475,🛑 STOP LOSS (%-2.5),KAPANDI,0.5716019444444445
SOXLB/USDT,1790170200000,2026-09-23 13:30,149.76484499999998,BALİNA,TREND,True,True,0.7235677138826241,58.25088087207067,7.109997872316125,0.08833793805438428,0.04364261403679848,-0.021470000000978304,🛑 STOP LOSS (%-2.0),KAPANDI,0.12537916666666668,,,,
SNDKB/USDT,1790170200000,2026-09-23 13:30,1896.097575,NORMAL,TREND,True,True,0.3840523639041739,66.41648903982046,3.7957074372801287,0.07806384818421774,0.18739968538284302,-0.026462500000973548,🛑 STOP LOSS (%-2.5),KAPANDI,0.1719013888888889,,,,
DASH/USDT,1790171100000,2026-09-23 13:45,65.07252,NORMAL,TREND,True,True,1.1986967721740314,70.2767957147578,3.0532189028588657,0.09513386091934684,0.21644482016563416,-0.026462500000973548,🛑 STOP LOSS (%-2.5),KAPANDI,0.4245877777777778,,,,
LTC/USDT,1790260200000,2026-09-24 14:30,73.986975,NORMAL,TREND,False,True,1.6546452684822501,78.65441708535671,3.1149022241303155,0.2310637589478941,0.88194739818573,,,,,-0.026462500000973464,🛑 STOP LOSS (%-2.5),KAPANDI,0.3096716666666667
ETC/USDT,1790260200000,2026-09-24 14:30,10.355175,NORMAL,TREND,False,True,1.8508750550833557,77.6993418252823,4.279352185975292,0.1734693877551019,0.8762226700782776,,,,,-0.029221481138481595,🛑 STOP LOSS (%-2.8),KAPANDI,0.21040333333333333
ENA/USDT,1790260200000,2026-09-24 14:30,0.2253126,NORMAL,TREND,False,True,1.4341990783713925,82.71908950521065,3.405563655443875,0.11706349206349209,0.7765344381332397,,,,,-0.026462500000973405,🛑 STOP LOSS (%-2.5),KAPANDI,0.3074366666666667
SUI/USDT,1790334000000,2026-09-25 11:00,1.0719356999999998,NORMAL,TREND,False,True,0.9672079744930367,76.41377387615336,2.5544989824503026,0.1318402704415802,0.9062800407409668,,,,,0.05072013867845057,🚀 MOON BAG (%50 VURKAÇ) + 📈 TREND TAKİPLİ ÇIKIŞ,KAPANDI,1.2378977777777778
ENA/USDT,1790334900000,2026-09-25 11:15,0.23911949999999998,NORMAL,TREND,True,True,1.3124526054310277,79.12119173449817,4.663847697802355,0.16756228627259406,0.914284348487854,0.01771511016930226,DİNAMİK KISMİ KÂR + 📈 TREND TAKİPLİ ÇIKIŞ,KAPANDI,2.2775072222222223,0.01771511016930226,DİNAMİK KISMİ KÂR + 📈 TREND TAKİPLİ ÇIKIŞ,KAPANDI,2.2775072222222223
SUI/USDT,1790334900000,2026-09-25 11:15,1.0982488499999998,NORMAL,TREND,True,True,1.08223996059518,82.51558697423438,2.5125407463387353,0.15510891297484997,0.44356465339660645,0.008484999998991837,🔒 KÂR KİLİDİ (+%1),KAPANDI,0.15870833333333334,,,,
SUI/USDT,1790335800000,2026-09-25 11:30,1.1425709999999998,NORMAL,TREND,True,True,1.2718422131936873,88.0866055011545,4.21434339446612,0.20248499526166142,0.7363765239715576,-0.026462500000973593,🛑 STOP LOSS (%-2.5),KAPANDI,0.7752713888888889,-0.026462500000973593,🛑 STOP LOSS (%-2.5),KAPANDI,0.7752713888888889
ENA/USDT,1790335800000,2026-09-25 11:30,0.24222105,NORMAL,TREND,True,True,1.3506936258982083,81.4963628293167,2.9477086098719627,0.18734673859735174,0.6094990372657776,-0.02646250000097354,🛑 STOP LOSS (%-2.5),KAPANDI,0.7934552777777778,,,,
SUI/USDT,1790336700000,2026-09-25 11:45,1.1341667999999998,NORMAL,TREND,True,True,1.346031912256853,82.69483934435151,3.0598588163275102,0.19238455874618698,0.6094990372657776,-0.0030834555350258567,💤 MOMENTUM ÖLDÜ (YATAY REJİM),KAPANDI,1.5,,,,
ZEC/USDT,1790459100000,2026-09-26 21:45,1674.967065,NORMAL,YATAY,False,True,1.1120485709842798,82.09413052339683,3.7690470890640895,0.09448875523012568,0.7502904534339905,,,,,-0.009069971293317956,SIM_ACIK,ACIK,1.5497222222222222
QNT/USDT,1790461800000,2026-09-26 22:30,131.375655,NORMAL,YATAY,False,True,2.294332346419981,76.33172756309291,3.3086614476854077,0.3507869560744781,0.9265214800834656,,,,,0.12596741717907667,🚀 MOON BAG (%50 VURKAÇ) + SIM_ACIK,ACIK,0.7997222222222222
QNT/USDT,1790462700000,2026-09-26 22:45,141.560745,NORMAL,YATAY,False,True,2.538558272020196,84.35980250292916,4.408981528580751,0.44451250638080664,0.8629759550094604,,,,,0.06854935317890716,DİNAMİK KISMİ KÂR + SIM_ACIK,ACIK,0.5497222222222222
QNT/USDT,1790463600000,2026-09-26 23:00,143.36164499999998,NORMAL,YATAY,False,True,2.602290468281903,85.32259493728857,3.3492104146739585,0.4669328419328418,0.8629759550094604,,,,,0.0798736658948436,🚀 MOON BAG (%50 VURKAÇ) + SIM_ACIK,ACIK,0.2997222222222222
QNT/USDT,1790464500000,2026-09-26 23:15,147.943935,NORMAL,TREND,False,True,2.636748035016191,87.40688456982565,2.7728762239435167,0.4870273531777958,0.8631578087806702,,,,,0.07460997074559136,🚀 MOON BAG (%50 VURKAÇ) + SIM_ACIK,ACIK,0.04972222222222222
